filename,class,content_hash,split,duplicate_count
2022-06-08 14_08_42-Window.jpg,Astrocitoma T1,1ee42f715bc7ec3488763dcc60f3c503a0efe380909be93b5352a835deacf48d,train,1
5dd45cbce898b8de1223d43f630138_big_gallery.jpg,Astrocitoma T1,8745323506c4e1a84f924ae6539ce4d60a8998f9261290e6c1cf08a596454d65,train,1
f03800855635d6119a5f08f1576a46_big_gallery.jpeg,Astrocitoma T1,9ed70a1e7cdce2a3634c9fe4ecbfc5afe30c5a19499798458005c4e7b93fb1a7,train,1
astro_infraT (19).jpeg,Astrocitoma T1,e5b0a4e1e1a405ec7a1d4100d6aad501334a4011fed4a290efb7a66bfb03e343,train,1
astro_infraT (7).jpg,Astrocitoma T1,34e46be87566c11d1705ae329ff699e33fb2f7f90f8baa5f81b1da3db6b6e0e6,train,1
48d4d49cf6219a4fcc1d25f4b5d620_big_gallery.jpeg,Astrocitoma T1,5abedd174db6613c4311400138bcb0223c917300fdea98e48d5197a2ab89b0f0,train,1
e57ee7b7e9fb01a4fde9fbe8b58c65_big_gallery.jpeg,Astrocitoma T1,6cf1e2e00cff5bc70d27b6829f5190f462dc17038d2fe964df9ccdc90be58cb8,train,1
01809e58d2c1e7fff56cc5d8520f5a0500e22624a400948250b05f2ae0a1f177_big_gallery.jpeg,Astrocitoma T1,77608fc507a6d496ec7c1497a665999e893f74c5ef85106326ef4620d044d711,train,1
fbcf8cb4dd01aa28f76ce84f25e547_big_gallery.jpeg,Astrocitoma T1,86e7b6b4f0f3b47b1a33be01c8bc631c98a398d963f90a54e12c800da21d2b1a,train,1
64750f7d7ab568cc3b88d04cc9028ad90296e5b7e979e3bc41edb270b34080fd_big_gallery.jpeg,Astrocitoma T1,bbe400b5bd23229b832cac8a0a53f33228a4c8b06ff521d54e0c988488e1f5f5,train,1
astro_infraT (3).jpg,Astrocitoma T1,f35251e118f762525da14cec3e61010d290bef6ba0a4235251d8223242b03ca9,train,1
bd4d75c923746aba971e0774851a81_big_gallery.jpeg,Astrocitoma T1,6996d08eea50d0a909c41cd8d95eafd28a018697cdab9d6563f9311bd9922cab,train,1
f171a4d824355b3c61fde111a79a08_big_gallery.jpeg,Astrocitoma T1,e55d1df249deec811800ec779aeebe4ec94aedb4010fa4132c37d6c8340a6d38,train,1
d2975582193f17c4832270cf3659353c37ff2e2074edb5708dc527ce4d6bcc78_big_gallery.jpeg,Astrocitoma T1,4c4fb7428451a9afe07e978e3d88cefaf9fb6f430399138be35dd54926c9f810,train,1
6669a4ee5200b5dad7fd98abed28f2_big_gallery.jpg,Astrocitoma T1,6fcedf3771395d07d8798300338f3d4274689ed9bb74a4b6de659cc2d1d64d3f,train,1
2022-06-07 13_30_11-Window.jpg,Astrocitoma T1,d1832f44ec0e38a918198a11bec1393fe4ba068fe1b3ae153eed7a1ba6645c3a,train,1
b2a4200ac754e2bb6da243297b41d2_big_gallery.jpeg,Astrocitoma T1,27a15df7388b721541b6f56e51ad0362e96548a8db6fd9a2ac51ec17ad159cec,train,1
9cd1d55e9db67b7409a0a455ce8b814364b75b5dca4c3e348ce91839b57756bb_big_gallery.jpeg,Astrocitoma T1,20a3a607e8ad212faa789507f7d903e9c6109b0bb87d3dbce972efbc64d16c01,train,1
681b1ad8514075a0b0f80a2b59d8e6_big_gallery.jpeg,Astrocitoma T1,64a8f291ae3bd920e1977ac1d8b6c845eb6f6522dcdbf951adeec2a76b8c54e7,train,1
astro_infraT (12).jpeg,Astrocitoma T1,424be9421c182b8cb85f756df1969c8efdf6d6029be0a1a56ac33d31310ce31f,train,1
1ddfe350879837a569a4dc3c4a8aad07b0894e57aff90f0f3e4d80b47ff818dc_big_gallery.jpeg,Astrocitoma T1,c7914cb3ebe15c56ea71ecf2d556cf8acfd0e956bd9f35273473babdb97c32f6,train,1
343bbb51396951ea6021ff613bb554_big_gallery.jpeg,Astrocitoma T1,68deb5ccd45e24e0b324d161f5ebea63d449e20a6f8ee0d2191541c4e75f2091,train,1
astro_infraT (26).jpeg,Astrocitoma T1,d6b6b7d1ba66758a8af37f092e5dbb0ddc2ded30781b09bd6e9be46706547a91,train,1
943644f925eb30ee075c4169e61052_big_gallery.jpg,Astrocitoma T1,c3173ed0851259b782bfe14353f81c098b187692c24c07e091340fa0f0510c65,train,1
astro_infraT (5).jpg,Astrocitoma T1,6ae171be1d09a974f8bb3c9c42ec886917188cc6e93041e59a72a2878f1d62b0,train,1
2b3807ee746d48e1ef3e694198c6eb19c41303f767b0da46365c6812911a17ed_big_gallery.jpeg,Astrocitoma T1,d1faeae7a2b89bcdd76f37a0ee54122c41e82f20f68fb8d0dfb2b475114e8695,train,1
3df00c7203fa635752f31754393349b8c3be8bdf571b3665f41ec95de9d6e9aa_big_gallery.jpeg,Astrocitoma T1,d53b93d99f0f80f14a9fda20975bb6b972d31026876c9ca83c30dc798df6f4e3,train,1
2022-06-08 14_09_10-Window.jpg,Astrocitoma T1,2490cb28f23e7154aca05566ea22599551b59ed34a715355ab6d3f93ae553339,train,1
2022-06-07 13_30_03-Window.jpg,Astrocitoma T1,150a1946f08a9f6c6b8a3b6cfa48b51c28b615a77c02f58b07bb95a1ac37dd8a,train,1
astro_infraT (28).jpeg,Astrocitoma T1,8a8c09d6aa5bbf0691680cbb821371b9b2c14f4945e1d11ab95681613b7e5d7d,train,1
astro_infraT (8).jpg,Astrocitoma T1,afc4722ec286ea2b3559b36e0f4be917089d087d75fcd66630081b749f5471fa,train,1
38f5c37719017868f47cd23babddb5_big_gallery.jpg,Astrocitoma T1,2bc3091b3a96523160c39f79727dae28bc31502cf137cab0e6ced8cbe9e35531,train,1
005_big_gallery.jpeg,Astrocitoma T1,510e364d9bad290324367e7fbf8d4c9040a45f784a27949a8a459429e6df9499,train,1
ff029a6f1a75ca2da2d9369d65e111_big_gallery.jpeg,Astrocitoma T1,ad9522687a98effede2bf8fb18cfe60bbae6e9a54a3b0389dc4c958fb4196838,train,1
astro_infraT (8).jpeg,Astrocitoma T1,a51d6ed8d334c2ed11f0bb7755769c9fcd5ec453104c5885aa13eaae3e3ad0a8,train,1
8d915e2bda593325d7dc7a303e26d9b73ca545cca093e8285f7bb342de82d846_big_gallery.jpeg,Astrocitoma T1,53a49724793c3021d7d57f3fc619fe99c9008d7c4169c26d7f8690f58cb02171,train,1
49fedd0b4aadf0c647db73e8597b6af95730f86509b373b8f9a8c1852d213d89_big_gallery.jpeg,Astrocitoma T1,c0d087f2dc53067970f28e5b2713d46173c754a4457fb5d271cc4e2cec27d759,train,1
astro_infraT (23).jpeg,Astrocitoma T1,3e252c0345cc54e2f571251f48c00617ce472548f6256060f18d73ee3b1a5ba2,train,1
8ce467b5cf167e2a955a6513b9c4a0_big_gallery.jpeg,Astrocitoma T1,9723bd7b5261defdd50f521127a3d99fcdb008238b09b39135f51203d3babdfd,train,1
21f6536be916e9421c67b843b97a4c_big_gallery.jpeg,Astrocitoma T1,daa545efeb63421f09d33f07b3fb1a9f5f31298f4696bf1bb7f9d942c276d000,train,1
4dcde8c418d6ce337020b17fc9bd1452378e62208ff2b7dbc39d486a36829bd4_big_gallery.jpeg,Astrocitoma T1,cd9df06675f5f08978aeff41b8bd8bc7ebd14a8be76ea49bf089af5bd23b65dc,train,1
efedbc88b26b2c80da45d90ec2ea51_big_gallery.jpeg,Astrocitoma T1,db539ff93be4abb430d060e28e049a36183a65a92ba8d9e6d589aa80ae6e142e,train,1
73b16a482cc4803943c2a2e56665ea_big_gallery.jpeg,Astrocitoma T1,17cfcd6dd0788c6a69c010468e9f8f31260a72afb883224b01afb804851bd57a,train,1
astro_infraT (9).jpg,Astrocitoma T1,19b066140aba3ee22f469ad89148577e611d2d05ac12946887fc816d3cb03f23,train,1
astro_infraT (22).jpeg,Astrocitoma T1,31fc2827fc41cfbf3626d98723f7552742943ecda6597875905881844955e7c3,train,1
02df132a56dfb89ece42ee8d195a16_big_gallery.jpeg,Astrocitoma T1,9d2031215e57993ce7d101c0d894bbf0f273f983bdd0dea02e51b6a44fc52ac4,train,1
astro_infraT (27).jpeg,Astrocitoma T1,f3557635aabf520adf4fcb3269b4bb7d0b6c9284f13409846fba0febc83047a7,train,1
b803759b78a21991ea394ee1f79b5b_big_gallery.jpeg,Astrocitoma T1,061197abafba41a6d9a9b5ec0231ed965d29233da3570324be5006e0121cafba,train,1
2022-06-08 14_08_52-Window.jpg,Astrocitoma T1,6bb30ef3be965c3d6642cfa426210ef5cc616b05025a41baa9c36c8e635d9f33,train,1
ff6d1d923139cf674892deeb97b550_big_gallery.jpeg,Astrocitoma T1,368a61725d9397f9ba4af376ca1437f39efaa05cfdbb3f3e66eea51930a2995c,train,1
1e954d53fb29f566bd2139bd7ab62c_big_gallery.jpeg,Astrocitoma T1,06cd79f57eb272a7dbafedf152c11d5df699d22a7c3d60bb3af86d8e0e8df50f,train,1
b45200459413791ec2532e78108c17_big_gallery.jpeg,Astrocitoma T1,12e82a99167985d5794e5e328ab32036096ec255bef6a1477eb24503fca8ca39,train,1
2022-06-08 14_08_17-Window.jpg,Astrocitoma T1,c32207e81a50b8c3f844361c30128861a307e2a200f85ec6f5e0b69b3b95d6cc,train,1
ec69eaa2f63552270ac8dd2e028e88_big_gallery.jpeg,Astrocitoma T1,7c9bda5cd3fe18eed77b81e45b3978991d7ae65d2bac873dcedc8ff1a175cc30,train,1
ae69e7f2ddfaffeaefae370665e55df2d62eb1309ba41bb60c277d4ee277c864_big_gallery.jpeg,Astrocitoma T1,0328194f56bb991dc14630cde37ca8c7e33189ba09e332c74b93703cff2839f1,train,1
astro_infraT (16).jpeg,Astrocitoma T1,fd3253f6b66748473905dd8721803dbb640a1d40c988debcbca1a6e45c485cff,train,2
5ae77565c80ab37342ee78017d3562_big_gallery.jpeg,Astrocitoma T1,613ac68f7a274f1b2a77f40ef5183e0420c3096cc22ec37eff119e3b1b553130,train,1
2022-06-07 13_30_00-Window.jpg,Astrocitoma T1,c41db06acd40d3ec434b7ef44f486405b161dbf798f7e343ff4e6ce374fe55a4,train,1
8754ae84fef8a6f3fca75fbf627ac866059c7b93516bbdd56d3fe69e93151796_big_gallery.jpeg,Astrocitoma T1,0b085ad10c2076301b44d759133e7d86912c24afe1871d61fc4f7d39c593a7fa,train,1
astro_infraT (13).jpg,Astrocitoma T1,fc7bbfd8f0a91afc29edce7955d8acb3c4ae083f56b7c227d1423276ef86b1fc,train,1
astro_infraT (11).jpeg,Astrocitoma T1,73362668c67864d31556306237d69b47f1ef77530df55a8fcb07164284761f65,train,1
2022-06-07 13_29_56-Window.jpg,Astrocitoma T1,933a1e2b431b044dde5ea47aa2826352e0108ee1f86320853a513b350ec52157,train,1
astro_infraT (3).jpeg,Astrocitoma T1,eceb0bbf770fc345e3be2220e0ceab1b0d88992679bbd2e1c8feff0357bad30e,train,1
2022-06-08 14_08_58-Window.jpg,Astrocitoma T1,a4b5f57ee881d54db8dc887108af99d58ccac20735478125e6bc10f3a6c5ffcb,train,1
2022-06-07 13_30_06-Window.jpg,Astrocitoma T1,b014021c9e187ec4f10592aa24c36ea581ba665fa0465ac6e1774d22d370f2a8,train,1
astro_infraT (13).jpeg,Astrocitoma T1,e7cdb57a57a5f0f1e49930e8eb8bb753cdde3e88908778e855b873700ce717d9,train,2
fa4a29a7a1df280fa6e7aa5a0ad065_big_gallery.jpeg,Astrocitoma T1,83cdb030777332e6df1f5dbb9664241f89dcdbb8d01c770c35b7a6503c75434f,train,1
63c2d3f0bc294a647794429bb8bd54_big_gallery.jpeg,Astrocitoma T1,539aac5508f0aab20006fc5b9293c9fe133b7732d019bca32c63ddb5a8718684,train,1
astro_infraT (4).jpg,Astrocitoma T1,d79118218ecc70cd27d8863d3ca01837f4fbc335da22d5dc3c602021afd68e04,train,1
8ce0ceb4f5d67644463a8c5446a736_big_gallery.jpeg,Astrocitoma T1,7bed208c20187d282b90bddfb1a2bea03d43dbbb16d67eb01bef56cff3eca3f5,train,1
2022-06-08 14_08_27-Window.jpg,Astrocitoma T1,fdaefee825782f54ad171a43fb21121d1c8eb36a01163b1aad3471de35f19986,train,1
e5453c06a42a63726edd1a9e069c56_big_gallery.jpeg,Astrocitoma T1,e9dcd8dcc06ed942a23e8094f73ecf55e53d8db4816f7fd2ee7c3d39021ff5b7,train,1
ac993875b9ff6a14aaa1b0bc7a7cef_big_gallery.jpeg,Astrocitoma T1,ec96fa1f937b4a6b0ad1d9b9d82ac4fdc4d8155c7f40a441bcfb63d10b7e8a46,train,1
479832d4a971ef368b4fdc24ab0c46_big_gallery.jpeg,Astrocitoma T1,752f22b31b64963ab6553c8cd5d3a37ff87fe56b1c9c79a9c7c46a64fc9eca1d,train,1
d0b3cbd885fa157b6f1786516874d99b156e0a9dcff8dbe93d3e81d05b4b6230_big_gallery.jpeg,Astrocitoma T1,199759b4a0348762a39ff74d27ee497a746a09ba0324ff42316b07c916742ba3,train,1
044d8d9984902ca03e652a6f042c57_big_gallery.jpeg,Astrocitoma T1,47c1d49b599c7223e8dcaf644e9e44642f63e787f625b0ec2db5220b3d51893a,train,1
e8fe333675743676ac8a1fa2c92f809c4cda4dd29dce7016166e84f632a82f13_big_gallery.jpeg,Astrocitoma T1,cfbe4f59fbc76ce3d8e57e8efe8ec82d65f90c6c62ebc1e12e1adfe90eea0ce4,train,1
f836ab84f54f63e69cc2b9e73c48fd9c1dc7efcf2dbca61d26a2cb72196a4662_big_gallery.jpeg,Astrocitoma T1,c0fff305febbd2ac74c40a03fa49ef5b8b3913c5c068e7bc0aa30173cab01f03,train,1
27e41019c9b6fcea84c7cd6c3b084a_big_gallery.jpeg,Astrocitoma T1,8c59fcfed58eba076dbdba491185d592842ea4b8871204d21e2eaab78c8a2dea,train,1
IMG-0008-00012_big_gallery.jpeg,Astrocitoma T1,ca8e231a84f4abcf2d39fbd2b9256324f9166fbf05f7eeaa513755d3cd84b4f5,train,1
c0bcfcad2d83661c11d9a537cbbccf_big_gallery.jpeg,Astrocitoma T1,06e9b2920abfee7fd7e6d9f1b2dc857821049acd09cbb837ed279792f1268028,train,1
af2f1d6497d150ad7655f2828abba7_big_gallery.jpeg,Astrocitoma T1,020bcef7b765d9c4cf99bd8482913c3d41dc5d5a8c3e29195d8b9cf6df267b3f,train,1
astro_infraT (1).jpeg,Astrocitoma T1,25842b7f6077534faba455b54baeed09cacf72cea6fecb3eef0ae1abccda4e73,train,1
astro_infraT (14).jpeg,Astrocitoma T1,7c9565ebdac3ebab25df210bc5ec38450d4d6cb87ff37ebabd29db64b326a40e,train,1
f1f6b08cf4b29a76414ae74fd4d67d_big_gallery.jpeg,Astrocitoma T1,ec3bc943f14082684f17164283a62b8f99954d978f7d2a29b3bdc60facfc3b4c,train,1
astro_infraT (11).jpg,Astrocitoma T1,195a9a0cd976944a7d45ab674ac4181c6dd91989df691494b635be25c197f262,train,1
astro_infraT (6).jpeg,Astrocitoma T1,54ff3303c64edde229b6e9004753879d63796f69df829c8bb423d654801308c1,train,1
7193356b9c1be218b7e77f31ca9278_big_gallery.jpeg,Astrocitoma T1,413831b312fc6f1aee91ddf6d0a43930503f7182d6c74d0c03eb18bf58266aca,train,1
2022-06-07 13_30_21-Window.jpg,Astrocitoma T1,76db08c7386c14a6effc3f6ecf98b2e66072fd13bd3429b9fb42621caaeb99b0,train,1
astro_infraT (12).jpg,Astrocitoma T1,95de93d5c78a386418226d64de9782def32cbbe977f7cae161ede10bfd761114,train,1
9410051bb6b9ed4bfaa291281bea3c_big_gallery.jpeg,Astrocitoma T1,c66b52b7b1933ad1e4624e7262f7b1c8c123f754e901b52e6940dc2b50f1a998,train,1
18e851456478d638929d5109489574_big_gallery.jpeg,Astrocitoma T1,9c236f682ee29b0dce09e0e7a067816e64c32e835c2259c61c1e299b0d6b7955,train,1
9cc218d5512886b25e83c2b496f8c3_big_gallery.jpeg,Astrocitoma T1,83d128875c9ca4da5a109f3ce09bce0243de7c44e6bab910f1f17b28a14f0e79,train,1
c1e786324abadd7bbeaf5ffb0a975a_big_gallery.jpg,Astrocitoma T1,8aedda43255feeaa2779d2c140396d7caa805e18211960bd9a340c2b12606e8e,train,1
aaea4b69bb7433832921aca8f50ac72132e16cec884beef59c9dda3403205515_big_gallery.jpeg,Astrocitoma T1,2fb0dc24edf91b14568bd448692bb214a531d75fdd7e4adc44a9870b24f2e921,train,1
2022-06-08 14_09_02-Window.jpg,Astrocitoma T1,ebafde10f3686225c0c7920671c69aa8d21fbfec25cdc90379801f022ff38d10,train,1
9eee2a4a464cd008d25868cc48106c_big_gallery.jpeg,Astrocitoma T1,138492ee51d4c1902c449ef82bb4ff1f5b94b70858b491e2a74b3bb591318d95,train,1
b74bb1db0477ca61b8b626226503cf_big_gallery.jpg,Astrocitoma T1,affff2b6045432afe8c725305cdd071dfde983c7bf74fa32fbbb223899b74618,train,1
3a5be5d34a857fe9a4ce1e7dc03779_big_gallery.jpeg,Astrocitoma T1,49e4f1cac5493705c1e1e90f5423ec0ba4a7633ecbb3c71d877a7f8fff62c36e,train,1
3cb4d3297725622308b79ef3cae91a_big_gallery.jpeg,Astrocitoma T1,9f920e1dcd90f6763f1a101c2c5ef67a42e22a8eb2aadfc93b18b599f403180f,train,1
2022-06-07 13_30_15-Window.jpg,Astrocitoma T1,67a3f7641397eb531ec8299023eb21120e8af2947c5c2a6fc22282641f7eb655,train,1
astro_infraT (25).jpeg,Astrocitoma T1,61b4e88de3368e90881a4306badac7cf7b6a59621011dbd15804575e4bf57f99,train,1
9c7027b23e3bfd288ada0ec4d6d33d4f92af26ebeeafd69d5f263911289056b2_big_gallery.jpeg,Astrocitoma T1,6036581aed5abe31cb1542b30061bbdba9cd78205b70b492cc3d686f09c78dff,train,1
56920d2bec52cfe05f248857120d54_big_gallery.jpeg,Astrocitoma T1,dfcb239555003284264b61398dcd2d1d640ec3f8a6fa08348f3882c520415e87,train,1
fe1ede04685795655bce5f9a3996cb_big_gallery.jpeg,Astrocitoma T1,6522ee37ab2071f16ca9c2a2a33d87fe8c438a2facf1d87f20a6e637869e5b55,train,1
3cd4a51d96453d0da7065ed5f6f8041c3a11b1d3ad04784c6b5d8b95c02e3f07_big_gallery.jpeg,Astrocitoma T1,3300102018e84113106203b4d60bf8d1bb980a83393afa12e463f60eaaa48445,train,1
1d0f25e228a7078503a9f0c97ea738c5eed46c3de3dc3215b60c8add9aa77a62_big_gallery.jpeg,Astrocitoma T1,75107c89dd2fc9d1ae001d1fec3f1be21036c25064ad163a5646eaaaf70646b6,train,1
astro_infraT (18).jpeg,Astrocitoma T1,3f8a43ae02509df86e4de83831f4594b5f641cd77c45f34a948a5160bfa7e7df,train,2
astro_infraT (5).jpeg,Astrocitoma T1,62189f6d3d5b764b29b3d2d4ff0933e9184df52b382604b1fe1e5812b6589c44,train,1
astro_infraT (4).jpeg,Astrocitoma T1,d14ee0018316a87615ff2c872487014a8bf3a914582346fb1963d18057a051c0,train,1
astro_infraT (10).jpg,Astrocitoma T1,f329be184ee1acc248fda0f65a70dcfcc7f699ac4e3b2ceaeebfc3d9887ea963,train,1
2022-06-08 14_08_37-Window.jpg,Astrocitoma T1,c0de0e504af842ce536b303c2b7bba07e93d7285ae8c6645ea5c49308daf272c,train,1
9d6beb444f3e559a886d06a5d84bc8_big_gallery.jpeg,Astrocitoma T1,f763b1225d6757291ab38a3ed0cbb604fe8777e9e611603dcdea63ad766e688f,train,1
05899aa824a60c863097d3c9105009c18e25246abea155839c216ceab0273a18_big_gallery.jpeg,Astrocitoma T1,6f3214c1fc4540f746de17d76e9281341a7e2e79d95d1cc0bfa8e42d09f59f0c,train,1
f8e362fc4e466f29dec486110115d6c2b432bab9a59c507926bf5fef1c5ac2cf_big_gallery.jpeg,Astrocitoma T1,962533bcfce22251b762bf7ca89d7cd3f8c43cc04134ceb683b6653261085346,train,1
ab53f8d054f855aa740b38b473a963_big_gallery.jpeg,Astrocitoma T1,2c13cc8b456ffa7f1a69eff224cf778159a1f71533a396e927c2160f1f35dc32,train,1
b1dfd61cc8b1731e0978c20f1564f6_big_gallery.jpeg,Astrocitoma T1,6e08f116a841f977dfa09fc91eb2e09b9b10f38ff17c8c33ca557bae6de5f778,train,1
8ac59f9287fb07a2c11ebee729c163_big_gallery.jpg,Astrocitoma T1,70f73a268bec20ae6e4e6362696acbd8141d0d3b363dd1f6587b74fdac00c590,train,1
3b964803d1f2f56863ed34328867ef6c048592cbad014c82c6ff128deabedf64_big_gallery.jpeg,Astrocitoma T1,505a5ac4ca1af7fef2ccf292675f51acac369b535408d8a130a5690891869d72,train,1
astro_infraT (17).jpeg,Astrocitoma T1,8bc99216cf438df610a8c71ace16dd38bdcd75453dc4d44c25ecd2187c4003ce,train,1
astro_infraT (2).jpg,Astrocitoma T1,113edccf36f340ac24609e9ccc12d770fb7f3279f3dc2c8c114c6751c634162b,val,1
97d594672e80a8aac46b1046de2474_big_gallery.jpeg,Astrocitoma T1,17eb182feed215c0659285061c3e574d7e2e86d4bd0d86464a92fc53c57d5cca,val,1
9b349b50dfc6d6db5f93d2f07317112c06fd8edbb2ff64f1dc752860635e98e5_big_gallery.jpeg,Astrocitoma T1,aea3803a090314c9e1ac4495d4398827a87c47ad01851f623ec219e466bfa83a,val,1
astro_infraT (14).jpg,Astrocitoma T1,65f4ef210873a2b82c0f6f6b72991d2205cf1810584cf3bfb748746666e6a8e2,val,1
2161eeaf58985bd91252cb8a2cd662_big_gallery.jpeg,Astrocitoma T1,4b3108ec56ca496d50e93a68745521cedc4b222763f54ee17315470a92641f42,val,1
IMG-0008-00010_big_gallery.jpeg,Astrocitoma T1,bcbf406766953be09e54665966efccd28c56ad9f123bb5943fe790314b188ade,val,1
1b829d504373126112d3a30ca488a6_big_gallery.jpeg,Astrocitoma T1,0e093687254a556bc794a9979814b88c5e541e4c9d89a648046c4ed941c148ab,val,1
astro_infraT (1).jpg,Astrocitoma T1,e1dfa864b28490c7d65751c534213c180e36e7ba8247cbb7bff23fc8c780e28c,val,1
2022-06-08 14_08_48-Window.jpg,Astrocitoma T1,a7ac91d52d0d11adf4f2f606d872948c8e3d36b299cc4c6da784e1d3a1596e9b,val,1
astro_infraT (24).jpeg,Astrocitoma T1,a60e2127c13badf8fadb88047f3740b0812aa4ed907b6a49fcb02350c32fc369,val,1
1c0238417532d40ffca1c260427b39_big_gallery.jpeg,Astrocitoma T1,ae395e649af066c3ba8a5581a423c1e61cdaa641187abcc5cd1fad2afbda2e67,val,1
6bbe3a2a8f2dc72c73bca7f43af0e1_big_gallery.jpg,Astrocitoma T1,6bee80cd08dec6dea8a4122917f9813c76371f77cf846b5e2c33a069f97b540b,val,1
a6b11564f1e8d13fe13d7e940b87c9888398b9e0fe725a9d6624e46dfe18d929_big_gallery.jpeg,Astrocitoma T1,e0a3656195718ae75ba8c0b5853697c7531d3f8f5b6285718863cc7533a0aa56,val,1
ab79c8df3e061b384fed723673e83cad4445bfd967934ce9e2a8a9e611dc504c_big_gallery.jpeg,Astrocitoma T1,9bca124d7833058f485f120d62021f763cb50acbf9b90e844ab4aeb2d7a0367e,val,1
2022-06-08 14_08_13-Window.jpg,Astrocitoma T1,cd16799d812f237ce6b471f15a2df1ea167fbae1e0acb485203ab04c81fc9004,val,1
astro_infraT (10).jpeg,Astrocitoma T1,2ff549497aee69d06a0b279b39ee3de851991b53a9de90f4edcf92ff841c8723,val,2
f3b0ffe65706f3c0d9312ef8b85f26_big_gallery.jpeg,Astrocitoma T1,0b8f5021e4f7724ef5e7af33dc22e88827ec372216e9f33c67f09f7d38b3315d,val,1
fe14d86f1fa361c2c812a92560fe46_big_gallery.jpg,Astrocitoma T1,9fdb0af596b4c0680246e0ccc9fb32dc30b16961bfe0e1c3da25dcac5ef6a4b7,val,1
a1145db983858608e00bac78448b927cd07dfb7d5fdf8be68d7d7bbe37bf0df1_big_gallery.jpeg,Astrocitoma T1,6efe88ed2616f2f2262f76349e7549f15c36650318ae784f2c7ae65d037bdc20,val,1
f3793537c40bdde9b0e1bd82bb194e_big_gallery.jpeg,Astrocitoma T1,9913d2e862c4ca8155ce8bc56166e85e481ee9f7a9c04607843251d61d50f044,val,1
23ca86706b1bf7e09a06a53425b5987d04ce13e971dcfe3a78fe595444524ef2_big_gallery.jpeg,Astrocitoma T1,91d81bbc88d8ac226486697b785e549c6588951443a5424a8d02f4b8bb575eee,val,1
da4b5a7eaa32abcceb757ca85597c3b4d0adc63584d214e4721ed2e7c8154082_big_gallery.jpeg,Astrocitoma T1,9a55a673126b4c50b6ec5597292560d9ca64fb3d9502d4e004fb9b376ddd3fca,val,1
a1b8fc68b13528c5ca99054d07ec52_big_gallery.jpeg,Astrocitoma T1,e62eaf027e1e4c18a8c52da8652ac79c77defe9d85a1e54e240e451a1fd95e2e,val,1
fa1e1dcca3fed9e2948c3fcf24166685c9efd1646a427c20f6910a01d288b0ec_big_gallery.jpeg,Astrocitoma T1,057074066009bbdf29db2e0f5747dec2a05d34f248f25a9d866e1c3e277fe9ef,val,1
2585d4f77e807d071b1eda4c9c2efd_big_gallery.jpg,Astrocitoma T1,ef58721461d830ce9a7042aed83ff65bdc1eafc9beaa21ef4011b3ad6def27fb,val,1
006_big_gallery.jpeg,Astrocitoma T1,5ff42f868df2a67bd85aebd152a53a05ad1820e17907091d15a871cb8f2cd9f9,test,1
7bc081f4ac46e4b417377320f7a81c_big_gallery.jpg,Astrocitoma T1,9852346b2bec8a74e909f60e80c0b0051d778d40fd030b0d39acbf3644ad7914,test,1
astro_infraT (21).jpeg,Astrocitoma T1,0c0115f5f162edd97e5abb5c8b8d32a607017ec0cae796fec73da7f09ec0cb15,test,1
4ecafa2fbbc3779d0bcee7405fd525_big_gallery.jpeg,Astrocitoma T1,4a50c313c26bbea02627fd3d636006808be6b4321cebd53ab4a120350870de83,test,1
astro_infraT (15).jpeg,Astrocitoma T1,166e2f869e8a41b9acf59d9ad8c7b5be53ea42b050f7d90fb1981fdb0d85781c,test,1
IMG-0008-00013_big_gallery.jpeg,Astrocitoma T1,fab19652f8fdb3f3744ba1f7dcd77af812fb957a7f2cd8dc55fa0d08df080850,test,1
3f973d50f0905577f557158b298419_big_gallery.jpeg,Astrocitoma T1,e165e01dc95a8a8fe3af00f679da1a8fe77598f59f7e5b682f4fc2afe50c0000,test,1
c5225ae3c0e2494a42a5c4f80ba828135f8308ff59584d2ae479484c0027f52a_big_gallery.jpeg,Astrocitoma T1,ce035a56d6bb74e97cdcf054f0b03d67c8282834a8fd70a8fd8651bcec257e96,test,1
IMG-0008-00011_big_gallery.jpeg,Astrocitoma T1,e7ce94c0000e494f4aeaba33fc9f15027f35f325ad6eaae785ba340bfbaf9f0f,test,1
astro_infraT (6).jpg,Astrocitoma T1,ca3ce7a254d469f26887f178dedea4cfb81ea678f40a9ba4385225ead0c81500,test,1
591334e34402b7e2a4b6ecc917d882_big_gallery.jpeg,Astrocitoma T1,ce9979eee96262c02c11be05d664edeb5030307cb41dc298f60327efd60dd39c,test,1
4de07801000419b485f051ac145b40492455f7c1dacf5d5e16aaef9b9ad7aba9_big_gallery.jpeg,Astrocitoma T1,c3e97e2de0a75b46945552684b98eb5700a9592c544f5f95daed561a638ac997,test,1
2022-06-08 14_08_08-Window.jpg,Astrocitoma T1,afb0a8be0ccc5c1178dcbec19545c62312b62e29850729e04a5f006ea15ff12b,test,1
0fbe78c3db179f94296e3b3d8c05fb_big_gallery.jpeg,Astrocitoma T1,0be5f7f9f469c4b3566d6f4c1d4713e8023dd8cc112b068f401092ead04fd6df,test,1
1492ae4325c115eccae71ebb3e995907dbef123dfd9ed8a32d7f8a64bb03115b_big_gallery.jpeg,Astrocitoma T1,f8a2197db7dd103a4f38756d286ce1bf0142e2083658e5daeae8e27b627ffcdd,test,1
astro_infraT (15).jpg,Astrocitoma T1,f825154e80a4c6f3693729b0170c2f9ed9568f10098c813bb86e1040a2502bb4,test,1
ecdcc3c21e5bb67fd86822053b178c_big_gallery.jpeg,Astrocitoma T1,7c63949fa2d01d780780ec7ad05f9e2d698860d285cbffe29259cd58b9f6d0d8,test,1
2022-06-08 14_08_00-Window.jpg,Astrocitoma T1,b18803e790b2ccd210a72f55528e066658ea3c176bc7cb4ad9c800be1532c47a,test,1
bb2fc6373aea3fa34d1959dcaba035_big_gallery.jpeg,Astrocitoma T1,0addf93cd16587429ce1696333e37ba4ab557e735edb2c71c21d52e5eb7e2133,test,1
2022-06-08 14_08_24-Window.jpg,Astrocitoma T1,4fa9d9ef38f121380a3586f9a0c840c5507e88723f080f257cf8baa7ac75d2fb,test,1
2022-06-08 14_09_06-Window.jpg,Astrocitoma T1,d44e1ab93b06051f4971780bf43c1a94253e1b946a45f84172214b7ca4bd1324,test,1
568294f15d3bbd1061680d6ad02c4fe2bb042685bdd942a7684d56a4669d6ce8_big_gallery.jpeg,Astrocitoma T1,8eaddf9e95f096c521120d1d787efd02a0a8f054b4098d7b99d148471280c7bc,test,1
6360565ead6aba132f97a626c164f717751af5c05d30531c1d9ecf41c3344231_big_gallery.jpeg,Astrocitoma T1,ec7f5b939b3c70b1b27e7fd55816a8cb2684491ffa64979f8f619b74277ce2f3,test,1
79eacdd1d292b7aa796e2e46f7459e3879eea4ea6a860b745ad42167cc5093e8_big_gallery.jpeg,Astrocitoma T1,7a048e0cba6d1f7e44d5aecb24fcee5771958e83f7d0ccf71edeb75984436788,test,1
0c14dccd685d7ce330d14fa7a1f53dc756e73aff2f03afc1b09a7efc410f1804_big_gallery.jpeg,Astrocitoma T1,eb96e81000d146cb427a3abd670112349cfe6167eac8df34c7678d19fe7ee358,test,1
2022-06-08 14_08_32-Window.jpg,Astrocitoma T1,000fe6ca3368d5b1d1172e9930bea2a1e2df08799707eda884ddcf9fb715aa2c,test,1
fc81a11d87a9f5cccdca7bda3460e8_big_gallery.jpeg,Astrocitoma T1,4cbcb40037fac754c74b5b6ae3ef8143cc00636655ebe75480f35afd29d2f861,test,1
639c4841746e227e807a6c5835ea1a728c7387811b0378061b2d9a01311f39fe_big_gallery.jpeg,Astrocitoma T1C+,73537af0832737341a76ae162bcedda056af3f3be28dfcba6c9affecc31ab2e7,train,1
089f17dd5ba4e641f5b38afb8af918_big_gallery.jpeg,Astrocitoma T1C+,233a85fb41f88d91e5675a05db2119966247a50c21b9839b0b39d40b40acaba0,train,1
2022-06-08 14_10_55-Window.jpg,Astrocitoma T1C+,5804dabd192671ea29f4ce8364480c34087f3a156d43869f8baa3afac251342e,train,1
IM0009_big_gallery.jpeg,Astrocitoma T1C+,eb47a5ff889944030cd264928fb176ac337131a3e24c1ba3f615aab8e51c1f8d,train,1
1f1291f56ed59c15a34e1d62d40f8f94bfbcecefd622850ad02d5392db3ec492_big_gallery.jpeg,Astrocitoma T1C+,ecef54b18f7eb168f1083cb59f41319798c8ea71590c56238eddb80b5196fe00,train,1
2022-06-08 14_10_51-Window.jpg,Astrocitoma T1C+,e8e631ec73f8f95ce35d15bda781a079edfc4d4877b491441afca6107e89a55d,train,1
2022-06-08 14_10_22-Window.jpg,Astrocitoma T1C+,148b902283e7b047ed329293769fe1f7a0f2b81a37bb77dc09316399713c404a,train,1
9860b59d64c66533fbb84894b7b5b0dada1edb13128799fd3665c7d552e11caa_big_gallery.jpeg,Astrocitoma T1C+,b1d49a390d62dab37908813dce1134bf9a08ea3dc65e56aeb77e7bd93fc1c257,train,1
2edc178e22abc48f3deec450e74986212accc656577723dee83ff41443c115b9_big_gallery.jpeg,Astrocitoma T1C+,7ac37a32e1bd8d36d853b9c65b8e54f4c59b2404a4f8d83fc189a8ae10ef574e,train,1
158c06b16914d216641ccae5b41c37_big_gallery.jpeg,Astrocitoma T1C+,b1878f86db71b85ba7f73be13071602e96d4d3fc51107dd9db4a6c06661b7393,train,1
009_big_gallery.jpeg,Astrocitoma T1C+,e2ccfbb37435dc5e03d411fca347ca07d22705fb1ccb079f453ab6e8668024b6,train,1
IMG-0010-00010_big_gallery.jpeg,Astrocitoma T1C+,48846421ca028e2bc1c4971ec8821c315b416c0178485f0b89af0491119f089c,train,1
e5f6480fbd7d4de34999f88423b68b_big_gallery.jpeg,Astrocitoma T1C+,8be9c56a113e3bdec705bba4725dffb43ca51f7fe3dbf5e48b049167fd48dbb6,train,1
68771a9754bebdd6f9718a2fc07356_big_gallery.jpg,Astrocitoma T1C+,dc7f39fa6757fae79e0b035f57da0022541e471ca641a52d3bfae95df43536f4,train,1
4380c1f6c67bc3bce6094a1adf5e1e50c3f38a4344d011da09335e0dba4e7f73_big_gallery.jpeg,Astrocitoma T1C+,aa64c0f523040ec49793c0bb57e4c3ee03ac680128f13821837639f60f3977fd,train,1
IMG-0007-00011_big_gallery.jpeg,Astrocitoma T1C+,9f2841aeb893eb75f127f5fccf8aec0df0b20da003e42f03b334278012af3a25,train,1
1eb857898f23c20fb29fe1df8a89b7_big_gallery.jpeg,Astrocitoma T1C+,26b7255d7547ff68226a5e2a66b5b5574e43e56a40772e9edddc9291da26f416,train,1
723e5e39ae6dfb80910f4cfd3b271780da35ef24f11d3ae6fec672c7a9231d53_big_gallery.jpeg,Astrocitoma T1C+,d1586305755d8a69d95dcf357efbd7cf153915d3a7660fcfe92f0269c9860082,train,1
010_big_gallery.jpeg,Astrocitoma T1C+,1d9201988ecec425ecf3218c71d803fb412d11f7c486b8a0782c5628bc07ddc7,train,1
378312b8de99a75a4768f21d302eb0_big_gallery.jpeg,Astrocitoma T1C+,7e2d073a3870d5e66c8b4006a58d0d4d3b7b4d3dc9accc6594d38c24e252c450,train,1
377011d71a4bf7f08c8fd7a75b65e5_big_gallery.jpeg,Astrocitoma T1C+,8de8edc187870357ebac7f844c85bff245b214cfb07321bc0667906d990591fa,train,1
7a97edfd6cc75ee08965c8cd85d702_big_gallery.jpeg,Astrocitoma T1C+,e5233f49bca9b9d39fe62973be85023f80ad471142ef03054b6f21db481e2afa,train,1
95_big_gallery.jpeg,Astrocitoma T1C+,e3d24c13b60e74443d6a1f185e4439b59de532692a04f2dfadc110412d329d0d,train,1
6a1edc3d6f743e9ce2cb3e8dbd6916_big_gallery.jpeg,Astrocitoma T1C+,30878adfe003b97fac0a207ea18440ed508bfd31f1eb91401e949b861d931398,train,1
2022-06-07 13_30_59-Window.jpg,Astrocitoma T1C+,6348731dd33da76e91048154b6c2c03a22659b49b8fd589a86503664be76d9d3,train,1
051c1b482faa0d17c60defa984c85ca1b434152acd06b4b53945fbcb9227de9f_big_gallery.jpeg,Astrocitoma T1C+,8c951b022eeeb54601e3a6238033b2ec21f2cfbb2d4b4f522586b4a552583fb6,train,1
e72495685a1ae6a24f06ad79cf7499_big_gallery.jpeg,Astrocitoma T1C+,f06fc18a7e97d739e72ca9e8eb39da51f86a38813ad908937efc50996a12ca2e,train,1
b06d430410724cdeb9c8f374da7fe0_big_gallery.jpeg,Astrocitoma T1C+,0ad5591d8654f8757f2fb8b5f93d9d9b29f6eecb7595d942ca2ab23175d3aded,train,1
107_big_gallery.jpeg,Astrocitoma T1C+,60246a9c55dd2b27b3d64a9a6fd511d4c176be34b3c216d07659a5aac62cefc9,train,1
IMG-0007-00009_big_gallery.jpeg,Astrocitoma T1C+,dd640646d5d259bdeff527afa634034ddab8238c7545a0d5bc99fd1adc03dafb,train,1
2022-06-08 14_10_02-Window.jpg,Astrocitoma T1C+,4c144e7ae5a1efc809ad0df58e727175c70e7482d40efe11ba274da5adef2dd6,train,1
aa7dbdbb98a6e0bf26f0174d6c94bb_big_gallery.jpeg,Astrocitoma T1C+,a9caeca319062544a98741154076c01612bcd7ce93ea5d61e5f0584950a61afe,train,1
2022-06-08 14_10_40-Window.jpg,Astrocitoma T1C+,9a2ccabb4ba3a7fae982ec4d12a903cab8737a38e63b47836398ade83d04538a,train,1
dddc23ca7463690c693deff8b2cd89_big_gallery.jpeg,Astrocitoma T1C+,7b5029a3ef2162bbdcab1ed0693c8d3baf3b0af6c3d46d42f210a703cf6e446c,train,1
c4c55461aef631f362f745567eb818_big_gallery.jpeg,Astrocitoma T1C+,0ea877d07a494f7bb22f066da191daa51c0b8f37227bae339ca3ae2328e0375e,train,1
103_big_gallery.jpeg,Astrocitoma T1C+,96b702242dac8d4111e0b823260bf97cd4d5971027cc443a49e4cdc27f9ee0aa,train,1
fb60cc55c75b125ca987097d2b84f0_big_gallery.jpeg,Astrocitoma T1C+,65a6ec32da4608ed0e7c10d2b657597a46bb10ea94e8caca25f2f55c10c0ba45,train,1
2022-06-07 13_31_18-Window.jpg,Astrocitoma T1C+,e88bd5be189b4db7c2ea30d3b87d448a10302eb1d0c3b63f0ea2eaf459deb794,train,1
f4741348e30dea8d435f7a2b6c3674584d7e63267fbb35d7d8f67ae09594c8d2_big_gallery.jpeg,Astrocitoma T1C+,5769285234e53e6f627bc26f08c16fbe6a079e2cfb911bcea95ccc5944b63a7a,train,1
a70d2a2449e90d01557afe42f28f95_big_gallery.jpeg,Astrocitoma T1C+,a20459885d7f3d7f02007a4d1749bcbd5af108f67be476fbc1c5062948b771c9,train,1
12310d24d848f707ed7674e5e3414b_big_gallery.jpeg,Astrocitoma T1C+,20aef72815e3324eb0371988a5706847f5263354c274337e571f8ea6f93a5d0d,train,1
2022-06-07 13_30_45-Window.jpg,Astrocitoma T1C+,c144f14071657923f535dc6708fd820d48ad2f68a8ffa1c6913fce577461a069,train,1
25047add94d451ee91edc265833d9b_big_gallery.jpg,Astrocitoma T1C+,4ee132bc0eeba485df20cb149168a6b5faa9e20172c7fc9e6db1577a435c021f,train,1
e122d7db9d094f881ec919bac1614b_big_gallery.jpeg,Astrocitoma T1C+,579d4bde0293b759cf5d86fd4e1fa10d8fa6ee4fd9e90fd17c9564ff6d7fae16,train,1
17c12db56fa89df2974e53e2a0ff7d_big_gallery.jpeg,Astrocitoma T1C+,f561bc7282cac6193c5aa97030571315b2bc23caf7aa9f6845b70efb29a1f7be,train,1
9f21b772b0f1ee637fff6f9f5dd9ed_big_gallery.jpeg,Astrocitoma T1C+,619b8d884f937229c2fb99c75f0629e399782f6bfefa4a3bda69f462ae8690fd,train,1
49ebf39227ccc0a8bd40f0d88c4bae_big_gallery.jpeg,Astrocitoma T1C+,5385e3f59d3431cb06dd69bd6e5c9496a7f1e823c5320e12cb336986052d47ce,train,1
IMG-0010-00011_big_gallery.jpeg,Astrocitoma T1C+,af2cceb1af211a92a9a0c818c9b42649bd204143926f0ff167c23a02e95747e3,train,1
ccbc8c7cbdf91e57dd60665856aadd_big_gallery.jpeg,Astrocitoma T1C+,6ff830362ab2e454dfc6c3d0928826b06b0cc03c7c3d3f23b11aebd47b6182a1,train,1
110_big_gallery.jpeg,Astrocitoma T1C+,660d5bb4bcb588c8be172e5d3feab9f3f40c4ed8119600b2812318c1770238f7,train,1
IMG-0007-00015_big_gallery.jpeg,Astrocitoma T1C+,f7b7434b281fa91a58cd29d330a23eb21f308389241441db1c4a59dbcb118011,train,1
1d462b782da501f4711bb35a423188_big_gallery.jpeg,Astrocitoma T1C+,ae84ebfbb70bb365701718278cb60b8322712ae7e32826fd54e90e70d23ce8db,train,1
321bb2127dffe77afcd3b1a750bdf9c52fff844a03c747d3f1e241736b1e0a6b_big_gallery.jpeg,Astrocitoma T1C+,8debd052f945e4aeb623bd0377fbb7ba86840a7ce2a520df10c49ee2f2cacdfa,train,1
a0287325a058f14666d4ef48d28c9e_big_gallery.jpeg,Astrocitoma T1C+,030a91dee7232439201bf3e2412cd3203f635c5412b0002ea6b4f9971a3173cb,train,1
6d6d3f32b292976ae220e88a8a162f27f1f55419cdbcb8fdeec049047be962f3_big_gallery.jpeg,Astrocitoma T1C+,401d61a3ee099fe9405fcff3468b06341b0259d09641740356336376d4b05617,train,1
22a99fea2173f55a349e4b7d46674b_big_gallery.jpeg,Astrocitoma T1C+,f130ce34c4888e90fb67682b5592297aafc8cce00e476d5e8ca477776738052c,train,1
2022-06-08 14_10_13-Window.jpg,Astrocitoma T1C+,d7b05a9496fab4343f13c6089ad47a4c9dd1c4fa5b56d8a341ab1ac1f1aacdc2,train,1
2022-06-08 14_10_59-Window.jpg,Astrocitoma T1C+,4a1c8a38cd56a534ef3ab70820f24b967a43ed956d1004b90676a8262d00f2dd,train,1
1fb76d642372c66de505a65cc14e39_big_gallery.jpeg,Astrocitoma T1C+,cfea7b6548bf7c2b3520ca7649a78a6d69abe250d9c3510bb28f9bf65b97b211,train,1
IMG-0007-00012_big_gallery.jpeg,Astrocitoma T1C+,b01546d63d49173ba29f50dcb5be56cffe0165fe73738df3c55429a3d5f95b22,train,1
IM0012_big_gallery.jpeg,Astrocitoma T1C+,20c268dc73d9b9ab6b2e03f6620b8cf66ce65a3edbad2dafb40433655021641c,train,1
cc4b8de9741dd71c8123909453ad48_big_gallery.jpeg,Astrocitoma T1C+,050235cb7ec5d4ac0b84ed5613bb64664cab4a5064503bae61ead1e44b62d10f,train,1
2022-06-07 13_46_22-Window.jpg,Astrocitoma T1C+,2c30b2aa493a45f73a4f5d97850b61a050a05b690b6f7e191bb146609ce99cb4,train,1
d321bf7c5b7b4d939b0442dc931a07f1ae77795776077ef61aeb30e092351adb_big_gallery.jpeg,Astrocitoma T1C+,efdd66f837ac69ebbe45f0f816404368775deaa4675f156aa2322848720bdb58,train,1
2022-06-07 13_31_10-Window.jpg,Astrocitoma T1C+,ac36f5cdd49433b3ad108919995922bcbf315b18cd154f7bcf91d6347d0f2984,train,1
24f2e6f17285cb6fc9ff59bba7604a_big_gallery.jpeg,Astrocitoma T1C+,f9335b8b81316aba3a28bcfa9d1a4d31c9c7c1a0fe0b2ce101ecab1b96a8c12b,train,1
c8c756a353485e56119b9365b4eeb5_big_gallery.jpeg,Astrocitoma T1C+,ce7a5eb57488c0c8a6eb2b8bd2ae0e04b2371fa1491f808856353118310c51f1,train,1
111_big_gallery.jpeg,Astrocitoma T1C+,a930ac562aff5ee57b7bf732da5e6cf759aea7e311155f42ddf26fe7588b537f,train,1
8e3dd1dccdbd36fc6df5a9f48ddb03_big_gallery.jpeg,Astrocitoma T1C+,1ceb6ad47fc10be792c6bc6c8aa5f0b7cb81ae592334ee13495ffdb97d86ce8f,train,1
53199be6e80adac8bd71863008270d802cf54436f31bc5020a2cc27698359417_big_gallery.jpeg,Astrocitoma T1C+,017b465bafc7fd72d08d0400f2160159e5109821722d68f0f13cf8504642c40e,train,1
5f8cae5b4e1c82ec943d312a18159749dc2f8e7d2efcea3e3de36fab85f7cd22_big_gallery.jpeg,Astrocitoma T1C+,edb0558a47ff4da7d2a937e07a3083f48f3e3d1a6b548ac89ab504b7a289e9c9,train,1
2022-06-08 14_10_35-Window.jpg,Astrocitoma T1C+,d0523dd5b7a9f3121d297416560d12c539e9d9f41ffbf8e6e1a9d307062884a0,train,1
ae86568ce9c94a6bb9644a5b6900b2_big_gallery.jpeg,Astrocitoma T1C+,a0b25bade094d6e237306b7208e76ca70c6812742e150a7cb52561625bfabf69,train,1
104_big_gallery.jpeg,Astrocitoma T1C+,189e0cdc0ea599c4aa4342ddb1e18f60a15f49bf071a82c34bb88bc76e251857,train,1
07946ee3257448bf0416be381853ae_big_gallery.jpeg,Astrocitoma T1C+,3fd8a92a92298d8ebd1757f233443af28674d2b6cbc94a0717b9bd0dda717666,train,1
2022-06-08 14_09_58-Window.jpg,Astrocitoma T1C+,6883b2787935ec8cec4c50983fff15d9d96162ed12e617193916377c8e873ced,train,1
IMG-0010-00012_big_gallery.jpeg,Astrocitoma T1C+,05006ca315ab16e91196dbee89900b2afb39084a962c113a585f43a8efa524fc,train,1
IM0011_big_gallery.jpeg,Astrocitoma T1C+,d591aae741a451fb2de97e57c5afee23008b1926a7a7f399105d36e74e3772b3,train,1
e8d3ef60e72360826d790e9e0a3c6cbc55837f343f642b2f6d2cef704e26e46e_big_gallery.jpeg,Astrocitoma T1C+,52f247660682c4e7b5804c866f0f6482bf95dd6f1a62b06ba1ca85b4efe927d7,train,1
2022-06-08 14_09_51-Window.jpg,Astrocitoma T1C+,6dc60c435907ed8d7538f964dc7cb0a478e59fc289c47b7ce69565b6273ad2bb,train,1
6eaa8fda55c7ffafb90e0e956e9587031d4becec85c6365f0f483b7acfaa5057_big_gallery.jpeg,Astrocitoma T1C+,82f3c78c42cb2cd6a5df70b1a14b391ebcafc47a2cb37d81ebcec61a8d30ba67,train,1
2bfdf8507bade7f934df632b66fb42_big_gallery.jpeg,Astrocitoma T1C+,15dfb4d82bedeb7cc6cca7ba5624e417ba80017475d28c3be5e0eb513aa6c4b1,train,1
6ccfd0b707a4188920eee9e47101ae_big_gallery.jpeg,Astrocitoma T1C+,200fd05071ddcf7d3ab28fef6565b7c97b3343340ef16c88babe22b61c1f9d6a,train,1
2aea47252532ec7bc3907a68148084_big_gallery.jpeg,Astrocitoma T1C+,7f98f9c90e534f287b82fe7d84bcd9d68481510401cad11d251564e724ced84c,train,1
1808d422d0674d44d96e5b09843d4f_big_gallery.jpg,Astrocitoma T1C+,0729924f9f730fd1bde6b26fc25fb2114c442a134544e06dd83727a04c2690ed,train,1
2c025950db4a90fa1f5983ad12aae3_big_gallery.jpeg,Astrocitoma T1C+,8659bfe1ee7c174b88ef2d3cda9dfd8792e43dc0005efc3d742afb67307db350,train,1
a245bfec122c73bbf3574213dfc0858cceb9833a885311a808d49c6c4929330f_big_gallery.jpeg,Astrocitoma T1C+,c73427be5c67b91555934df75506ece51ec61ff67c475addbc27878866b0e733,train,1
2022-06-08 14_10_46-Window.jpg,Astrocitoma T1C+,1e50fa269bb919bd90673c952c0f2f11ffc514b2109229ec7961443cb81e043c,train,1
4fb1bf52b731b87d1f7ab15c3c7441_big_gallery.jpeg,Astrocitoma T1C+,901d958ac7476d5ff5c650dcf84cdf4782d7ab128e22f0706082513f66be3c9d,train,1
d2a95bd7abaaa5505bd69425801f3e_big_gallery.jpeg,Astrocitoma T1C+,e5dc87d003862de4c60043c714cab36dcecd5eddd9bb9cdda1d83024c9b8d14f,train,1
14fda1ba9c19ffff35499fcd62752d_big_gallery.jpeg,Astrocitoma T1C+,6a891d269f6bcfe5c2853720d9388c4d205afc16f9a8de4b4916cb8a644e4d91,train,1
97343f4fabd4f5cf61b7a3b6017ef3d6f9d8bdd7afcd02707771e2d0071a994b_big_gallery.jpeg,Astrocitoma T1C+,6aff0503db81b4f7ed1574f3c6c06d0997ac0863d6bea5f2f881b824e4b41c97,train,1
70e81d5eb1715a9520c74be3b7d403_big_gallery.jpg,Astrocitoma T1C+,5bd02ae2f31b73d86c00a70c396970d33fcd2f24fd54cf0b1317e0a8c9f22c28,train,1
fb47daffc441d483daa4650c844086_big_gallery.jpg,Astrocitoma T1C+,99e5835fdfe234d166af8c565cefc829d8b680bd506741e26b1e816411730e6c,train,1
2dff563f91204a90a0148442de1db07ef23e6305f32b3933d2434a85c42f6c27_big_gallery.jpeg,Astrocitoma T1C+,969a30b4d7440fde57469a21d3c286b6d722a92f80db1dd1173e563870fcc847,train,1
f06b921f4da65075d59b173dec608a4892844fc9c0c8cf711322e4ac021d430d_big_gallery.jpeg,Astrocitoma T1C+,9c3b9a2cedc8f89bfb72c9834377ce082e12a23ee0813d005d5043d33b2ce5bf,train,1
d0c37285b223cd67eacdf8a960465c_big_gallery.jpeg,Astrocitoma T1C+,0f751ab2e908b3b099a4176f1f6f4067be19afd213fac1fe4145bde28adf9fdd,train,1
2eb1a60ea8e5288b3d2f9949d0c98b_big_gallery.jpg,Astrocitoma T1C+,dda6458cc85dffbca5da94b2f4d81c5774f8577b9104ef9bd2acec4c4b8dd48d,train,1
2cc637f8a3e85bd9164dccdd76b6511855e2d7ab445f599b74e1bb64a0a39507_big_gallery.jpeg,Astrocitoma T1C+,bfc15abd505d1864cc0a7b7237207ceb685bbee8a18dfa2dd9004997818d6cd0,train,1
a201ca3f0d6f02f19e6f5584fd5094_big_gallery.jpeg,Astrocitoma T1C+,086cc7fbfa3569aea70bdaa2b4049a9cb9944459c593fb6b0d37e016a8304ac7,train,1
13cb18c4f838d399687c21700188ac4232102e5fda81f33149c8548191eb0cf2_big_gallery.jpeg,Astrocitoma T1C+,b251c5e8397a57a7bc684b54f5e9465593dc0779812965c22716b14fdc52115c,train,1
d4a0c7c6e53c7e2f65ccb71e407ada_big_gallery.jpeg,Astrocitoma T1C+,fff568897fa703ef3dea6fe769b3132a23709c5ab54652d40bf9781ae2e0b075,train,1
8d9260658ca8b8bd7d6238bab78f41_big_gallery.jpeg,Astrocitoma T1C+,0e9c558399781c81689d3081a99878c47d5dcfa93ca9db17d07cb8a6255f3600,train,1
3f839ba0a9c1336d04b21e8e4af1add1902270bc21f9de9348d71dff910973aa_big_gallery.jpeg,Astrocitoma T1C+,75d6546d38c17b06ed71e58028656b70b1e14415bf57a98bdc834fb0d1ed3cde,train,1
a1880e8f90ed9f7a028f353f0600d3_big_gallery.jpg,Astrocitoma T1C+,aa3601fe777c7f75ff0126432f3b4f30a4a0f60b5e56859339478c5de73ff0d0,train,1
b784b05a5af8c39570dacc7dea8b38_big_gallery.jpeg,Astrocitoma T1C+,d8e6c6e48deb04c7c299c06e950a7aa72c5f18e20fc66d42a5d7636ca215120a,train,1
007_big_gallery.jpeg,Astrocitoma T1C+,7a05dcfa4396c04725e09d00aae57cc4948152527c7049257d68c6317daf9c90,train,1
864e82fca047275ce43ca01079525a61510a51d542b26d66e81faba16236dca2_big_gallery.jpeg,Astrocitoma T1C+,a3eae7dbc079f4bdba03095f9396b5f8b1feb36ef83aaffeb7f18fd7e530a7bc,train,1
5d8d3c41715aa0919469589efdd55e_big_gallery.jpeg,Astrocitoma T1C+,d95aea4353c99585cb71d05458559e4edd072a4290242b59ebb0700878cdeb8e,train,1
034d92cc03923b7882574873d628a7_big_gallery.jpeg,Astrocitoma T1C+,052afb757210296a88568ba81d45d71df663314710f663d65f573172c4b9af01,train,1
IMG-0007-00013_big_gallery.jpeg,Astrocitoma T1C+,04cca049e7cc103c2ca4ac133e106d3a5ca4ea8486698a1674f04ef0c2a18bd2,train,1
c087e4db10e06e1067825454a47420f22c4f2495605cf293872e63e93996938f_big_gallery.jpeg,Astrocitoma T1C+,7e3a559887c6a9695deeabc184b58fe6519c6cd4e5e232e3cafe619fa48413df,train,1
eea9997832bb8fa3465f80162cd732_big_gallery.jpg,Astrocitoma T1C+,6eac917823d6c2a1f5d330e456941c78790df944818951fa460e1eec069b7185,train,1
IMG-0007-00008_big_gallery.jpeg,Astrocitoma T1C+,f1c2a52bfd01070cb9401480a3dc37f62e2506ebf587fb4b4730e72f787539a7,train,1
99_big_gallery.jpeg,Astrocitoma T1C+,b81b3e28b83614a730e9971b71ffd0baade5bee413dea9bd4df3efcf307e81db,train,1
2022-06-07 13_31_07-Window.jpg,Astrocitoma T1C+,ef3753d0f40bb58ca3d1e5fd5cec8361ed835010937ba31910c0a09c78f7d118,train,1
IM0010_big_gallery.jpeg,Astrocitoma T1C+,98173a247550fe4919f78bdf59ae4dda4a31f6f7a69eb1817b2bc1dc23290101,train,1
dea459a66d4d7a2b0b49b91a5490fe_big_gallery.jpeg,Astrocitoma T1C+,9e64b310609bd9da596c323fdf0b2530a1b6a5161778c2d5ee8ad2e1e838ed95,train,1
7c05df74ff527c05aa76de15b47a95_big_gallery.jpeg,Astrocitoma T1C+,66cb8f6aadf49a2337984169363419fd8815713121c34cac8e7f8d4776bde959,train,1
3194bf10a35d373dea33ee977d8546_big_gallery.jpeg,Astrocitoma T1C+,0ba27ad7b686252ab9143273b457c4c923cc509957fb538ffd300ef8d6ffe1b4,train,1
d4341d842e856025e79d236e8e1345_big_gallery.jpeg,Astrocitoma T1C+,d1352f21ff77cf881540a22bb37641075b7a9d67ec2d33e4d4d5b92fd7e1e103,train,1
07c34681acdf740f472b5ef4c89405_big_gallery.jpeg,Astrocitoma T1C+,7a3c5325a8a035dad3d420cb9b0b5813aa39c2811b3a3e2517572bf189e7f3e6,train,1
bae960b8ef3ca6e4794936a0a8438ba5e5cb40022dd79e63d9b7f89f8f8f56e8_big_gallery.jpeg,Astrocitoma T1C+,b047aaea5addaafb8d17da9038c9b52d6abf143fab53b45b527b5ae1ebe799c1,train,1
4d82251f26b28ecd9824a8c9ac96ff_big_gallery.jpeg,Astrocitoma T1C+,a8f24f262edab48cb81df5e2db3b0f1a0b39c1d173efd001d29cbe90476c7493,train,1
2022-06-08 14_10_17-Window.jpg,Astrocitoma T1C+,ff1aee1b0e456800c42386a55f4c0801d3efe1294a7e2b1a7dbc7afbbbc97a7c,train,1
26f898b3de55ef590a6181ad46e564_big_gallery.jpeg,Astrocitoma T1C+,07a172d272485d442ae442910b469ba1888dd375685ca1294b3908ad7d3990bc,train,1
02877c70335bf04cf6a1844b8e8409_big_gallery.jpeg,Astrocitoma T1C+,10c4b057bf5ab6a320f7ca83a88a32d51a424129de6d1ce598bbd8b6837b7889,train,1
8eb6581054a04e93f49f7464fb017b_big_gallery.jpeg,Astrocitoma T1C+,55074db132e2356864baaa362318e1d78ca3b0971824202fc52aaf1427fb871f,train,1
5b7d40b6cfe6d1a2e26df5aa4f2271_big_gallery.jpeg,Astrocitoma T1C+,95f8520fad76ee3336b2f79b7e048d9b4b4f9879730a126cd6eec78836fffd25,train,1
100_big_gallery.jpeg,Astrocitoma T1C+,e3844e16edc8a90528e37cf3cb55e5db0347dec3a8bbc4adc69e75452862305f,train,1
878dddce95d254f36973e91d946c32f1ccd5d2c86ea05ee104d70cfd652a6574_big_gallery.jpeg,Astrocitoma T1C+,f4c9db9ef7d81e96f3d39ce8c3a98abd8c5da43bc45b4e95b0f572cc78de6b1e,train,1
60064b6f693cddbca8289be195ddd6a62152205063cfacfd60832aaeee223e7c_big_gallery.jpeg,Astrocitoma T1C+,fe10eb58c926948283485609d2a7e526c493cdcaf422deb5db8c402b380b59eb,train,1
a547031009eb9b63f68a2027bbb26f_big_gallery.jpeg,Astrocitoma T1C+,08cb5b0c654215261da4770f26abcfd146e9b68fb5189f19952b99ba01a89b5a,train,1
201a254d0f7bb402c01a62a881c584d4b1a1dfd716730932a5cde7d730d98661_big_gallery.jpeg,Astrocitoma T1C+,a559ee5717453d0d7c7ebd5195f4e3235574d16c9e0050120625e0eb680c13c2,train,1
94_big_gallery.jpeg,Astrocitoma T1C+,6b14c3f41e0c57e973992d5896bf4264e650b336d3998ba55a8efe26023c73a9,train,1
13989b9b62eee23e2f52d95fae66d71aa5099485d864c9379f17e10d739c4b73_big_gallery.jpeg,Astrocitoma T1C+,330908e9ff97d094d21772e321d70e68eb738230126070c21f2222febc32a049,train,1
5baeb1bc2fd4671bb265f2b45ef709_big_gallery.jpeg,Astrocitoma T1C+,72c738c176730508300b14aa3558e38c8816f810e995a293df5906ff212d762c,train,1
97_big_gallery.jpeg,Astrocitoma T1C+,b0e9fe3c828513ff0765498eaca6201657b5c0d822e0d9ec9329c985a550e27f,train,1
2022-06-07 13_30_56-Window.jpg,Astrocitoma T1C+,1ec9faa7ecbed3ae9444c15abf620f89424c93f628479a8cf6576201988d9ba9,train,1
cd90aa434c0e1d8904737ee9e29758_big_gallery.jpg,Astrocitoma T1C+,04f092c951ade9d14c7c3088e4ea76b0bbb4aba340ded2c473c2324665e82af7,train,1
108_big_gallery.jpeg,Astrocitoma T1C+,3555c388f97470caa0d1797463178b023d107c1a1ab708f042e3585ed82ef4f0,train,1
d829711980aca08af42b3d224a119219951e3577277637171f949ccf5289db44_big_gallery.jpeg,Astrocitoma T1C+,094d233045da226ae0f4aea580974c770ef109f9223b71ddff9d601f03f30974,train,1
454ae9b46bd8645d75625743ceddec_big_gallery.jpeg,Astrocitoma T1C+,8d65f01088ce811d465298f995f09c155b3650983e9bdb9ea4392d09f546336e,train,1
b4cd3a4cfee5edf10bbb991b3ad861_big_gallery.jpeg,Astrocitoma T1C+,a60bc331605ea247d5b03a0c7c0369eeb56a76737eb0458e513704602fdb81fd,train,1
106_big_gallery.jpeg,Astrocitoma T1C+,c0221663bf2e6080bbc991232ea2a11de5ad990076d594969b980f5c5d0e34d9,train,1
0a7e733123d397d830fe39f4c0fbd7_big_gallery.jpeg,Astrocitoma T1C+,775ebe2b186c14c4cfc958dc4b389b740caa420d6336174a9273a1c479edc242,train,1
6215aefd87bed6355d80f524778e92bca3cedb7796912205cab757dfa7448220_big_gallery.jpeg,Astrocitoma T1C+,5c918a4003e06196f796f087d459ea0208f034c82889dc0bae2ad0a3f5316656,train,1
4876019c0684fb18ade62f20e4aeea_big_gallery.jpeg,Astrocitoma T1C+,1052dd35daa73e48fa1030824f5a3581134bf40d33ce8a986f6b6b2cfceb280b,train,1
e5aee301a4442e1f8ba078f66cfc2f_big_gallery.jpeg,Astrocitoma T1C+,3296d7cc48ccf8766f87ca1a1548e118aeb2692189c43cb16c2156b38e62aaf3,train,1
2d96fd622e2ea3db6c4bf058f5726c_big_gallery.jpeg,Astrocitoma T1C+,123768c43eec6406d96ea0dbeed7e0670c9181ada91349baa8d208966dbf354c,train,1
51bf30711cb4c47affc338f0e174c9_big_gallery.jpeg,Astrocitoma T1C+,fce7af4633e4c884e817b525631f0377a016a2e0b6705f6aeb3bff1520b387c3,train,1
97b72205fa19b90b6d873cdbc53191_big_gallery.jpeg,Astrocitoma T1C+,29e27decb23ea84ecb6236d0434b392c8addfe015bb50f02e81f69257009e3c7,train,1
105_big_gallery.jpeg,Astrocitoma T1C+,71a31076b5c39f9cd9b9f893e34de5892f7612468152cd99aa54080c329abc11,train,1
2022-06-07 13_30_52-Window.jpg,Astrocitoma T1C+,5009379dff26b5f629818c705a8e30bf5695903475d3457fe0a1e706d9fafffa,train,1
484ee7bc0d8eb0e096e9bdcf505796_big_gallery.jpeg,Astrocitoma T1C+,52d5996a3e4f01272a2626c6811cdf3915bb1697bf6275c3684b5a5ebec5aaa8,train,1
9d6e68876e621332e0a47e972c4cfd_big_gallery.jpg,Astrocitoma T1C+,346a399776329e9d3aef67663aeed1780cc6026ebbecf4784d80b6a8141f92a0,train,1
2022-06-07 13_46_31-Window.jpg,Astrocitoma T1C+,65d64dc69e006b9439e4bc071933ecab96e00621a8d111b89b5c34c809e783a1,train,1
IM0007_big_gallery.jpeg,Astrocitoma T1C+,787bf9d9ef1d819094e4128acd54fa3964d12af4c8597ae6c93de78578c113ed,train,1
93_big_gallery.jpeg,Astrocitoma T1C+,81043ca4ddd9796a471ed10ba3c95872ba6a3608197ca4dd681d62a3acac542d,train,1
9062e94db81f334605d8f400b06705_big_gallery.jpeg,Astrocitoma T1C+,6e1d08d679b672858b8724d655eda96e9d33e7c35657fcfa558822e53569adeb,train,1
113_big_gallery.jpeg,Astrocitoma T1C+,1e494eb49be6bbb4c20a8c89cda8d76f1a4cb8930538ce5e3bf30c3bb5923df4,train,1
e2fbde53656409af36a5bf456fbecd_big_gallery.jpeg,Astrocitoma T1C+,822a566c96a076acfc0a4b47fffdbd32a28ff71f1d4153fdd8e7220f30d1a9c1,train,1
e4564dffd85e741185d4a07fec4dd921e4aaf6556e94440bf8200f2aab058add_big_gallery.jpeg,Astrocitoma T1C+,f667c429e12e02a8b479fe1b9ec4f9c367d375bd74167e731ff58df53e1a72d7,train,1
IM0008_big_gallery.jpeg,Astrocitoma T1C+,7c7ccaa47725cecc4dee39e337993c3cfbbbeb52d687d55475e1b99510f2f5dc,val,1
2022-06-08 14_10_30-Window.jpg,Astrocitoma T1C+,48032865a797d908b592b5b855f7329a9377ac35cc13be9038ec6ec73eb9400a,val,1
2022-06-07 13_46_24-Window.jpg,Astrocitoma T1C+,bcdaf4994907c3a45f3d8fdc2b84b8181c8d24aafdfd1aeaf35c7adbb8343c92,val,1
72e75442b6f7715b74b3fcbe6e6d54_big_gallery.jpeg,Astrocitoma T1C+,aa80f5ca78a1eae0f46077895be8ae0ffb7ff533f685a2ce21e0b6e00d56ef85,val,1
b846f15e1fc48df774fb2c3f25d3c1_big_gallery.jpeg,Astrocitoma T1C+,a63867e2c0e3ce1acbf2583dc01e2fa98a4de5c97b28c70f410639ed6d7f59ef,val,1
2931d96b5a0d92572759aee70b1fde_big_gallery.jpeg,Astrocitoma T1C+,d57fbcad52af91da57b52915f968faa6bc2c7f86129d612e21e3bd4efe718895,val,1
03869ea0fd4a9c173ac47c656900d6_big_gallery.jpeg,Astrocitoma T1C+,a13b819a5ce2570c9f11b2a5fcafffcfb44f18f891afef2d3c79a63fd2b7a80d,val,1
IM0006_big_gallery.jpeg,Astrocitoma T1C+,8a17721f2994431e58571d95f6ebabd8ffe1e49dab45a09e910710024ac4c921,val,1
c1264a59d3c33816a4a221c1c658bc_big_gallery.jpeg,Astrocitoma T1C+,1a24e36bf96c0a6cab254bfae419e43406b18f9053dac6592cdffc55e92fdc6f,val,1
0e84055a4dc0fc3b97d3e72eda7019_big_gallery.jpeg,Astrocitoma T1C+,46153262d58560a500fd9258a9041724128fd91ae20d84b3d40cf6d5fa0d56a3,val,1
a1c8783fde351968a7277b093cfdbaade9db0e7be7f02e5ac206784d7e2e4326_big_gallery.jpeg,Astrocitoma T1C+,0994902cb3710bddd02fb736f99d37e983dcf904e66524cc6fa277edbca6d0f1,val,1
0fbad872fcf13ba3d334ac8578dd33_big_gallery.jpeg,Astrocitoma T1C+,0be3944ff2f12f6c4774cb5902b112c2e5f12d49cb7f6c97472b216ee4115250,val,1
008_big_gallery.jpeg,Astrocitoma T1C+,3f64c11a58acc5160bec764d997a016a794464e318a6bd367c5f5540c89f28b1,val,1
2022-06-07 13_31_21-Window.jpg,Astrocitoma T1C+,56cb8ff910c40e19f8230f3be1aa1b37a2795ea4cea7a4b6d3dbefc5515a5592,val,1
c80ae05d96a7a9e25ce0edf8d0501b_big_gallery.webp,Astrocitoma T1C+,60fc8a3b8bded155300d63a8670f940443b76ba7f692b8c8f4dba60dae8407d6,val,1
2022-06-07 13_46_19-Window.jpg,Astrocitoma T1C+,c96b31b67db28d2f577552473008b61f713353b6aa29ca727b4c71b6e2709a96,val,1
8d29025dd5867c3459d8af73fbc5b6_big_gallery.jpeg,Astrocitoma T1C+,f119e1310249426e22cfad7a6dbb162db1fe3def3e0ed5a4ef85283e5aad9679,val,1
96_big_gallery.jpeg,Astrocitoma T1C+,08febc9e433788b74faa7e5488e064ff8330ddebb3e9421dd95dcc1781f658a1,val,1
0189d50c5e42637d3afe25a29fb785_big_gallery.jpg,Astrocitoma T1C+,c6de099eca4ca2183a15f7f053b5cab7fe250f70c05ca61f29c342c11b97a311,val,1
2bad4b8147082ea20f034118721271_big_gallery.jpeg,Astrocitoma T1C+,47a98cefa7e0d6b91ca36ac48af06c8248942c513928de9502e5eca7388600cd,val,1
0efabbe6953569fb6ee340fe69ae51368cc5feb5eb9e9634a61d4337a6f41d27_big_gallery.jpeg,Astrocitoma T1C+,829052e298530e3bbe080d10ade655ea70b1d051218c098ceb411f1b77a582bf,val,1
2022-06-07 13_46_15-Window.jpg,Astrocitoma T1C+,972e5c5c48ec04f3c2027278561f303a266c056d304ef4002393b15a8e3073d2,val,1
2022-06-08 14_09_46-Window.jpg,Astrocitoma T1C+,2acc518a9bf52f16eb72b245354d238308f49915f2bc5dd70c9be9f60218a742,val,1
111605ef1f4931941f25878e86275c4cda3e5be0fa274aaac1d97bce35737cb3_big_gallery.jpeg,Astrocitoma T1C+,7f115bd2dfb9a86e7331e2f4a8385746a2e382cebc9783400e1b12ed9040ca38,val,1
5be73308948c8d73ef35e009d750cc_big_gallery.jpeg,Astrocitoma T1C+,a3e56cc1d20ed9b1673a134cf9045fa7e1882739be349acaaa680997b2f18129,val,1
74797d1ba15d11a55fae9538e0f532_big_gallery.jpg,Astrocitoma T1C+,25b3dd44da97615fee652169b88bb49a572e530f30f5fe78c6f87bef00f530bb,val,1
554ee09d9c7a1b7eff30502b59d8ce_big_gallery.jpeg,Astrocitoma T1C+,501ec6c6294f476a0f5d7dfd413475a68654528d908b63e6bf0fe1572dd94cde,val,1
2f6b2436a24115187558f72994e2ce_big_gallery.jpeg,Astrocitoma T1C+,94a6dd94e184877bbb248ddc356e8f4b331aecafd3be02de4fe6a7cdd7176449,val,1
a8b6d18b3e1b420973e3b2ebf06e32416a9a10f45d83338adbef530180fdbc50_big_gallery.jpeg,Astrocitoma T1C+,a4caca71a0e1927ea0c4a157f3d9385e7263c541afcaba2e6e9bc4b077608163,val,1
b3163fb25a0dbcf470c0f827b9c468_big_gallery.jpg,Astrocitoma T1C+,f74961c5dadc0a62054b57b8599ea51bd2238387c24d814b70e2c1c080e196de,val,1
440c41b7e68ca48225e322f53cd94e_big_gallery.jpeg,Astrocitoma T1C+,aaf144bb81eec1a2ffb44c96d6db9b4ba85cfdb11f327b36c66d0fffc905d253,val,1
2022-06-08 14_11_07-Window.jpg,Astrocitoma T1C+,64734798c65755247e1fb8d3c68f3f17c541bb6af33b6fb345bdb56b47c6aa22,val,1
ca7d69ef3b4e020f9dfaefef98b248_big_gallery.jpeg,Astrocitoma T1C+,6aa11d4bc7cefed795f91b8dc9202eebe47892b9033199a06e51778797022da8,val,1
2022-06-07 13_31_03-Window.jpg,Astrocitoma T1C+,911187cbee5a24781bcf55875cc9216973a4276dad5e1fce9bb34b0f8d8601f3,val,1
c075c39363d0adf0d6569a15e1d10d_big_gallery.jpeg,Astrocitoma T1C+,afd5563a5eaf18f4723e1be9bb7f4ba21dd04c3c93138e9bce0ce13064d18539,test,1
cdce52f3797e0f687bee4005b89aff_big_gallery.jpeg,Astrocitoma T1C+,820318644f47a22d908e7042095124de73ab0b41e102d0ae0ff69a0f67e8b5bf,test,1
d5b5b67f638204fd9c6fdb79ee7975_big_gallery.jpg,Astrocitoma T1C+,fe3263085c35f118ce619773255f73dfc5404921e9b8f46c4de5872a57cba693,test,1
8669c62c9962a20c12d5b56000df08_big_gallery.jpeg,Astrocitoma T1C+,91d757f5bc7c05654e17c038f8029fd6582f902418f8e5ec6337b40c43c4ce11,test,1
2022-06-07 13_31_14-Window.jpg,Astrocitoma T1C+,6505e486be685cefb4e48edcb8218569b559aaa4ccbd8cbb5cda0ccc02f1b891,test,1
4ed65a11ba8bc76afef66dfbe1e6be_big_gallery.jpeg,Astrocitoma T1C+,e40395d7f7be3380477a5322b548876acb55dd72ec727653539ec9b8130dd766,test,1
98_big_gallery.jpeg,Astrocitoma T1C+,7deba1839098e7d0ba2faefaa2c2425adc156a7d60858875b5c5f36e5d826498,test,1
7d10162abb593d0fd850f12045b36709240728e316d34a330c30359bcab42fc7_big_gallery.jpeg,Astrocitoma T1C+,b4d91ef57c2905cfbc74b22a2643b5069c4a6141836a50047c10005266dae2bb,test,1
2022-06-08 14_10_08-Window.jpg,Astrocitoma T1C+,65a37a409a05ac8636de31daa3e39600a1d8a776c44b9754fc23a7a9b3b43f79,test,1
1eb0bce38c890f4c047106e4bf54f5_big_gallery.jpeg,Astrocitoma T1C+,953ec87232dfd0ad989b84a77dd171ffb8737b475bced69bed4eda4aa5bd2211,test,1
887398399e0b2a3b185d5da11bab87_big_gallery.jpeg,Astrocitoma T1C+,8295af05b9d7eb551a919691eb1846a20b2bfa37fbe7d08976a307a1efc71761,test,1
64b17d7faa0fcfc31aa1c286ff7c79_big_gallery.jpeg,Astrocitoma T1C+,32a308f6de94938fb93f40fd152b36bd23e937e0851e58b7d253b7a4313df9d2,test,1
ace82a432afc654a49d970c5a35662_big_gallery.jpeg,Astrocitoma T1C+,c9102a42eade81e2a91798255bc99358c6bbc9129be703f12385a5c89c05f8bf,test,1
f998832b0772a71cf875293dad705d8621f039dc6afd224c0510b812fff3963c_big_gallery.jpeg,Astrocitoma T1C+,971e89c072770f1fd1fe0a1c2b0ae01749d82f270abcb351cb3a82f4b48b3195,test,1
112_big_gallery.jpeg,Astrocitoma T1C+,99c5266cc4ea344b071e12cca6a33ba255b23feabf19861442bdba6860117148,test,1
dc0967812e1cb8b03e3c8ad1d9d1d9_big_gallery.jpeg,Astrocitoma T1C+,bfb0fbd35e14eaf2b8afa0dd59e38ab8e019c582ac8dda86dd70d5bbde491ef2,test,1
84e0ae1f9cea050b250cb083a21597_big_gallery.jpeg,Astrocitoma T1C+,4ee24063b72a75869055576d652b9ffce99920c13637412382f518423a0fd83c,test,1
d5be55f80ec34b5113d74f2815a070_big_gallery.jpeg,Astrocitoma T1C+,1ac3d3b72fe92cc729626bf5cba3ae4e9866449436e6169a2e1f7e5acbe5abfb,test,1
0f98821a4fd146cc92d4b8ecf384a0_big_gallery.jpeg,Astrocitoma T1C+,c9ef38abb6ec7c18de5d6a5f10d5e4ee5caecb500403d014f3e7272dae515a05,test,1
f01b56d042cc1ec8436046922449ad9f95028413bef554c6c3aade1b0dfe5471_big_gallery.jpeg,Astrocitoma T1C+,c1b6c17e51f88f27e83d6fd50d341975561eef6c1297f20e6fc7ddf3fa640fe1,test,1
6a26da1bf18238c4143b8beec9d6bd_big_gallery.jpeg,Astrocitoma T1C+,39816b98fd21068539c262dc931cedd400d0a23caad9f80a819495a644c579a6,test,1
cf6b44523802e0b1b213cf53c9883b594737bb68d38e6cf6db69097b3ee240f9_big_gallery.jpeg,Astrocitoma T1C+,ea4b55fce5bfe5b9298650d7168ae4b3c7f0f8e1ef5e7fd816b00320f07178e7,test,1
102_big_gallery.jpeg,Astrocitoma T1C+,c9655d5bd1b44c2af3263311d6c1e4b91d773eefc314c73c0ad684e1347d0357,test,1
101_big_gallery.jpeg,Astrocitoma T1C+,1edf1c0c97b63b99799637148dc7fa8048bb4af8aa6399022bf5fc16ec256d3d,test,1
8f16dbb0bc7c5a3cd19f6a7a69ab9c_big_gallery.jpeg,Astrocitoma T1C+,0c9c89ae66b7263b36e7236dc3c21885b30bc21033cb2a32ceff84f1c6b252d4,test,1
IMG-0007-00014_big_gallery.jpeg,Astrocitoma T1C+,82529b892f00d6a1de06b955fa0fc6ec8b2f4b907025656536e897d6e045955e,test,1
0e321da19d0765f238bc1472bb589b_big_gallery.jpeg,Astrocitoma T1C+,318347252deee83c6f302583a4630bc51e07cfb87405176a60e05ba950ccbbb7,test,1
2022-06-07 13_46_27-Window.jpg,Astrocitoma T1C+,bafa4414d72c34a826c8aa774e6d286535da4d1f0dd6662d643a5e76734cd44d,test,1
2022-06-08 14_11_03-Window.jpg,Astrocitoma T1C+,87592da131a963196f4080e49a4d547f675536be4f61cf315753615894d4d4ac,test,1
eda3b87b9ef2b2b487321a0f9b4807_big_gallery.jpeg,Astrocitoma T1C+,778002680b152985414403429267f45c3540c505ce9b86fa2ced028d39319287,test,1
fa5de6ba7a04bc5a0ab2f66bcfdf53_big_gallery.jpeg,Astrocitoma T1C+,b5d0a24d2f4e7b25c4cf20a8049b795a198288e7e3101121706c813b9c3be67f,test,1
IMG-0007-00010_big_gallery.jpeg,Astrocitoma T1C+,6d9761f2cbf861ee0699af31d98ba016f2d72418bbe5b995055690b3b4ba0053,test,1
2e3a8df14aaa7d15786c2173bf7137_big_gallery.jpeg,Astrocitoma T1C+,193b2ceadd81b501293951d354bd883bd6c3b1cbd705708114ee2586637faa24,test,1
109_big_gallery.jpeg,Astrocitoma T1C+,21cedfb107c9043da9d14718fb6c6389b6511662d2b8c5c4d49cea41aa25b72c,test,1
011_big_gallery.jpeg,Astrocitoma T1C+,a284c010e9cc3ea26182db8964d7e263e94a6747a361be00767170b3f85e4ed1,test,1
6cca2f0216bba2d0e1998826161b44_big_gallery.jpeg,Astrocitoma T1C+,f31cfafd5e064f3a9c105d20ad8a0032aa8f7278564e1e89252a6a0dff14350a,test,1
007_big_gallery.jpeg,Astrocitoma T2,f5c794edd3abf2c77554dcb1570e0562a32dbe4cebe6a2bcd2fd355f36d77db0,train,1
IMG-0001-00010_big_gallery.jpeg,Astrocitoma T2,a862d1c1a6245f8e093fc647d93b29ad8b0bae4b2cf20dda6c29b9aee4e95ad6,train,1
8173f29df1a55c7d2547bebe71287e_big_gallery.jpeg,Astrocitoma T2,56392e7a3e1da2ebedbff995adac8829bb3bb896a8c9447a1c61553dea3a1f90,train,1
eea036b60cf240d09e422ed55941c2_big_gallery.jpeg,Astrocitoma T2,3d4ff926f4440d80cb8f99aee9cc974b112787d5d52d5d731a02cf1fde1edcd2,train,1
ebd862c8bfd4028cf422c5b1c0b1bb_big_gallery.jpeg,Astrocitoma T2,9a295f4bbc45bffb785fe162e2f4a73b7c65f7b6d22bd420b6239290cd3e3c3c,train,1
26b6d16092aad3d5087678d1d8b851_big_gallery.jpeg,Astrocitoma T2,137ce523125f7c92e5d1e750e8f6e73fbb48fa746f9a07e5f2b2b7a882891728,train,1
acd41fd946f2fdcfce52c93fed3000008bd960d3fad144c6467643445b6eb4af_big_gallery.jpeg,Astrocitoma T2,0411bc4b83530be911d53db65b1138865949ac3934c273d3b16593fcf38e8ed3,train,1
423b9748a8ab99c4129a5bde1ea01b_big_gallery.jpeg,Astrocitoma T2,fd664bc76bf43655f602a14ec65d76ea2622e1ebe8b0a0ab9ea420dc81811050,train,1
663a6a6aef142daf50e32f0d3876b7_big_gallery.jpeg,Astrocitoma T2,1842ec4331a0376660c7eee000cbcf347c43dadca82b7d8bafea714d9919c0fe,train,1
3d58bcfe5c0ef4edd72b729c0e8971_big_gallery.jpeg,Astrocitoma T2,bd3c6afdce7e00b7984bc8617a0f72f03cfb4a726d2bb673c795fe98936ec017,train,1
6f4c8826348234b477de39bf4ab0f4_big_gallery.jpeg,Astrocitoma T2,6a9fdfea31a0954b1fb07245a563d3ec9a4e1ece39db5e33a7ec83d046d6954f,train,1
1bdbaaaeb4462aef10df74be377c96_big_gallery.jpeg,Astrocitoma T2,87a5fe2a93ca18d3ebb2ff3901889d238160ca5393c28d4354409c28a456ec39,train,1
43fba9f6bf374760d3c18f0ada45b8_big_gallery.jpeg,Astrocitoma T2,eaf641263e27177594891f47aedd70feb9eb58dc4a8454bd1fe993550d0a4377,train,1
4e2e965e420e0162fb413d6e12abac_big_gallery.jpeg,Astrocitoma T2,a8210891c992cbd25cc4df1222ec43acc07a15fb42910cff38814179d747c3b0,train,1
IMG-0001-00005_big_gallery.jpeg,Astrocitoma T2,37d47128b546f0fda89eaacaa62a434363f5511dce53b91b56d019b23b77658f,train,1
eff23c911531744a03a900b8a45c1061e06947b4a9c36994bcfde390ed5d138d_big_gallery.jpeg,Astrocitoma T2,a26b4e3a519484a3728196edfdcc0806247143ae50a7273b93c6f51e1f89b1b3,train,1
6305f3e742fd5ba69dbfc3ce9350b0_big_gallery.jpeg,Astrocitoma T2,d6a56e1e92787f4b96c62aa0136e0b2e3624bb47c422ab76a7ba90506dd76864,train,1
0540bf7f7f3e549bd53f4c1df47d7c_big_gallery.jpeg,Astrocitoma T2,e7ea2a2e6a5c33c7591c06a3058212c56e76c33f974cd31f96ff73ec13eb2f38,train,1
e968ec538fb7f2e5631e92de900154_big_gallery.jpg,Astrocitoma T2,65c691d0b8ea00d19ec326f696d9249fe5760499e4a26b2b842037c83a267731,train,1
3d38713fb1767e3418f258e7bb5208_big_gallery.jpeg,Astrocitoma T2,409b87db9502db42d3a9d4bfab76d42e86933b0faf263439b18213baedc33096,train,1
8ee5ed841ea3cac07290f135819adc_big_gallery.jpeg,Astrocitoma T2,34275abd3309216e80d5b95ded66082fbd32d95bf290b439d96e15cfe12d5e4f,train,1
2022-06-07 13_29_12-Window.jpg,Astrocitoma T2,d635520fae5c7f3ff0ea36e6c5fb4ae8cd3a1b158c35d4717d243099dbb86560,train,1
export--689458569_big_gallery.jpeg,Astrocitoma T2,3ab2b42f465efbfab23fb841529ea42115adf3729a6d6bd7fe3fdb9365bcb282,train,1
export--689458607_big_gallery.jpeg,Astrocitoma T2,fdb234e132bf57ec6d7bf239d1f77ff442911aec4f18f92b5c8985c89ef8272d,train,1
IMG-0001-00006_big_gallery.jpeg,Astrocitoma T2,a9c0478e9f11b37b5e9162188d007c3bf49fb522c728729b9040ccb3b31c25f3,train,1
f2ffd52fd55c5fd339acaaeb742925_big_gallery.jpeg,Astrocitoma T2,40ce1e2919eb166f1ab30779d612699e39552a71675c765ec5c1ce276f943783,train,1
011_big_gallery.jpeg,Astrocitoma T2,03205abeef79c6e5ba50cb06bea7172d6ef1ee9fe66b5746e67387e901b50879,train,1
9355d15cf17eeed1382eee15afdb90_big_gallery.jpeg,Astrocitoma T2,0f3a89d89b366927fc7f8ff38e04f16d77057564a21492d462b17978692e0824,train,1
2022-06-07 13_47_09-Window.jpg,Astrocitoma T2,863c150836f671816e5ac798056e9c1f1e0188a8f2b839191e8745f253c46c82,train,1
3b452506455af5275ed9051f1167c4_big_gallery.jpg,Astrocitoma T2,b686c0504292a3941b0981507e15f42a26e9b5a82454ded67aec30512a20de3e,train,1
5cac604942be6719a4abe916fa2fd0_big_gallery.jpg,Astrocitoma T2,2675e449f438eb219ca8e0c56da0d78dadbe3004778d1086d731027926f8200f,train,1
export--689458605_big_gallery.jpeg,Astrocitoma T2,4af68a239b961492d367e671492e29116124e534216409a90ae08ed4d620c47a,train,1
IMG-0004-00012_big_gallery.jpeg,Astrocitoma T2,2045847cc228b541871238fc26ed5bedc11d1a43628a1dafa323ca7ca10f1cab,train,1
b862db182018a891a1f2c7808dc222_big_gallery.jpg,Astrocitoma T2,1c83c1c0e839dd672922cdd73b601a13c7e2c83fadda3f322bc2e3f6c66a9c97,train,1
2022-06-07 13_29_16-Window.jpg,Astrocitoma T2,d0d7c7d1fb6b92fae88393b70ca573eec852593a3e80e479df50d7381926f26a,train,1
8fd52225d9faa00fb3f837515a6f6a_big_gallery.jpeg,Astrocitoma T2,d3cc8eb0c05e11ed7e7ab128aa1fe072c64e46e80b1c768d3ccb977f982a277a,train,1
9157ef51410e77ad7b202f7fc545d0aeb8dfd36588adf8988344ae9bc49c66d6_big_gallery.jpeg,Astrocitoma T2,8f3a71c8b72ea8928ac9cf7ceb7ad4ab576f93d06724dd7cd3d7ca89c933ae63,train,1
eb46a6e5922865175a3e52b97d7239_big_gallery.jpg,Astrocitoma T2,47f2e24466bcfa33639c10c38cbedbc55a0f87e55b2278801dbea7b43ec06672,train,1
706669e0a0dfa4b1ad2e100718cd67_big_gallery.jpeg,Astrocitoma T2,f45a6f51ef3f87027a5c54ff3b564226f29701512814f40bd4d144e14584b8e5,train,1
f19afc80f31056690840add5d27558_big_gallery.jpeg,Astrocitoma T2,e6474cba6eabc2f49234e02fe0c769c451d4289396b83b6e9b6ca1de57d0a8a2,train,1
f3b75abb8955a88faff2dab700d2bf_big_gallery.jpg,Astrocitoma T2,93416af2d6347b7946c82a49f020b3a961481c1c4534ffc3f1d7fce26b2025d6,train,1
0680c9ccc69483f0ef0e96aff52333_big_gallery.jpeg,Astrocitoma T2,fd33d0ff7b094c2917e62677a3c2833783c3606828d17ce1b6fec47df90db832,train,1
a3b6ded68ff71b6f59cd7a94332ecd_big_gallery.jpg,Astrocitoma T2,89740252b9b66233e591fdaaa57e6b172edae93589f31a2d44eb3493eafe6d99,train,1
fd67370e8eef35b1cfdc7e943e39b6_big_gallery.jpeg,Astrocitoma T2,6e32f239751118c54170a6ebe8a4ee0e1116194f6833a5a62ce0969f9f9b8473,train,1
2022-06-07 13_29_24-Window.jpg,Astrocitoma T2,6f6a81a3231ab25a76dff68bf2014d8b0550d5af09540d67fa9e6f38041e62b8,train,1
308203f72b7a0961b27c636587c2132fe3ce54f88912bf9661853aa044af716a_big_gallery.jpeg,Astrocitoma T2,7bbffba5b035ee3cd92f626a71ec8f4573da8ebd16d757e7689042bdc2f13017,train,1
64f51f34baf715d82fb5564d0688533fa5b2a519d622932347134f2e2a89b5a9_big_gallery.jpeg,Astrocitoma T2,ae4b5073ac4d97270837550bf12bb73a5673a5e917d6b79bb6dcf2d644933819,train,1
3f448caf9319707a3d3c5fcfcdfdf3_big_gallery.jpeg,Astrocitoma T2,7030927624c71a0e79d509c568ce90fd0371e076f47a60c5ed0b97605b270cb0,train,1
IMG-0004-00010_big_gallery.jpeg,Astrocitoma T2,23d4caecc82234af5a3f7c9df305518f7a0050fc682ba36818fc736ec099c12a,train,1
10bd2affcb12bda014a39ba65afa26_big_gallery.jpeg,Astrocitoma T2,b8bdb13deb14f1d193bf19b4984b5d518352ae4d9f3cdc8173f7606339353ea1,train,1
export--689458600_big_gallery.jpeg,Astrocitoma T2,bff5ce62977c3574a0930cf311d3dbcb3479d9510cf7b0e1b6dabb87df46d8da,train,1
IMG-0001-00004_big_gallery.jpeg,Astrocitoma T2,f8669f86ef3f2e90dd423ad50b08a86f9ec18aba084d1d14dc91e86cf94db5b6,train,1
2d3848759b26e192176c52b21f2819_big_gallery.jpeg,Astrocitoma T2,1b568aaa29c6f8a6d86d1dcffe8e772e8235aad9425a0abd49b7bbed6cf56b1a,train,1
2c427da1e5fa4a6219b45329de8ee9_big_gallery.jpeg,Astrocitoma T2,97848f2ac3c3ecded97cf2d847ed95c1d7932da6984618f9446888779fb69235,train,1
2bb71cbedd93825aa0640ca184e834_big_gallery.jpg,Astrocitoma T2,6ee79608060bb6c2b3de22e76dbe97ba6df1427106fb6d7dcf9f5ca6c32b556a,train,1
a64dda7487cad4d624927627df5297_big_gallery.jpg,Astrocitoma T2,fcb10771a56b1fcbcf8daeea43fb536818a6303647d9c5238602095c6d01735f,train,1
721d6730a8ba39940676eef3b32cb1eb35fbe212e59ee42a6c8a1fa565e110fd_big_gallery.jpeg,Astrocitoma T2,e1c262256178a6707566c48aea9f1383872af3a13b365baab6243c7cea2c4fa2,train,1
6578ec37b59622fdde0361c04d6a99_big_gallery.jpg,Astrocitoma T2,dfc8501d7795bad7d45d2298a90700056c40542ffc484ffeaf41e624a6c9028a,train,1
IMG-0001-00009_big_gallery.jpeg,Astrocitoma T2,9f14ad66202fef8e9afe08c6a9de639e951554d143a11e7ed313db872893886f,train,1
2022-06-07 13_46_59-Window.jpg,Astrocitoma T2,47c23554af591490c4363e9bfdaac8e4245c93e972189f36da6d12f3de5884f8,train,1
2c29e6f58196d002ca787bd4e21e2b_big_gallery.jpeg,Astrocitoma T2,831c9d3be2833bd78edd7e14c7509fc9e6e23e7868a457942212e81f79d4333c,train,1
f683c8d536c37b36eb2e5669ce39b0_big_gallery.jpeg,Astrocitoma T2,7baa3b54e562ea08784197ee2af5f653b47afc4d1f4ace459a1e76214904a7c7,train,1
1ca3b483273e93543493416147f5a4_big_gallery.jpeg,Astrocitoma T2,5206c7493ded87b25a59ddb9907cf84ee645ae71c5702d10dd3fb1463a59ee17,train,2
IMG-0004-00009_big_gallery.jpeg,Astrocitoma T2,01f692b7353081460421ba21be2924009e3318b330fc438402fc1b7809a84ed8,train,1
2dd3eff4112b92f784c60ed738d269_big_gallery.jpeg,Astrocitoma T2,2f50041c35bfa226b7bbe6167e54bdda331e77a8105187b484390effaca5a2ee,train,1
6ddd92a2af6cd0bbc7ae00c63d1cb1_big_gallery.jpeg,Astrocitoma T2,fbb9cd6a8b7993defc5a8a72077132cc6bd8f2e3a117e71f139ff8abbb2364f7,train,1
7288f039a3fdaca64a4d93ffb7f339_big_gallery.jpeg,Astrocitoma T2,bd4f388eec0c8dd80e3089ea9fdac399fb2343ea067487f9866b68883652f762,train,1
IMG-0001-00011_big_gallery.jpeg,Astrocitoma T2,c8214a6b17c74ca9121ae8e46a7fff54eb14f6cb2753041d9ec343074b3a2470,train,1
28_big_gallery.jpeg,Astrocitoma T2,a91407b431b8dbcc02ed6898cc5db2794b3d193e0ea5e2693d46cce94c86f633,train,1
74b1070e9c40226f488c70d08c4785_big_gallery.jpeg,Astrocitoma T2,a3e33e7f0a1222acc6cc7daa316f16a81db5ff86695f39194bc53ec6a1d3ca90,train,1
3cd4eed5fa161338f67d43ab85ff34_big_gallery.jpeg,Astrocitoma T2,b7093e1ca7033bdbdcba1e6fda407a953cefa9f045fe7644c72c94ec43138254,train,1
d53e5edfd6b5b101a11a70257b70df_big_gallery.jpeg,Astrocitoma T2,bc138033c0a957a30dea7a53db255dd7aba8a057dd22bbb8863cc3cd73faf577,train,1
e91464b4b55d0a90918d0a43398767_big_gallery.jpeg,Astrocitoma T2,651c2a12edc72bd0f3b3330aa0b1877db7d6180d1ad35ad027e243336cf3d15e,train,1
6c364f0be29716760caebe60bde718_big_gallery.jpeg,Astrocitoma T2,686f388c370b72978757b2d9d4f79a5b16405eec9b44bd8ea6e816d50a6a8849,train,1
cd1bee81c4b457e9eb10e45f1fb821_big_gallery.jpg,Astrocitoma T2,f46248a460a2ce5a779193ba25a8f62c7f28f4fdf995e38f877d07604416f065,train,1
IMG-0001-00007_big_gallery.jpeg,Astrocitoma T2,8939ca814aa91a6e19bd532334e338e6450565ce1490dcb274921b1069d2ff2c,train,1
18a91d55a7d43f33e92202b6810458_big_gallery.jpg,Astrocitoma T2,bc2d929e71e6aed09a42d277604585447a672859b2fd48df559235720e29ce86,train,1
efc6b68f62c69fe470f0d1358f9c43_big_gallery.jpeg,Astrocitoma T2,2c5ff7f9855c6f463363f233841fab804f39975f1e65d0d079428014ddf4b38c,train,1
798bcfdaf719781fd4c1b8195c89c8_big_gallery.jpg,Astrocitoma T2,0e7b2bbd9f99ef09f4cb1ae8ba3ec6c065061eba80b1bdf83e01960e8298a7df,train,1
50da2b2f4b4c72b186c43a1f988342bf5c6e0ca5de13bd5664cfdf53fec7d315_big_gallery.jpeg,Astrocitoma T2,540e6c2b818783b3972196c37ea8a52f1c2c62d5694a294744696d68292d6c09,train,1
7c375a7f78f44211341b023451f4a9a1ec351f22ddf73d85c6bac0e15b34fdf4_big_gallery.jpeg,Astrocitoma T2,f7a067b7be8f23fbc3551fca591c1b2b8bd1890010c1e5545e95dc6a02b8bff3,train,1
46c509c340a0583d03cef0f58cf324_big_gallery.jpeg,Astrocitoma T2,24e4aa57fdf9ec2da181c2bf9d0581a1f5c07f016aa700c4766a6e6008506e4e,train,1
73082ac83de2860c834bd511bab9a3_big_gallery.jpeg,Astrocitoma T2,e1ca3cf3eee354dcc08067cf0299f2460cebbd776bd10358deefbbf912581027,train,1
8c88566d9476b193fda4d0e7cc0055_big_gallery.jpeg,Astrocitoma T2,aed0fee3e4a6e83414f624487d30c0ed043c90af76fb3c53f59f567ddad4af21,train,1
77d9b981d80319ffaa9e76d9baa8ec_big_gallery.jpeg,Astrocitoma T2,123d954e88176064d600f967aaa4e37a5ff5356c4cbc13b1d6da11449689859b,train,1
07bee41228cffe84d711bb25d9f980_big_gallery.jpeg,Astrocitoma T2,1a64a0baa4050ffc7d4cc694826f92296efbaabc5a3d74444cc09feb26d3c1be,train,2
25_big_gallery.jpeg,Astrocitoma T2,442ba2043ea258de68c0f2f0adc69f698dbdd068a62700c2f3228108a5c25c23,train,1
c653299c6ade8546c11d6a6e1297cd_big_gallery.jpeg,Astrocitoma T2,7492e71e4426397bd8ab85db41d7d031c6e90b646f311f2caa60ed9ae651e342,train,1
30b9c1b831295ad3cacf950c9f634e_big_gallery.jpeg,Astrocitoma T2,c9c140e05fb24d3e97b37e423dda97ea3ba3629b541814c6f12ff27ae885b86a,train,1
2022-06-07 13_46_51-Window.jpg,Astrocitoma T2,fc5c1d54d1ce6c71d411299cb25f51e6f047062890d9fc8b1b408a7c4c74d4b5,train,1
75c78f47dbb7dda2c372a371106457e501db1e76cde1c69afb834a21684c41c3_big_gallery.jpeg,Astrocitoma T2,efe17e9f8240710132fe6d6093efd3a96c2af3a4c0b307259f67316de116bb05,train,1
cde799199cbb9c3b569fc5d5f273e7_big_gallery.jpeg,Astrocitoma T2,02def523bee0823a14f8f8e8c931871f42c95bf14fe718bfbd50ea879ae17a3c,train,1
90c5d15068382014b952a24c570761121857268fdcf91fdc850f625aa3aab952_big_gallery.jpeg,Astrocitoma T2,5de6d41bbfa185204460bff60d08758112ca3aedab99c40915faf6fc89caf1ea,train,1
2022-06-07 13_47_06-Window.jpg,Astrocitoma T2,5150a2ab93998fc0ed006caa0c9cb62449e5b6757e17c86056e947297c750fd3,train,1
e72735603ed32e3d5235b002fb91d9_big_gallery.jpeg,Astrocitoma T2,effe877570bfeea235dbf05bf2afd3d1cdb703a3d3058dee7ea7a57702fdcba6,train,1
2c29b35c8237112087bcc3150a2677_big_gallery.jpeg,Astrocitoma T2,2186a9c5fedb2352e4632687e3149e145421f4e20cc7425d2562da5c5507a72e,train,1
3e381098fd0cd355fde9b6a2ef02de_big_gallery.jpg,Astrocitoma T2,a09fbb8b2e8f67cab04ef956526fcf6b4f77392662065ab00d0ffbf3213bd246,train,1
2022-06-07 13_46_53-Window.jpg,Astrocitoma T2,d8116c71741f8c137713ebc48435f6eeae81003631a286885dd927cbb321cbb8,train,1
f4e325659557a2bdfa2620bce59330_big_gallery.jpg,Astrocitoma T2,7ad3de7f3b7b8775decbc86fe3b6ca63a845a5798b44dcb166c220f33ef75591,train,1
e483acc51553a3f911e07e8dde32cf_big_gallery.jpeg,Astrocitoma T2,029a51bdd47be9a434e5f83e3a4ba7ca30257ca4012d686f87ee73b393632016,train,1
010_big_gallery.jpeg,Astrocitoma T2,02a74daba1d53bef7d17c7f08b9685a281cb0ec793a1397a8841c254d0d3aafb,train,1
2d98a6731c2bb5f78f58e38793a8bba90db189cdca081acb5c0ba0d13379942e_big_gallery.jpeg,Astrocitoma T2,95e45fc4fa53604a21e63ce7288276c1d9020b4e904613537e6da6f89ad3f70a,train,1
IMG-0004-00011_big_gallery.jpeg,Astrocitoma T2,ef36135ca48e9cd5779f14b946492e3ad9282b36b70331dbad77082dc035a231,train,1
7ce8c07bd05012a959ef314c48ed70_big_gallery.jpeg,Astrocitoma T2,c9437afacb1d9a0d7ebac71bd7634c4052bd36284c93dc0ea562aea60ce45e00,train,1
c55f6894a0909edb2c288832f89ae6_big_gallery.jpeg,Astrocitoma T2,b6d78275f893cb447d1bdbb44177781cb2a4b35d28c966a67fa7f516027e63d3,train,1
da03615407e92ebf94243f0e36bcde_big_gallery.jpeg,Astrocitoma T2,a07dc5c11754ab7aeb63787cad5ce598eeaa5ca50b1ed850588a9872da589f4d,train,1
24_big_gallery.jpeg,Astrocitoma T2,a6d3078458c8051cd1ec421e3bddaeed44f64a4d49ac9d0204b6b20636053be5,train,1
2022-06-07 13_47_12-Window.jpg,Astrocitoma T2,5383f4ce0952eea56c2ddfdac516c787c0d5cd5a257216f8b353286dfcccff2b,train,1
d5f5fbe83e0b9e7b07c1abe7e4037a_big_gallery.jpeg,Astrocitoma T2,c6048b51809a31b16cc29e83a5251081d458a4c4f782ca40227f18c037d27c00,train,1
ca14b6bb9bfa1a207121f9d0760cd9_big_gallery.jpeg,Astrocitoma T2,94cf95c708887ffbce4bc4a6b68b3d777a85097e493426f28383dea6e3eceb8a,train,1
dcd56c991aee65e6556e5f0cf298e0_big_gallery.jpg,Astrocitoma T2,0444a198f7829dbd8ad6a2e295f618cbccd243e7dbc5e715ca0c9cb1b699e027,train,1
IMG-0001-00008_big_gallery.jpeg,Astrocitoma T2,2a8e6040691f1f868e2759342a0356e78ec67e06d175fbca5940bdcbc47f3166,train,1
d8a9d5a0c61a3358002dd3aa3e6965_big_gallery.jpg,Astrocitoma T2,ed796aae7515fa0b1779714f2e96bc6c0cfe8ad268c625bd28decccb1408b0f2,train,1
d027322a1208e770cfede03c6e0f9e54a28864696b6fc4446f49aefb8299fff1_big_gallery.jpeg,Astrocitoma T2,39bdc018609518ee1427e58e2100bdd53b0d070f68b6134f68e387c5b882b541,train,1
915ac6b86f7ca21449241901cb8bdb_big_gallery.jpg,Astrocitoma T2,06ea792e2d63c325ba681a77180cfe2325ee92660d5b30026940225064387de8,train,1
29_big_gallery.jpeg,Astrocitoma T2,ba90b0d4147c1f91cb9300a56c6e699c15a5ef4b0c74fdd827567b1d6b9b8728,val,1
f758fae793c240423cb2b4f555a83d_big_gallery.jpeg,Astrocitoma T2,7f5e2bf23b4073613801df0d34e46e2a5005b96f048d51a3f649ac48975265a4,val,1
d57a284757c0bd58476d178f193f96_big_gallery.jpg,Astrocitoma T2,1e66c00ead66362edfb64de49982a02eb84e2637dbf836649d84d0ff0e4078b0,val,1
009_big_gallery.jpeg,Astrocitoma T2,ddf0f280bd04cee0e9ff2760d9e0875fd305f862c918748be160ae19eb7ca0cd,val,1
359d3326310af3c237f100a2cee0f9_big_gallery.jpeg,Astrocitoma T2,4797339d505b22f6002ca93cca9c44a3a0309ffe307adbe7712d2582d49d9117,val,1
beb7b5617ddf0439afa4c6b495aa68_big_gallery.jpeg,Astrocitoma T2,0cc19b86da0c06b2052a0058355247f6209488007df0e2fd115fa43198d2c557,val,1
2022-06-07 13_29_27-Window.jpg,Astrocitoma T2,7f66f3ff2f165bb0552f626f0bc264923aeb03bc8b91f823e3e787b52958b1b8,val,1
9eb38f0096f2518fe32fc949d594b9_big_gallery.jpeg,Astrocitoma T2,322fec3a9798fe49922fd9a0c1e5bc8a183e5b9eec4c63f7f5f7f35d2b05dd70,val,1
988f49c82ec70c974801ec3a39db9b_big_gallery.jpeg,Astrocitoma T2,43c29ea753d75dc7b261c1cb2d78cc8004f46a36368f62534dad954e807b24cf,val,1
d8d05a3d5f401fe8eafb42e155448c3b9745d6114193ec6961bc1493585150f4_big_gallery.jpeg,Astrocitoma T2,79dd115ba6983b58a6ea902ca7014f3053183b08a678cc1c7f6ef81c3dba5ad8,val,1
2022-06-07 13_29_22-Window.jpg,Astrocitoma T2,040f5e658e1ae2bdbbfb9121f58ba242c26f39c2529bfb5b579b23af71f6c05f,val,1
export--689458603_big_gallery.jpeg,Astrocitoma T2,961c793a0f8ac716038d20fd65d90b4cad232a7fc66ced2b2eab816ee02da8f6,val,1
3fa49251ead8070d09e805e55fedef_big_gallery.jpeg,Astrocitoma T2,bf3ee9a9b04a337045c0167a1f2558f1bd062f05471789685d7363dad925f089,val,1
28acf0fd9dc9a5fa3ae69ee28853f8_big_gallery.jpeg,Astrocitoma T2,3bddb23df857b6dba1dff376aafcea17131177513eeec3eaf081adb361af9d42,val,2
9f06036b3940b4234552f420783b8d_big_gallery.jpg,Astrocitoma T2,92644fa770f6cb39efeef603e947af1cc3c431275d24b46c9e67a419c24fb51a,val,1
7d3369b1bdd90da4acfe23b5777f7d_big_gallery.jpeg,Astrocitoma T2,f9d00a537043627f1072364fa62e9efd0761536295e90bd748bf6338094b5a9d,val,1
2022-06-07 13_46_56-Window.jpg,Astrocitoma T2,fb5393f143b1a136a8e603fbf990d059b5b988b34d4d04b8e09931aa59b757e7,val,1
446c6e6d53cbc514f9f4b51697fabb_big_gallery.jpeg,Astrocitoma T2,f4abf43cdd03c95c5a440e7c5f806c3563acc9e1b53749410e6fd74fe1d5d63f,val,2
36746410de2a874e6bb3696b3c994a_big_gallery.jpeg,Astrocitoma T2,9f587acf478d1b6a1772fcbfa19077e813d5a49f206adc8708379c39afa39a38,val,2
7fed4c9656d608f3b956fef3693871_big_gallery.jpeg,Astrocitoma T2,87f60264c6514d34482bb4c67e1e09287c1cc4d6e3e50b36e907f46d915b7e59,val,2
export--689458601_big_gallery.jpeg,Astrocitoma T2,5da7303fb825a6b539089dfc312dce1fbcccd96b94568178d8a2b79fa4b2c345,val,1
8ac92baf14eb41c7d6415e80d5afa6_big_gallery.jpeg,Astrocitoma T2,be406b70913363636397790281a7806e74197ab5c4dba27a385e744e896dc5ec,val,1
705f8bc9d17240c9a26f1b843a4b17_big_gallery.jpeg,Astrocitoma T2,5c72641063d500ba03d72316b21efcc3b873a57118cf0c788602f3e3872ede36,val,1
090d30e2f05b708fd42fa8a62d3a41_big_gallery.jpeg,Astrocitoma T2,5cd462b00d3fa3086c7c784de5a6b7c07b257b637b41399ac806e4dd545bfde3,val,1
2022-06-07 13_47_15-Window.jpg,Astrocitoma T2,feaf28726b31682b3ac6e76dfc5aab3f8cd873917ce64e2f32a5dad65e01a575,test,1
b02d74ad9d39a60d64826824ed6324_big_gallery.jpeg,Astrocitoma T2,31a6efba0f0e5f58bf413c02d9d46f37b7ed436c56b0b36032c054fda2b713fd,test,1
26_big_gallery.jpeg,Astrocitoma T2,e1ef12b789efce9f1c84e8d063c6de537c18f937a55a13565c00cfdcad695bac,test,1
IMG-0001-00003_big_gallery.jpeg,Astrocitoma T2,c9050a1c7e50570e5aabb34a7c6dca747d0cc700f750bbbdd44592f536a3e1a2,test,1
8b624900ca61c47101de9b73d3c9e2_big_gallery.jpeg,Astrocitoma T2,35f961b2d81ab3e20b8f6831351e281c22540db2dcea0070e88abc6fea884291,test,1
08a833668292e2d8626f3df1ed711b_big_gallery.jpeg,Astrocitoma T2,d00e83df930daa1b66b1a3e22b7e1c870cb113f92ac03a4ba544e6ffb57cf215,test,1
export--689458602_big_gallery.jpeg,Astrocitoma T2,d29c3abb65adb9644aa68ac8383434e33a2ed72c41cc3e9bddb7f6ed38bc3dec,test,1
27_big_gallery.jpeg,Astrocitoma T2,068f2bef18f352bc8dfb2c9a38101317081e6962d1ababb8a5be874d924371dc,test,1
2022-06-07 13_29_19-Window.jpg,Astrocitoma T2,2fb4a33112a81dae1704e392bb09474cf5beef6b79c0c50aab650acf73f8b9cf,test,1
2022-06-07 13_47_03-Window.jpg,Astrocitoma T2,af25471036af6378c5514b7d95bf5b36049dead2a5875c950445f696643ac0ae,test,1
008_big_gallery.jpeg,Astrocitoma T2,ef90c016238de66d66b5013106b49c7ecf1fdd3f0799e104a74f3827a208e7e8,test,1
export--689458606_big_gallery.jpeg,Astrocitoma T2,4ec536d1d73e0e4d3b760f2c1727e7894871d9bc4784697a99ad2c5f49a007ea,test,1
af2875f6ba23ceb22801fc8147ee5b_big_gallery.jpg,Astrocitoma T2,4736f20c8f897a434b69bd39b8c25a19b46c4f0d0dd0813afa8e11d36c99be69,test,1
export--689458604_big_gallery.jpeg,Astrocitoma T2,0b4c00be165e6d0b581b6f952d574b002c3fc05821852a41a62c8fc768b7c789,test,1
c193c17b83dd08d36a7d1e153a6c7b_big_gallery.jpeg,Astrocitoma T2,2f87b733deb5a2f3cda670e264dec05bc532012cfd8814fa339c8f5c56fca150,test,1
299d84ca3a112c4c6f2693349517a7_big_gallery.jpeg,Astrocitoma T2,6356b35644ac614e9674797c05d31d569300354f97146d73e50c7e39a4d860e8,test,1
4ef1af70784f032d477c61dd9caa41_big_gallery.jpeg,Astrocitoma T2,d09ccdced52d79b5ef443079bb794f7a899ce442ea57343050b5cd19dada260c,test,1
22e78f8c46c7ad0fc818d51be0cb62_big_gallery.jpg,Astrocitoma T2,13e53219d089b21e5f04d6f0760be7b4d58cd5e568aad9585dc37a7f73b86cb3,test,1
7679432a7d1ef9dfeb2911fe4b3888_big_gallery.jpeg,Astrocitoma T2,912a482e4a117dc12d0d9632ff3fe6009ec23bf711ebdf653f30eef7f5dc08cc,test,1
006be184fb63e8806d40bc970ff4d6_big_gallery.jpg,Astrocitoma T2,2a891251cba59c53c876355244d99512d32ce20ddc46deb7344c4517716ad74b,test,1
0e115ebc68c8e29cb7c17c5e7a6694_big_gallery.jpeg,Astrocitoma T2,65a9ccd68fe1c71e7910f7d0fcc9c4f4a439d08df85b8a556e35d31cdf4d963d,test,1
5d3c4788f67959d9b291ed7fd7160bb55f5a5b142540fa46c20eeb08d2f1162e_big_gallery.jpeg,Astrocitoma T2,482c8cf36574bfeefad4b5293fe17369b49419016bf2587db10e7829424936d2,test,1
ae73bdcf5564edf74f64785ffb0fc5_big_gallery.jpeg,Astrocitoma T2,4e6faef3fa01866d7ac5633d4e02e107e4d499395b1d62ec5269fe87da89db70,test,1
2022-06-07 13_29_31-Window.jpg,Astrocitoma T2,945dbfc560f237feb751fbd93831e89165b8bbf5731201320683c05f481abc33,test,1
155578c1796c04767cfc91286f30cd_big_gallery.jpg,Astrocitoma T2,ce9aa90fb177194ba2a0d763ee9edca66ebce8ea901125c6d39cd04960cca0e5,test,1
45d804cd432a3ca7d08533b8fe4be1_big_gallery.jpeg,Astrocitoma T2,932e59f4b260b7b23bd52b4a0f66b38f31f9166705483399804fe7c5c7452378,test,1
108._big_gallery.jpeg,Carcinoma T1,d48215bbcc6e5ecef7d1f96cf571687e1dcae456232d5c9f090e887cd7f86b9b,train,1
93._big_gallery.jpeg,Carcinoma T1,065f4d43f03b04df93db61162f276cfd58bb6ed801128b2ef5bf28d02fbb3379,train,1
88._big_gallery.jpeg,Carcinoma T1,aae36d6c2d413e500491d7f4c36d4f715cead58f649be054d6d3201121d409ff,train,1
7d57c1d29ca3e26f8241e6a5265432_big_gallery.jpg,Carcinoma T1,0f2ffc94a786a026180c641b60239a40ebc2c5a8ed80e0f91536d90e98a8f94a,train,1
96._big_gallery.jpeg,Carcinoma T1,456f6e2b79ac081185aba251d5d4c9522ef8f226c8ace16a28d5d9f0883b51d5,train,1
97._big_gallery.jpeg,Carcinoma T1,b1274b03cd4c39470a094a10d25c30e528dbdcc0a48aabc7d7ff366d70bf2ef6,train,1
70._big_gallery.jpeg,Carcinoma T1,1a4b972e6ea34c2edf732b6493a56a3d88d30d02e2b47a59509cd0c0760fa48f,train,1
120._big_gallery.jpeg,Carcinoma T1,7e4258eaee95a77fab0300794d47b48bac5a65095e8a5e0b29d331f0e3c3a492,train,1
122._big_gallery.jpeg,Carcinoma T1,7e3c1ae58194401786a0d9e0a1ef02f8495c99e498a83d1af0c2ba191db5395b,train,1
73._big_gallery.jpeg,Carcinoma T1,8452fb33a7427e5da1e9b27cf4e75e9b9f28119a8912c846a5297691958dfcaf,train,1
72._big_gallery.jpeg,Carcinoma T1,81ae0d819dc9fcf97d370e51a0fe39a1fbff9e4c178c1c127bc0a377d19cc902,train,1
91._big_gallery.jpeg,Carcinoma T1,9b04c367c0f8999a9658fff1decacf87e55a427bca77d5697e49b9b1f49fe38a,train,1
85._big_gallery.jpeg,Carcinoma T1,0382dcd46a020cb20c302934c7afee8088e19d0fa987cf1975310b308da808a4,train,1
118._big_gallery.jpeg,Carcinoma T1,f804f1f1fe99cf81a8e04187a0fd458c025306a88c339d0af8a658ca99e3627d,train,1
87._big_gallery.jpeg,Carcinoma T1,991c8b97a7e32093db7f070d80cfcb97e72413c3673a43e40aa23d3ac28275c8,train,1
105._big_gallery.jpeg,Carcinoma T1,ac83332b288432f83336a3c94ad9d44c0b3f620de923b483d981caeddf633710,train,1
888309b872af125cf0d008984115f17474da49131323975546c8b70af0a3d33f_big_gallery.jpeg,Carcinoma T1,e26854fe931fc090b3d63644e19e211d1ee7682d4455165e8a87eb62c9d9d73b,train,1
83._big_gallery.jpeg,Carcinoma T1,42a0cb269f6bb1e216c9e7c6d6c4b94e3e905b31dff3ba5b9914366ee2b45c0d,train,1
113._big_gallery.jpeg,Carcinoma T1,1b4cc4a126116f9d01f7437fa87a8bf8907f93ad4e5c6561c091aca9a22174b9,train,1
a78ae612581a5ff2d3642e40ac4974_big_gallery.jpg,Carcinoma T1,e4d159b980afe962e9c918a132dffbbe7563572398ce85a903a91646e1023a84,train,1
123._big_gallery.jpeg,Carcinoma T1,fc8987e1c1654f5c65735ac225ffbeddf392fc729e02dd560444746e5c342c01,train,1
76._big_gallery.jpeg,Carcinoma T1,c98cd6336a235d6f5bcdd15260f31a210e3bb75fc01b344d25f92bc46aa5883e,train,1
110._big_gallery.jpeg,Carcinoma T1,6506dab5db0fb43d542371e65fad0bb6cbdfa242e60a7a9ac1ed086f1c9b9ad7,train,1
119._big_gallery.jpeg,Carcinoma T1,da49bd9199ef4e89bbe84ea9f6d36527d7f56dcb5e425098b2490d8fb396dbb9,train,1
117._big_gallery.jpeg,Carcinoma T1,8e88ae1db955160ba6185cd6465745fe6bebe8850cbb64c6b14ae620fae6ba37,train,1
116._big_gallery.jpeg,Carcinoma T1,c0934fe00f73f7a0b553250b57b845661c8e409d413f8826ace2fc8831d6ac68,train,1
121._big_gallery.jpeg,Carcinoma T1,b205ae63e15181151a371f9d21bf4680e0bfdafe3193576a0ee61ce1dc067048,train,1
94._big_gallery.jpeg,Carcinoma T1,ae0bac3fdb2aa68e23480352a9e51effce05bd9e7530db4eb17ac789c17cef09,train,1
84._big_gallery.jpeg,Carcinoma T1,61df36059842191e946c122709f1bae9e52b5a65560bfcb8a749d00d43eef177,train,1
92._big_gallery.jpeg,Carcinoma T1,7a587720f4bd8daa97a847d0380b3f497751f3b3fb7995d0ef569889dbd1941e,train,1
75._big_gallery.jpeg,Carcinoma T1,3a1dd710e8de69544f0c9a30dc50f98320416e79493fa2ffffb2be2fcdc4f539,train,1
107._big_gallery.jpeg,Carcinoma T1,891ca068da3c5bdd7c42533680e8213bb28d0c164549d0809e49cc28c06c8022,train,1
80._big_gallery.jpeg,Carcinoma T1,5176b5c3d5f940ff12251614797f7876d45dea52d9d6a802947c7a0baa6bd711,train,1
103._big_gallery.jpeg,Carcinoma T1,66bfee176da62071288b972aef190a40fdade93f806408d23c5889ecc61ab5eb,train,1
89._big_gallery.jpeg,Carcinoma T1,2d3a2be182e3d0b64fff70474708288724efb785b854d27641f5a667a9b41d7e,train,1
71._big_gallery.jpeg,Carcinoma T1,fbeb47414b09397bbb837f62820793b44f105260ae819bf67940b9b0846e2ba0,train,1
111._big_gallery.jpeg,Carcinoma T1,5fa9fddad9609d882e3580fdbe7bdc2fdf446c13a66a0e6193c8c609b576c759,train,1
114._big_gallery.jpeg,Carcinoma T1,017ff7bc326ca6ca737be977ef742ccf94346d05d4af0dd6b238262f6dc7a137,train,1
24d919f309170d909a749bbb1c54bb_big_gallery.jpg,Carcinoma T1,2a73fd612137830d73be8b5879e413b81455712aa19a88f71cf8e17fa35bc7d6,train,1
106._big_gallery.jpeg,Carcinoma T1,ccf9ba079ae40d8643e59b93093dfa006bef348a879ee3a9426a5a58a0335de3,train,1
100._big_gallery.jpeg,Carcinoma T1,a437d525119e096d58a67aa20b0c67a31eaaf257c3b6e85862b71afc6dcfd4d3,train,1
79._big_gallery.jpeg,Carcinoma T1,c58dfacc21ff5853252445049308146b5dee97aeaaa083362437a4c4daa4bdd6,train,1
98._big_gallery.jpeg,Carcinoma T1,299a108ed47241c3952b859f7b328dbe91d37ff48bb0883def808d58cbecd8b8,train,1
95._big_gallery.jpeg,Carcinoma T1,b783ce6ce4321d482aabd9dd710eed26a0cffd91cbcc8e70c24a972ad862c6f3,train,1
99._big_gallery.jpeg,Carcinoma T1,a4aa9f57ddac8d6cf2a38b86d1c2e672ce481f6831a1322ffc169ac122f49282,train,1
69._big_gallery.jpeg,Carcinoma T1,a78d4a0aab6a08765c55b90b750ab32d77fc6ec3265d88e4401ff8fab6d34469,train,1
1f7b62094c98cd1b6ea2cbe2ee93db_big_gallery.JPG,Carcinoma T1,7c8197c779f7761b2e11cf4b410775b7f23fc17f7c9af2a50d7ea61f8577c42b,val,1
81._big_gallery.jpeg,Carcinoma T1,58f3f70a63b3df0dea31f15d0078085dfd789a72392effac3f03bcf7f8664298,val,1
82._big_gallery.jpeg,Carcinoma T1,6203d86ee9c11ac75db7dad43a93293188f68edac9d1f226c6661fcd17721ec4,val,1
112._big_gallery.jpeg,Carcinoma T1,61122066ea1053c2b823b8284da313973f1f0483757efbde7c3089760f6d3ae0,val,1
74._big_gallery.jpeg,Carcinoma T1,cf88a049513a965958ec370f8fbbb924bf38ce1b5599b2a195b05b41a890f29d,val,1
78._big_gallery.jpeg,Carcinoma T1,386387f44d0e69e42f962f42df57b5accdf1d4b793f8c7a066871d92b75621b0,val,1
2022-06-09 14_10_34-Window.jpg,Carcinoma T1,2547fd0becf630396b56d5330f89aff783f5b639c86d47364378c77f32cc7dbe,val,1
67._big_gallery.jpeg,Carcinoma T1,f7abe0fc0f56a5cd4f7e2f47565cf89accc5e06d15318714d6baf8bc82e637c0,val,1
104._big_gallery.jpeg,Carcinoma T1,67874dd43fe18331c8775fc766665e5d9f0786c445ba25b9fcdb4a84c7bdff07,val,1
86._big_gallery.jpeg,Carcinoma T1,20ced6d150c7fa080967b31049f114153b92f28198e51ef3fad4a536db251b17,test,1
90._big_gallery.jpeg,Carcinoma T1,bec8dcafebb53b1437efcd226aa8aa9a026267ca69d0062eb5826ecebb4dc878,test,1
de7ff0f731b01ddf6a752ac67914f7d0066d8eee4abd405227a86a0881e81166_big_gallery.jpeg,Carcinoma T1,d190f2b3e48322f8a9e0d2fa5f4195bdb834cd75dc06712d85b490eb84a382aa,test,1
68._big_gallery.jpeg,Carcinoma T1,0351f55c1ab9c8dabcc34491225bdd656e4c324ec95d5d689d2dbd956d581135,test,1
115._big_gallery.jpeg,Carcinoma T1,425e7400a2e410d2c6f2f3d10408c638691aeadbfb410a531c1646759f796fb9,test,1
102._big_gallery.jpeg,Carcinoma T1,44039fecbf6bdd759f5dcd866b95b95d66eec03e145b79654749a273c0dc4ac4,test,1
101._big_gallery.jpeg,Carcinoma T1,9bb92be7159872f71470b99df802b7dd330b83a427586ef2524cd3a717bf6001,test,1
109._big_gallery.jpeg,Carcinoma T1,806a6d1c3da42c4892e2fcc3d3e9ea4aa36fbf31a4feb8419390fe2167f5947d,test,1
2022-06-09 14_10_31-Window.jpg,Carcinoma T1,cd50e4a54c0f27e44081e8cb4a43e093cdde3361c0e996cb6f67a514dba2de6c,test,1
66._big_gallery.jpeg,Carcinoma T1,0f94b81bef1f6f3c3f88560e9bbf1fe6c9d82eb133766fa4a79855ad5aff9cb9,test,1
77._big_gallery.jpeg,Carcinoma T1,56265d7d24194af6d185a6ef34809a3fa27a67766a6be968d99e9e3a8dfc3f55,test,1
128._big_gallery.jpeg,Carcinoma T1C+,f131d4c757cf48946820ea17784d9907b9db6d4b462515092189779a0d0b353c,train,1
5.jpeg,Carcinoma T1C+,81e5fb05e0dea70ea5d7b0639be0c27780c107ab170eaa58cd80aeb3f908356b,train,1
456.jpeg,Carcinoma T1C+,4a90c8fe6c37ead7c92885e8ca4c45e61e7f2c4fe3166c9f41ba9b48b5f22ecc,train,1
167._big_gallery.jpeg,Carcinoma T1C+,e28e84eb80e80b0d91f9a6dbec56b10a60291d5ee1da572e264803ed73d6ecf9,train,1
m.jpeg,Carcinoma T1C+,eb41435d92cf90d67cdb38748f1559276d0db5eea56b21697413e6689f24af6d,train,1
170._big_gallery.jpeg,Carcinoma T1C+,849077afa63ed1304e65f39189a3eb4245ea2ef52b1cae2205b319e06a04650d,train,1
126._big_gallery.jpeg,Carcinoma T1C+,6cc9a12de05824451c75ca746b179fcff617a3bd18ffd253324c3eb406ed6198,train,1
65tyh5.jpeg,Carcinoma T1C+,bd6a7981b14942e8da8a37ad6bdf8cc77b6b7844668fda606099fb8c0ec2434f,train,1
23456ty.jpeg,Carcinoma T1C+,ea55e75868ba0487854f7380531b9b55380a7c886437b922837987f1f9848bff,train,1
148._big_gallery.jpeg,Carcinoma T1C+,94e8c29d3f8a2a46bcc6c9f49ffa6ba6539b5fec544c5288fa46e03d8640851f,train,1
169._big_gallery.jpeg,Carcinoma T1C+,c767c94f1dc64f4cb500569c296079fd3ad99f88f71b8be68cb2d86d9307803a,train,1
144._big_gallery.jpeg,Carcinoma T1C+,1fd21c7099efbbb943935e8b8ebde9448030bbebb77ba9a9e8a29a52496486e0,train,1
123._big_gallery.jpeg,Carcinoma T1C+,f90a80a229f5d5f3427e59b8ba624efdc3949a5e3dd84c19e01ca0c6fb72ab1d,train,1
137._big_gallery.jpeg,Carcinoma T1C+,caf2016c8a19d6005bdb62474283d71004882304ed4931c7dbf7df9b295046ff,train,1
trdh6ye65yh.jpeg,Carcinoma T1C+,ca2817949eabe78f3fa7f9e8e02c8eb1cfc0d29961b3dd5ddc5b693e375050c5,train,1
129._big_gallery.jpeg,Carcinoma T1C+,5ad752df774c666375de856a22c287492e8b4203eaa4bb7f54035681aaffd6a8,train,1
132._big_gallery.jpeg,Carcinoma T1C+,49a9e63f873abbb547abc2edc0c626b5b76f1b89e31545a1aaf2835b0f7047d5,train,1
2022-06-09 14_09_47-Window.jpg,Carcinoma T1C+,d844205175cd1ced2abc0af0eb4ccbe2f9e2b5d79f84b7a8f339e6866133ecb5,train,1
118._big_gallery.jpeg,Carcinoma T1C+,28eff16ba2d7e6fe414782738508884bcb88c50c71aad6c2190153ddad18add4,train,1
136._big_gallery.jpeg,Carcinoma T1C+,0d4bc3f193909ab3b39903b95b90cbb70506898b8c89d2f9812693d5baa9f8f1,train,1
120._big_gallery.jpeg,Carcinoma T1C+,1d1fabbc5efc8fee6f3e34be275b387467afba35f6d3423f08c3b2553977b9ba,train,1
678.jpeg,Carcinoma T1C+,d1d834727fe91cd731167e36b02967d750d69b798ec55e3d4a04a11bed7b61bb,train,1
d7e6c99ec048171f1f2b8c4a142c64_big_gallery.jpg,Carcinoma T1C+,c1d77355818c397848e941edeb98d17c08319843851d105ee05afe7e899e1c78,train,1
145._big_gallery.jpeg,Carcinoma T1C+,b5a67e04f34409bc014ba38716c011841dfee272312c5ca11172b20b1edcaf3d,train,1
163._big_gallery.jpeg,Carcinoma T1C+,c8b515f86d8c89d6aa5e348e5d6228258b4f01b8967d4e028c8c4518c5267eb5,train,1
b.jpeg,Carcinoma T1C+,b3ea47eb3f2ac407528d97e7ee16d639cb4fb404528a7a08725b90f0f715864c,train,1
dtrhntydj.jpeg,Carcinoma T1C+,222b13e01f24daf82872bc30e4e79579d0b2412b9abd582b99c92316c7376304,train,1
v.jpeg,Carcinoma T1C+,b22ce8b80ebc88014640b6501edabdb80e137931379be407fa1c6f8489889f9a,train,1
l.jpeg,Carcinoma T1C+,2e72f0ba54333130cb6f6985bae50074ca0fedb5ec41c29cb2bcc7a51e1e6bfb,train,1
160._big_gallery.jpeg,Carcinoma T1C+,cdee811d3fefe5c36cc03ad0d0db40193dff0539b24675a9839a45a1ed2ea899,train,1
146._big_gallery.jpeg,Carcinoma T1C+,805cde0733765897d33daa4bf4075208780523a1f0d245f69b07878cefd770dd,train,1
159._big_gallery.jpeg,Carcinoma T1C+,3d4f9261a52759cd6f94aa9cc045ba03a82d27777004538afc67d3b52de5a579,train,1
9ikmjdtyh.jpeg,Carcinoma T1C+,baae3e7757e1c116662c3f9afc432f71c61c50cb6bc91502c5a9e3083dbeaa46,train,1
z.jpeg,Carcinoma T1C+,a60a465a6cd1f840aa7e0fe66c26dba1c06f714cf45efee779741062df6c2335,train,1
i.jpeg,Carcinoma T1C+,8917a38c428f0636d907c890745397027ad73b3b51fa67abce6fb68e6d1294cb,train,1
c.jpeg,Carcinoma T1C+,5da7a16f54912c22784ed2344fe12fbc689367dea54210c810ada6749da93f8d,train,1
erty.jpeg,Carcinoma T1C+,7ca528570bde67a56df4eb70c813c71630b0dc5c1ce440bfe0f430bc421b3a32,train,1
s.jpeg,Carcinoma T1C+,f802c54943984cdadf08e027792c401335b022ae9aee4e25969d5648be3ad341,train,1
157._big_gallery.jpeg,Carcinoma T1C+,ee5fbb0144efe71ad383b6c320c873af1e139d116303f7cef75da6504b5d49e1,train,1
4.jpeg,Carcinoma T1C+,d34bc269b10c92510ea78fb740e5ce8b72f947f0b0e1817eecd35b832d92c4f9,train,1
45rt6y.jpeg,Carcinoma T1C+,cc65ae241f45b78aad0c5d18250e50c0768303e08e4c84eb5c2bf8583fa62b46,train,1
df.jpeg,Carcinoma T1C+,77a53716ac1b169bea7a98985010634557af0e3905ebc5030c2e41f243357dd1,train,1
127._big_gallery.jpeg,Carcinoma T1C+,ffce4ac327def9251258460795894316d9507572d1eaeadc272c7a528051db8c,train,1
134._big_gallery.jpeg,Carcinoma T1C+,6b416c52bdb06e20ed0d361d80afc804f58315f6d8f4f9056c1aa91a30e93fb7,train,1
138._big_gallery.jpeg,Carcinoma T1C+,a35369127c8ce2ec7f10f7b6a77d510fed35f8693198d637c3f2eae5b99081c6,train,1
130._big_gallery.jpeg,Carcinoma T1C+,a6c9c274f2c16e3b6a7e3f7c02ce93a2b3f576347ea338afad684d2af6d32f72,train,1
9756974bb4917122c1b0a15d3f24ee_big_gallery.JPG,Carcinoma T1C+,6f716e3047942191c2ae6a364b53e79dbe957e91b3057cd11f0cbfbc73efed5a,train,1
125._big_gallery.jpeg,Carcinoma T1C+,665ccdbf4a3708fb2aaf1234684cb46d08d0df1152d79e617fe750786214736e,train,1
re65the65yh6e.jpeg,Carcinoma T1C+,332b07fad6a5afcc2684eae7c4deb600b198b14f95ea7e7356d2cc109b8784d5,train,1
dad48f65636382f44871a9027a54b43259f0df530c839a9af8f1f39ae8c4fd74_big_gallery.jpeg,Carcinoma T1C+,60bfb4628a9e94108e65b68da3187ba38bf1a33463ca048f16768a4ba22f9224,train,1
k.jpeg,Carcinoma T1C+,df1a2715a88b4af2fdcdb3905445b105ec30b89f274a1f3bb250f7069aab232f,train,1
154._big_gallery.jpeg,Carcinoma T1C+,a6375e714bcfde419baf7e934af24d8ee033e1f7c0d4c2d7dde3c1719d9d0ef9,train,1
119._big_gallery.jpeg,Carcinoma T1C+,009fbe7497023d04bb0a8ac638ef58e5456bc00508c69f4385a336232989db5d,train,1
8u7yhtr.jpeg,Carcinoma T1C+,772dbf55bda24585caf29c68a8694e943adfb806664890d83e0bc8168ec8bce4,train,1
h.jpeg,Carcinoma T1C+,646e8aef64bebe4049a8cc61b88e0b7e944e1afb91197c8ce55c0b746b6aa3f6,train,1
149._big_gallery.jpeg,Carcinoma T1C+,0b091b0f8ad4db38f6a80b870efc7455e601672c95ddf8910fd5e2521daf1882,train,1
150._big_gallery.jpeg,Carcinoma T1C+,b259c70b2de3ebe072fc57a6a8a3e06b4fc15c1a01413609d62866b306d30aee,train,1
139._big_gallery.jpeg,Carcinoma T1C+,4fae863dc322abc94767c71b57ecc8c520f30dd3afe42484d1b961db6e6f164e,train,1
115._big_gallery.jpeg,Carcinoma T1C+,e035e3c0a5aa8b105ba52efb166c28e946cc2f00e0e6bdcc7f1987c5f32f0648,train,1
6745.jpeg,Carcinoma T1C+,e82da2cc7de05b1e40fec088819ef4fdec9c37b3020049e6395a467d23704b82,train,1
152._big_gallery.jpeg,Carcinoma T1C+,4f06d851e3f35ad850f03889439c82b5690994799c0faf8c5fe7c91c3b6ce7ab,train,1
jutyhrggth.jpeg,Carcinoma T1C+,b9f6295a35625b03cc929e7147a590f00529edb3fae5b74df825fb94f0f85434,train,1
2022-06-09 14_09_42-Window.jpg,Carcinoma T1C+,7a7e16f181c5a1892b7ed34216d7538ed4a89673f5ae821b1a478c46efa28f1e,train,1
f.jpeg,Carcinoma T1C+,fe737b2ff47a625c8a47dcbb61f4458889014de8a336cd9b9ef56e3692109dca,train,1
135._big_gallery.jpeg,Carcinoma T1C+,6c6820c7ba24ecb4a4088c328cd577a0f5262301231fed4b4dec368a1454cd68,train,1
164._big_gallery.jpeg,Carcinoma T1C+,ef8f48963dc96840101dd5b2cc998d18a13dc548c0179b62696d9bdf4d144469,train,1
156._big_gallery.jpeg,Carcinoma T1C+,8b6030979e804ee07562b8c8c7245be32cfd82f1e66ce26b6309e7ec5af9a3ec,train,1
a.jpeg,Carcinoma T1C+,b1e6f2dace1b091fe24aa614fcc6a864e72bdb723d26d7fe5677a682500f37c8,train,1
117._big_gallery.jpeg,Carcinoma T1C+,489186b4dd48c502084a2b036b9816b9342318659817fe6b2585b39214b90470,train,1
dfvgrtyhe5r.jpeg,Carcinoma T1C+,c05c879b775bb3aa5a48752e1210abd13130e01ad7e46c2e1194a3f8d380f8de,train,1
168._big_gallery.jpeg,Carcinoma T1C+,90aced3563f56c734347b744a125161bda4d22daa409d82db570609daffbc35a,train,1
yw54y.jpeg,Carcinoma T1C+,96f11a908d942aaa5cfa59334a45f6f63f01711226b931030f53e1cd88b7229f,train,1
ee3a47a5eab1ef8fb6e8c87a6e4f87c879424b90bf7c75c81b95d64c2660e4ef_big_gallery.jpeg,Carcinoma T1C+,0c6a5d5c86c509dfa7074abe1d41c1df9bcc43b45812645a8e31163ed433525e,train,1
2022-06-09 14_09_55-Window.jpg,Carcinoma T1C+,65b1e7e5863386ebbd558c21b4c77e6027004d4027cc99b0393118b1187753ff,train,1
141._big_gallery.jpeg,Carcinoma T1C+,b555334e9b4bcdba2b1d84f231f55cd3f358c066421c2bbdc8d9cad57e0ef549,train,1
g.jpeg,Carcinoma T1C+,2eff2f814440cd7a72a8ff4c9f35bde8a1be1d5b635ea59049c5510781497851,train,1
54c972318ce15726c7bd603b440b3c_big_gallery.jpg,Carcinoma T1C+,534675771fd6abf3931df501b2ee1c9cb57a4214c3a24bc3627ead70eda27206,train,1
n.jpeg,Carcinoma T1C+,e37e0d13fbd588b32b7d0c7672af8f11b09cd88f58a30bd5400e29f995eab3bf,train,1
eherh.jpeg,Carcinoma T1C+,5763662375e07e46960810d0fdf05ea59913d86b4b4b54a4c1e88c804cb91c86,val,1
151._big_gallery.jpeg,Carcinoma T1C+,70512d282c82a1fb702739dc7df3ed0ea002d31f270c20ef05f645d9536f6ae5,val,1
158._big_gallery.jpeg,Carcinoma T1C+,17efc485f1cab7f8774fab431ffb0a90614d5a03c98968e6bd2711ff061358d7,val,1
0f2d0c5dba6efbe88cb85305fc6a73_big_gallery.jpg,Carcinoma T1C+,522e17fcdcc4bf8648b463faa91f09aa21a5e42b6e92b748174ec6f68cb859e9,val,1
2022-06-09 14_09_52-Window.jpg,Carcinoma T1C+,6ebffe1409702ea7f697833f4cc685062d3bce7064511e19b3852b9e0d916a8d,val,1
161._big_gallery.jpeg,Carcinoma T1C+,f3c629ba0f18cf584a97ae6a4dedd39e19c7fe675498ac0723f40164656b0412,val,1
6c80cbed36ff2eac641b687575159d096633c503e2694503308cbe2dc799354d_big_gallery.jpeg,Carcinoma T1C+,ee831af78be756309686ccbbfa9efc648bd6fb24bb98d5aaf53e7e0d5d00aa4f,val,1
116._big_gallery.jpeg,Carcinoma T1C+,6b17db0c3682fb95f0f2b1f257ab249353b985962d93a793ed7af2eb44b3f227,val,1
6he5ert.jpeg,Carcinoma T1C+,e0d1816aaeba2a8ba0cee2ffad3ad109c735d4f7637a71f4b2383153ccea01f4,val,1
o.jpeg,Carcinoma T1C+,af1f3004f250be719ce57eb00ae5ef3bf5954ca403643c9a98930434b3d62cce,val,1
etyh.jpeg,Carcinoma T1C+,96c505016798c0428739583f8a0875c409139a2ef4b968e8d8d66473cbc7adac,val,1
13d59343ab844910c10b035e21b7d4_big_gallery.jpg,Carcinoma T1C+,4d9f31d5eb7d6cc8849841270698b0b7a1e944f7499f0985fd49c025ce3f5495,val,1
121._big_gallery.jpeg,Carcinoma T1C+,c376426495d74799a90c43a7f22e319498ca83d091a1f885eea95b4a92b23aac,val,1
j.jpeg,Carcinoma T1C+,ba80092d3b54cf34cb16dd8636572b393ac390e4af54ce08ad19b11293e0f44a,val,1
2022-06-09 14_09_44-Window.jpg,Carcinoma T1C+,37b1c7c448f59a80b6366a2322ea9a07dfa2ba369ad381ff8292c06191b691b2,val,1
u.jpeg,Carcinoma T1C+,a83f28ba0b12349e8edcf90230d0b975bdea48a49b79b802c914270aea7ff749,val,1
x.jpeg,Carcinoma T1C+,a47e0fcbd0b957cc0f7e7a96fa6bd75f51ed8e40b9f101b6dad3aaa23c79e4af,test,1
165._big_gallery.jpeg,Carcinoma T1C+,fec0d87806a327d61cbf2e5c8c15ab1e75b952cf8a008a5087c568f5591af71d,test,1
166._big_gallery.jpeg,Carcinoma T1C+,d1fc90bbfc4638780139bcbc5315a8c0995a6673c8b39cacfd42ac445e669c35,test,1
122._big_gallery.jpeg,Carcinoma T1C+,6ace5e25a25e3791c0265783fb9994870a7bfe6c9565829e4216e33675a15ba3,test,1
140._big_gallery.jpeg,Carcinoma T1C+,f54624a231bc1dc993109adb45f3e81802d6a55dba3d987a2d2ae7d407d4aa0d,test,1
ertyreyr5.jpeg,Carcinoma T1C+,6c9e1561d943f04821ac0f15afecbac8ddef11858b4e197069367105831b5a56,test,1
rt67ur76tu.jpeg,Carcinoma T1C+,76eae59d3505f420912c3404148eca842f2c618e7326d432f5c0653171ca2372,test,1
ehy.jpeg,Carcinoma T1C+,4967e6f25c28d0036a840300d4f150e5367f8c46214f723e46344c360649b993,test,1
162._big_gallery.jpeg,Carcinoma T1C+,2f023f5fe26cbf23ff55b49e7774d20b94e57c6a6784b4eaad69849f112aa926,test,1
142._big_gallery.jpeg,Carcinoma T1C+,46e83ab7537a89429de9305525724f5419df3c9a76939f946561c9b63ba71751,test,1
133._big_gallery.jpeg,Carcinoma T1C+,40df3dc1b90fbe78b2f71401edf2341ee64d2364bbcb8858b936340a67c4ca86,test,1
131._big_gallery.jpeg,Carcinoma T1C+,5499f2a52d619b0b925866a5f314f73637a26999fe2541efb8b7b23c78c4ce34,test,1
124._big_gallery.jpeg,Carcinoma T1C+,e612a22e330750fcfb4f63ddafed7e2e48f47b0ceda6d39f2cd9c471040618f7,test,1
57.jpeg,Carcinoma T1C+,91c6460241aeb2bdd8c455b70945ae89d03114e46d647df2d5636bc19d97d175,test,1
153._big_gallery.jpeg,Carcinoma T1C+,36d8d71e324ce0c47f7c39b5f2531639fa18e6d46e3e6cab4f436fa2d8b39356,test,1
155._big_gallery.jpeg,Carcinoma T1C+,a80334df60941f53e3467717212532c03c7c4fa3984384ea3e91f29d0a0761d8,test,1
147._big_gallery.jpeg,Carcinoma T1C+,067c6315bdb5e85468f2224e55ac2166f121a90b179ce4c1839fbb0c004424a5,test,1
143._big_gallery.jpeg,Carcinoma T1C+,b17dc96f0923fbd0f8812f299ff078e6ba3f5700f632a2da00f35b4e1492be5f,test,1
78._big_gallery.jpeg,Carcinoma T2,5c037d8c86766fcbb180ade4f5b00b15da02a61ed7917b8de8d0aa30dbe14754,train,1
97._big_gallery.jpeg,Carcinoma T2,bbb1e1c432ce751848e6bba540fdb6e98b79c0de28905b1c56fb6c3b2cbdbc73,train,1
68._big_gallery.jpeg,Carcinoma T2,85a626de5599b843894d9d13f38860995d0aa5324967a55d73795eea73e28970,train,1
115._big_gallery.jpeg,Carcinoma T2,b3165719bb77d265849e2191532db7385cc6fd79f372cbd657016a9ee644c9c8,train,1
764049bf2e522c828096182e16825f_big_gallery.jpg,Carcinoma T2,ce57c38ea9ca2b58135a6a3df9757ebb7c11bfdb8eec3d81ef20346eba03527d,train,1
100._big_gallery.jpeg,Carcinoma T2,d4ffbfa917a1d1d8682974d246f28326be3afb93c9e447ebdf6a6afdd3324ae4,train,1
247077ba7231ddd70f7be8911cae7c232d9f6b32a3f7778232bc621ea075bf56_big_gallery.jpeg,Carcinoma T2,4ae9973bb2dfddbfe1518bde452f7cba1dd3452e99771882feebc68339a761ce,train,1
90._big_gallery.jpeg,Carcinoma T2,3b4372a60b93aefb855b79e972a8628e081a880548199ee72f9fc5fe48dddc85,train,1
83._big_gallery.jpeg,Carcinoma T2,ecbeb3d2385b5a5d130c8afd3b5e4eed5233efbcbd0d3762930faf06a71fec33,train,1
d5ebf85003818005a351c4af3b3b5a_big_gallery.JPG,Carcinoma T2,19ef1d6ade55131aa29be06b17e20f23b7f7e4919851b8ec36521ed1360f4db3,train,1
79._big_gallery.jpeg,Carcinoma T2,6f8cc923725e1bc4ccab96b09e98820f4150f73ee69e8a8c6ab34f318fa9bd9e,train,1
85._big_gallery.jpeg,Carcinoma T2,1baaddb3f40d94c6283eeac1d021eb93dcb8095abc72701bfd30b308aee5a5b2,train,1
84._big_gallery.jpeg,Carcinoma T2,7dda31a687e201d8f4d322fc3348b4ce8baba47c1966ceb94731f4b58adb3f3b,train,1
f4128de3c91aafcad343ffafb688db_big_gallery.jpg,Carcinoma T2,b4d227bde7fee026b3f31aa6ca4adf12609039d051cdfd8d46d3fbbb69c33008,train,1
2022-06-09 14_11_08-Window.jpg,Carcinoma T2,13c42da8abf541223d3b61d456801589c0b1bd94df92683d9e6f3a3d48825a9e,train,1
104._big_gallery.jpeg,Carcinoma T2,bfa967caaa3095f9d8511393c91e33df36d55b9de0df5a631ab777638000e0cb,train,1
92._big_gallery.jpeg,Carcinoma T2,c3d174a3c8aca31d3b722cb5b5fb6c7c5d35bdff60adb97374a960d7084b3862,train,1
95._big_gallery.jpeg,Carcinoma T2,1340a5e37674c9ba4343c0e2d09cc9b9ac36a79fb0569160c3eb852bf667ec94,train,1
81._big_gallery.jpeg,Carcinoma T2,e2fccf021678531bd32d5e88dd3d8e7cf381374c5edf7140b4109aa34fbee661,train,1
109._big_gallery.jpeg,Carcinoma T2,75ec0f7899a7bfcdde5a7501332c908cb225c054f42bb3b53e2b4544060d594e,train,1
111._big_gallery.jpeg,Carcinoma T2,53390f0e0bdd26313d91dc1689e064e640687a52fd6db009fcee848301c7800e,train,1
118._big_gallery.jpeg,Carcinoma T2,314fe55553cf22c5f0a2388dc807bdaec3a7b123a22090b09cb78fa074ea99cb,train,1
117._big_gallery.jpeg,Carcinoma T2,5f5410dd09effa56e5f6947d36a4c6eff19a8855e1d7d524dbf91b3028ddfe92,train,1
a4e6cf5edde0ec10c4052d8d77f9d8_big_gallery.jpg,Carcinoma T2,4720e266768092c9ef99f4dc8b39165b384cc581aa59df00b1ff5b82c295de5f,train,1
93._big_gallery.jpeg,Carcinoma T2,ffdd86d01a217ebc90be544b6575aa5b428ec0f9130805074b847a9c1cb776dc,train,1
113._big_gallery.jpeg,Carcinoma T2,a069a9aec67d97bb0015a1f235f75cfd410b18c0822940408c0124cd63a2756f,train,1
107._big_gallery.jpeg,Carcinoma T2,8ac2e78827c110d07f86431b84feff64313068e4af2fdbc8a4fe369cb99909bd,train,1
91._big_gallery.jpeg,Carcinoma T2,2deb1ea83873deec2a5e9e60cbf3a97b58e663b90d44ed619c80ce798582dfaa,train,1
bd9d4fddb2a8b66b1b55646e2a47f6c0d53698404d14c51b230550284cd2b3e4_big_gallery.jpeg,Carcinoma T2,fc0814002ad17d59f8e16ab5fef77aeaf200f2ed988873b3fc7454545cbffc1b,train,1
106._big_gallery.jpeg,Carcinoma T2,9f3e6576bc6157eee41e710c4ce57fcfc201a248a2ae36aec55bf27ff7f0fc18,train,1
96._big_gallery.jpeg,Carcinoma T2,7a3d78204ce98bbe8f7543cdc635a66f521398925e8d773d75e3ee9040124297,train,1
119._big_gallery.jpeg,Carcinoma T2,bf384be4c83db2600884ff64e3f722fa1e6fec8a455a4cae96fae2ad1c6c97ba,train,1
70._big_gallery.jpeg,Carcinoma T2,57900c7b6e7d669216d6be84b0442566342b2ac01671cc1862bf34cbf84f33cc,train,1
76._big_gallery.jpeg,Carcinoma T2,2cbb0cd51c3864d602c242a36e1a343ae22fb9bc6dee38fa651a309f203d1594,train,1
87._big_gallery.jpeg,Carcinoma T2,e7e717c10cbc703830bb969157f2d32aefaedf0065f2456b32f3adcd0bc89e6f,train,1
63._big_gallery.jpeg,Carcinoma T2,2812e8444d0c29ddbd23662c8d6c93fee241a41ec56ce0973a75d4b74468c779,train,1
89._big_gallery.jpeg,Carcinoma T2,9cea777de5431dc3d962c940bfd02c9e20a50e65e16d486760bcd7d0e1794dcd,train,1
116._big_gallery.jpeg,Carcinoma T2,71f151b8a88c45ec13d9f0b0fb18853bba182b3474c2c4dc41d2d05435e19a63,train,1
66._big_gallery.jpeg,Carcinoma T2,1e4e640f7f654e6e8fa1db7e3bccb138ce8a08d9e2ae658336cc160e3ae7a38f,train,1
110._big_gallery.jpeg,Carcinoma T2,83a9ca24a147251a550beb14901edab0b083b0f2680863756e886a39cb00e42f,train,1
77._big_gallery.jpeg,Carcinoma T2,e9578995f6cfde78f26ac883728de2b45a9b88698a548710e231750884ba7da9,train,1
99._big_gallery.jpeg,Carcinoma T2,7a70067b4927a618b704204fff974085bef9ceffffb527facef65ae8f4389b13,train,1
62._big_gallery.jpeg,Carcinoma T2,b6d2e26e445e2340e013abae6e845aaf2e0fd43667a08f0bc1afba7b580771e2,train,1
73._big_gallery.jpeg,Carcinoma T2,9b63b83c0434e56fe0f97ec3bfcac466d286a789ac3548e7c3faa73dbdb2f9a8,train,1
86._big_gallery.jpeg,Carcinoma T2,86e918210c4dcb28a07123cd927fc0b20fb7ce03e619dd21d30392748b676b39,train,1
88._big_gallery.jpeg,Carcinoma T2,52f5ca7f27414c951e41a5aaa7b9cd3a3e5de182878b7a5ae3c4e8539c09cbda,train,1
105._big_gallery.jpeg,Carcinoma T2,cdd0917ab48c0969e5cb8b18626e79b8c0f57d589356d6d30ce7b8b18e6eba3b,train,1
98._big_gallery.jpeg,Carcinoma T2,9296b342297ebc6ff17748eaf2d3ccce9796999b82c349183cd09fe52e6b7257,train,1
2022-06-09 14_11_15-Window.jpg,Carcinoma T2,331b8d7234b717a813f569c20ac4932a10ca4c29ed22108fda895f9a2866d64c,train,1
045f88e63fa8ee9e6f59150bb2cfc7_big_gallery.jpg,Carcinoma T2,dd81f6c7ebefd67c6eb226804c87406b0be2c7cc06c4d6896b4d6c4c180bd6b4,train,1
120._big_gallery.jpeg,Carcinoma T2,4449af191575fb7d224ad14f2d7fbcde00d98939fb6cf02a81101646a704c8d2,train,1
74._big_gallery.jpeg,Carcinoma T2,fbaafad4cc775cb3c08be2708fc1e2c9527acd2c5f4f5a5a302e048aa6f6613a,val,1
65._big_gallery.jpeg,Carcinoma T2,4f182a4545d51bc24fa116614d9b4875fd29dac43c5792a7e92c0cffbad2648a,val,1
103._big_gallery.jpeg,Carcinoma T2,8319568dcfee9da8571408949468be9ef6f8660103229b51a0626839a2271bd3,val,1
2022-06-09 14_11_03-Window.jpg,Carcinoma T2,dbaf5a9065c66ff11aef70d46ed77f1d8c55b3c44b5b4902b932522a9af180b7,val,1
75._big_gallery.jpeg,Carcinoma T2,174c6355e13a99c31efadf9fe3322a48be9141bf19ff15bf8e5235db5cf97830,val,1
21eba256297e404297b466315031ccb7da7bf0074b9d8f3fdf1c081e62e3e048_big_gallery.jpeg,Carcinoma T2,3af19fb468ec82206edebd7676313b39b06a9737c54bea2382fdb8917e472929,val,1
67._big_gallery.jpeg,Carcinoma T2,be5c20473986d5a5f8e4b1693ff4f92d1b97bcbfd50058e760c32831b68d334b,val,1
121._big_gallery.jpeg,Carcinoma T2,6e121aa461194a906e53d7108bfc9f5b5d5cdde824a75a3388a89663e89b09f9,val,1
101._big_gallery.jpeg,Carcinoma T2,5727816550513cd5579bf488dada62d45c2fd90591a0bd4e61683bf6b7930b9c,val,1
94._big_gallery.jpeg,Carcinoma T2,4b3405ef5a729200fc7b8797c1f0e9ae3a17db908d1aaecfddc3d8a05d3a681e,val,1
69._big_gallery.jpeg,Carcinoma T2,a207cdb45050282dc92834abe0c48b16a6a2c446eddaff24e40100b8397b8ba1,test,1
b4df0691fe965e1dbba4f73e548255_big_gallery.jpg,Carcinoma T2,f60364a9a64a0a61abde98a84cd6cac1199cc98f4c0fdf66e6c35fa87aeaf8f3,test,1
114._big_gallery.jpeg,Carcinoma T2,dd244b1b3c33e5df5698f921a526145d7754ee068d9d02850c815c99e3975e67,test,1
71._big_gallery.jpeg,Carcinoma T2,fc25b0c750de3eeceb1e39d0a2e3be331553cd8ad76702eb20a89f0c8594151d,test,1
112._big_gallery.jpeg,Carcinoma T2,4413ccfd4e363db76dc01b6cae248a57501c401dc42ac28e32e12fcbb3eea28a,test,1
64._big_gallery.jpeg,Carcinoma T2,79b1b7dcdb27f55dae898b673ef6bd433e664458fbb2ab7fc4921671a859c53d,test,1
108._big_gallery.jpeg,Carcinoma T2,1b2e05bfced871bcc761a00688397e83c4a328715629969ef6fce87fe7c576e6,test,1
2022-06-09 14_11_12-Window.jpg,Carcinoma T2,89405cdaa6ff6348b7313aa08ff7107a4ff3a9a35de69051987c952cc0dd8cc6,test,1
82._big_gallery.jpeg,Carcinoma T2,469863d258740b6f3ff66f378f0b53400aca0e0d9e22575d7de0fd5a279bc694,test,1
80._big_gallery.jpeg,Carcinoma T2,06f4c77c1dec6ee2266ec59806d9be262b2a52bc80b0af0931f41391a6a53ef2,test,1
72._big_gallery.jpeg,Carcinoma T2,5a7d8db5263c259d1368f7faf22efc326ae2337b0859c0dd7920db44d913cab2,test,1
102._big_gallery.jpeg,Carcinoma T2,acb6ebadaa9ddd913d926835dc06ea874ba7caa7ed3d698ade5ea65f0d0d960f,test,1
87b1882711f12d46d81e74f7166cc6_big_gallery.jpeg,Ependimoma T1,a6ee9e8bb189374b6ffd0e4ab26ee266e768bf7f17b528af7c7bdfc5f246474f,train,1
423259b644353fc67c529880604f40_big_gallery.jpeg,Ependimoma T1,11f7da70800187997dfaa626bd713dd782184e6d51798ae591e2b0535db46ea9,train,1
0b1410752fca26bd61b18ac95acad0_big_gallery.jpeg,Ependimoma T1,6c979d81ca7fb5b57b6b3ac55c25f8f09ea9d98fe87361acfa108107c1862c0e,train,1
e9199e8ec6eb46ec4bfad9b5c2be05_big_gallery.jpeg,Ependimoma T1,b4c98673d3246849b0dc17f6ca388eb75cb64d49ed143c85f8c3495cce8719b1,train,1
277f204c096833b5d9c213ad349c71_big_gallery.jpg,Ependimoma T1,acffdb77f5af07f7acf5afb46289e2d4b3e9441baa698c7e778131524a80869e,train,1
673b3c38f0490e03690d22c0a297d7_big_gallery.jpeg,Ependimoma T1,5433ed7ec3b4dccea4cef9fe26b44e45349c821d138762b6c150408ae0afaef5,train,1
ad7a8a5eeaf2fe1be6577ef68023e2_big_gallery.jpeg,Ependimoma T1,3833496a181b9b2e80ed50e8fe728c6637754450c2f9059428bebb39d96a9ba3,train,1
7cd6ea90ad6f6bacdfbe7f67545741_big_gallery.jpeg,Ependimoma T1,0ffb15e67aa6a69ab563ca8db7984a4f1bf5ab0d44d6a3ef792f640a94db3584,train,1
aa0e12a5ab2ef840614fc9e76bb17d_big_gallery.jpeg,Ependimoma T1,97821c926299c9a2f358d187939625a60921aa615a215a1570de5f38b91719d2,train,1
d1d5bed7a94acc05ac6ef7d1dd21a6_big_gallery.jpeg,Ependimoma T1,f184c15641a96d507cdd10ad3dcf4add8360e1ce4b776e5dfad416f815e1116c,train,1
147357401b350b62c231a1796e0dc4_big_gallery.jpg,Ependimoma T1,986a53e5c8d621190ea927eeda4bf25f0a1ec8876ddfa3a43ef954076fcfb8c1,train,1
bf09c24b0a36f8ab591f8b9e9ee2c5_big_gallery.jpeg,Ependimoma T1,882e3f0f7b040916096cd27fdf4bc5b344d6dc93056015547dc15b7ade4284bf,train,1
6e251dca2da0be2db9ffdc97e38906_big_gallery.jpeg,Ependimoma T1,a511b81d2966042322cb11be5c78adeb3e1f2556eeb8610d910ac4b5d4de8fd8,train,1
cf44f513abeffbc2f6160683e6eb3e_big_gallery.jpg,Ependimoma T1,3fdbddf6838fe9ed3c97534cc690136ae487acd0d504aab1908e74f2d0da6683,train,1
c7c70141ef7b2cea735a73bab88f97_big_gallery.jpeg,Ependimoma T1,f3084d91bf9563fabf97fe07f74d727d4c6dc2fc68f29270128eb88d4b98dad5,train,1
2a38810d90ee55020472c448f57222_big_gallery.jpg,Ependimoma T1,eea08ebf89f032331bf9721ac659c12708f2fdb2309985379c55b3c6e3c0729e,train,1
1cfa9b2b86c400725560e99cac999a_big_gallery.jpeg,Ependimoma T1,8763e7ab195bc1455de71f46331bf73471c1ac3e58a873f8c6a4382eefd45715,train,1
2b98bc5e5fc152a641f555a92e1190_big_gallery.jpeg,Ependimoma T1,fcc2ac91f4359f0c3b964d1ed1a8de2143087ad5dc20c766582d8fb4fe1bc3d6,train,1
6191d7def3e6d0b9f5e63015482022_big_gallery.jpeg,Ependimoma T1,cddd6e89decb31f9836a4defcd4eb7ab1463e990d2558269722e940de612ed80,train,1
39b0bf98d5c2f5fc78752d3357833f_big_gallery.jpeg,Ependimoma T1,fb7359973862c576d5e493bf771f742fd096f1184e1e08ee885a9873ef10eb20,train,1
33f7bdc58e215f3bdbb351014a3bca_big_gallery.jpeg,Ependimoma T1,a6bfafd908949ac5c7697b8d57b13fc7979f5340758efbad84da6c3b56726866,train,1
ecdf35fb96b10351f74eba1c07e826_big_gallery.jpeg,Ependimoma T1,07ee250c2c9aa3a3c36b203dca2edd94582365b27cbd64cf090ad1e0fe41c434,train,1
9494559d00098562232d976da2ad2a_big_gallery.jpeg,Ependimoma T1,523b39eb310958ff0f98be56d41da7e4cb6d867cbcf461a2e7849fb871e6f34c,train,1
3bcaf4734d3e6abd2b409888d1cce0_big_gallery.jpeg,Ependimoma T1,51a15c177a4af2ac35c37e410efbc4b4ad22e2bb6d64a429c45e4f8351b6f235,train,1
9c445e2866345c299517f07c513ad4_big_gallery.jpeg,Ependimoma T1,b7ae8b7664f4537c537cba0424fb88803acc9cd4a10ef3114a8b12750b42e134,train,1
d918806ce0a21335116bd0e72797f9_big_gallery.jpeg,Ependimoma T1,8bbda8d0695516b071bef6e8706b7d771db4ddfdd58931de1bfaabe028155191,train,1
49fb497f8cc53768b1009ad1710209_big_gallery.jpeg,Ependimoma T1,60e9d981a3f070bc06a3adace2c5777b3d636fefdd929d2de7e3a64cae159b4a,train,1
408bf2e83d471a712641094f75403f_big_gallery.jpeg,Ependimoma T1,2b05cd159ae7721997b928abbbf136e13f9b9251fb50e38499ed806b39b14aa2,train,1
52abfebaae427ec28777d323f44fdc_big_gallery.jpeg,Ependimoma T1,95b9f59434a543cacdc47dcabf89c3e943d1bd8fe9e07e109b6e8ef26f24b215,train,1
53f81799c41bc1b5559b5a7ae5ae10_big_gallery.jpeg,Ependimoma T1,fe2b2559c5cddd745501578a0f8f1d77c3fa6c4661dee48a3a86a322c5698141,train,1
ac2475c6ac29b0326dd44141c99014_big_gallery.jpeg,Ependimoma T1,cd76ae48dc1da1f96479c6f42366f19cd6647a937bb55707ccaefaccb611ae5b,train,1
759770af73daedf887196ebb927aaf_big_gallery.jpeg,Ependimoma T1,7bbc1f5a1b47154f0c3ef56b11dec6339cdb3647e93142d69421e1768911ad64,val,1
57a73d21e12fef21a1a68910dc7c0d_big_gallery.jpeg,Ependimoma T1,600f1b7525ab29d65c879e41c0f9bd068a3a9164543ff94ccceb74d7d606f081,val,1
eacbe7eb1bada019a29a26dfc9c5b6_big_gallery.jpeg,Ependimoma T1,c7350159eff0fbd2d2715d03237d16e28c313dc143018d493d02727feaa5ba4c,val,1
828d43dc955aee1a3fbc78f06c4b5f_big_gallery.jpeg,Ependimoma T1,652262a3f3598569c1193ec36778647c0a945b0204d51d3be1eb11854daacb66,val,1
4d4cedf0bbe10b3c7b1674ea004368_big_gallery.jpeg,Ependimoma T1,27afbaace7c34439fb290d1af455a6c90df03390dc443d4907071813d6efa941,val,1
56fb2fe76cbfea437072c8a655c5ef_big_gallery.jpeg,Ependimoma T1,551f7660b81ce80811cf6d72276d02e19a939140e227948361ea2f003d088411,val,1
278eb43ad45f8cff2f170e26d4ed81_big_gallery.jpeg,Ependimoma T1,05354e46ba9d69bbdaf2e395f94ae5cec67066f5ede47ed7041d4213f4570738,test,1
0e9213ec41aca67cf6bef5723c1cb4_big_gallery.jpeg,Ependimoma T1,4630d19faba5172baf7b7e5cda9d5237036fbf53ec3049ffb79fe6c97432110a,test,1
955b9b60e61b1053e8d11419369b7a_big_gallery.jpeg,Ependimoma T1,0018fe446dfe247caaf31f9ac6d1a98091378c1a6335c59feb350a09b815c8bf,test,1
f779571b1a15ea30a6c6735820fe12_big_gallery.jpeg,Ependimoma T1,e75d01da84ff911e9a0b44dc438d36bc2b592281358dc3b11beca61e0577a5e0,test,1
a2f5d4e5b3fd9704438dcc7969c853_big_gallery.jpeg,Ependimoma T1,c3380f9cbb643417514bcb665423764c5e86f7564a566d05510949a66f73bfc9,test,1
52a276cc90aa16d9ae05a88b924535_big_gallery.jpeg,Ependimoma T1,2d2e201fbf1832dbf7141ab2e18b0ccc0262b88f831a9a67c105463a300c9017,test,1
bec760b08b33fc5c8efa1cf200ba57_big_gallery.jpeg,Ependimoma T1,c0796335c1989aa80deb69f91548af783939d057e9f2020ba7f9076f8d6a150f,test,1
a70075686267a2266269483abc3dec_big_gallery.jpeg,Ependimoma T1,5258eb5bc8eb2efad70034af2bc521c43e6ebb9259fc56d3d79220d0d1f3b94e,test,1
a3fcb2219a60e2c5f8c051a4632e12_big_gallery.jpeg,Ependimoma T1C+,f247503171a79cfcf42e837cbd709e268b6153d136b7fc72d1565df6fb6f2a58,train,1
79263db492ad2a4fdd87e7d10d5df7_big_gallery.jpeg,Ependimoma T1C+,36a86ac79509aaebfcb496a1cec91177ba9c59736fc82bd28d89d428c6e9550b,train,1
515251f70ae06dc3a781493e95962e_big_gallery.jpeg,Ependimoma T1C+,e6f288638b0f94118716d6bb6b9cbf6c31970a2d302cb21e53265aac2231b581,train,1
39f5c9e89c1465d1fd450f6bcbb2ee_big_gallery.jpg,Ependimoma T1C+,1dcdf2bd9739ca28a371065f301c87d5a1478807d479017d42afb813f9e5a0c8,train,1
a0e92a437b24f3402a821bcf8e01f1_big_gallery.jpeg,Ependimoma T1C+,9fadd8fefc6249072751d8870a405650744be422bd2357977cb7c184d65cfbd1,train,1
787d42b76e207ace18f8c4ec0ae969_big_gallery.jpg,Ependimoma T1C+,14d451bef08e8b848bec4b7151a5a45b7918fb03b160eda639739f8c0334eec4,train,1
79d9cc907fa27a5ed38b9c8c985345_big_gallery.jpeg,Ependimoma T1C+,856fe0b066bd2a34e2863f0293899156cc35edb032cbcfbc465c17811549a696,train,1
e7e7a529db92ea7a00a49233b0a3cb_big_gallery.jpg,Ependimoma T1C+,62ca11f83e57d4317c4efea3aa249bdfdb751ba8dde6f2f8a98d73eefd7a0f97,train,1
70346483d93a0b4a272418736ad3be_big_gallery.jpg,Ependimoma T1C+,2a5a306041de1129ed85855b4ae73e8200e6e1c7ec7c34745194940d6b0eda5e,train,1
d9a7dfd2b6c3e6d341dc6b010479e5_big_gallery.jpg,Ependimoma T1C+,3ac4998b3d92fef8165fbf7ab8d272deba35921a408e8d7792196015d97ad57a,train,1
26b06a9a1893927f854257f0167ca0_big_gallery.jpeg,Ependimoma T1C+,f4a789f6304a1812f406bb9c14f42e23ac308026ccb88dc32551913e30e6d5ca,train,1
9a38ee628f41de757e55456f2c5c54_big_gallery.jpeg,Ependimoma T1C+,3c7e700be7cfc44d27df9d8c963e7a7208da4f0e8b8d65ca0aae15e141540e20,train,1
9ec6790f032c98995bb7fc2b2961ca_big_gallery.jpeg,Ependimoma T1C+,54e6e01fa000c704ef7c2b1f6df3ff0b5623664edac58ae78e0a6659d26c4b02,train,1
80eaf8167254850f03fef8e92b1d42_big_gallery.jpeg,Ependimoma T1C+,6a9cc9884d470a304aaa2aa69b974dbe5fa02c662c62aa7f7c31a7c2438488e5,train,1
5f876ee46dba63786b3bcf71193ff6_big_gallery.jpeg,Ependimoma T1C+,dcef15863dcd2317768bca774519d360365414074a613093472795e46b6f9d79,train,1
ed8ff9c97ad721bce4ec903081e326_big_gallery.jpeg,Ependimoma T1C+,8da4fd97a4f73ce4bd696004f448b160eee297b9b39d8f4ec679e804c96ebbc4,train,1
e604d3328b4b99b7121f7a3f165aed_big_gallery.jpg,Ependimoma T1C+,a04931c4e16d058e98d53cba9d7a95855c32e9fb75b0468b7c27909045b745e8,train,1
77df45ef77e25a74b72d242b7f296e_big_gallery.jpeg,Ependimoma T1C+,a4223269613fcbe274f1a312f6876d6794e0c2a24c04f0b718f356a20a70fcc7,train,1
4e16788043e7adfc35f8563e346224_big_gallery.jpg,Ependimoma T1C+,41e403ed5eb5c5ba047628e2a70e2056cf1c110430db9b9e823412570cdc4bca,train,1
d06f53841ee50c43160fb4647ddd50_big_gallery.jpeg,Ependimoma T1C+,45450caef406b033ccf6dc1dbcccc1c2f93386eded63d73c14116fc041870183,train,1
baaab536afc14df57e15e0cf69c8c4_big_gallery.jpeg,Ependimoma T1C+,933414813b6f657ff6e4fd70cbe88fa10fa9d95fa92d0dbb8140ed50288de068,train,1
8886084b5ac2ca9bb877d2e4855825_big_gallery.jpeg,Ependimoma T1C+,49d209f9d0a5fd526123d386aac1837e83bfd584cac3d69bf0075d350fccf536,train,1
dff71810d06f9a1d15acc44abb5b8d_big_gallery.jpeg,Ependimoma T1C+,b34e30ab88de28549f38ad2addcd0941e44fbc663f8726585d1d12b7e8accb55,train,1
15ad1dd61ed3f552c2ede940e44010_big_gallery.jpg,Ependimoma T1C+,a08338726daa89ec7a1f3486073e19dc70700b111a4c29ddd772d1dd8e439649,train,1
356a41fcaa9e3731480baf4217b101_big_gallery.jpg,Ependimoma T1C+,d73eb2376baae398173fd508752b68cdf6e1d5ec58c76ed05ac755247269c237,train,1
4a65a66afd8f77ed5ef1536a1423c6_big_gallery.jpeg,Ependimoma T1C+,dcc51dd4de7004d680f84b8406701b021e4569606086d14c4d33eb14f6556e19,train,1
f22d49a2c600bc99642778309d5fbd_big_gallery.jpeg,Ependimoma T1C+,4074b28fc47bbbd2231ea99222690f80f735f099676f121b37ff4455d895a083,train,1
917ac83c5df6b55205a9f024bd9071_big_gallery.jpeg,Ependimoma T1C+,ba2792b41a1d19fd4ea41f59793df574609f976fdb3d5340f777b7c6aead7cf9,train,1
575c77689892631f9a4f1643ac7f8e_big_gallery.jpeg,Ependimoma T1C+,b3358c406f4702ce8a7894889d446c66572d2c0a263fe3cb008ab963b98ad7f3,train,1
4747e702d32f87879a5af404611f9d_big_gallery.jpg,Ependimoma T1C+,70ac56aaed035fe765977018adf678fdccd020000e2eca212d4e8a7529a418b7,train,1
b386aebf981e7ce873c58bd5cf448f_big_gallery.jpeg,Ependimoma T1C+,48071844c907307cf8383e3c15806a1e3d606a116ca25955a8a2e150b23f7b43,train,1
e55f90c1a15a6d9ffa6bbc5a8c55fc_big_gallery.jpg,Ependimoma T1C+,388d7b8a3567e4f5f6277a6ed4f8ee9bcbe0b1d060dd83fae88dda94c7310c82,train,1
36c9e82ced7baaafc6ecd19d5cd127_big_gallery.jpeg,Ependimoma T1C+,570a05288c0605ee32e4c50e5e2d8c539a2c44802ff6c537b3cb87663182d424,train,1
a017c8939ebb1d831bbed844401324_big_gallery.jpeg,Ependimoma T1C+,ecb6eb64ae11492838b9c4819b428b5322eb0a1115328b6756a3e7727f7ba9e2,val,1
ddebe2c382ed817470dac06d30cc20_big_gallery.jpeg,Ependimoma T1C+,5892a03d2a3be3583839ee4144c5f9e21e5ead48f0845116eb2f537c51e52cc4,val,1
fdc9f534e7b94df251dc7ff7444c71_big_gallery.jpeg,Ependimoma T1C+,aab8ea9c95b3477a77ed1d33a50162193e1904072a831678c3ff383796599ef0,val,1
b27ab69df34ceefa5c8ad546863ef3_big_gallery.jpeg,Ependimoma T1C+,62471aad4fbb86e1eebab25daefd041fbb7a698b3ccfbb84e003ce3790b5c283,val,1
25ffd2516247b319aa936f0733618a_big_gallery.jpeg,Ependimoma T1C+,2d3b20c5c64ce6d53c1abe2c126aa855c0577425b9d73cf1aff482b54e147694,val,1
1b1d8465e93e343a8e273fbb434626_big_gallery.jpeg,Ependimoma T1C+,dbc9f78e50c6dde677494790e5654aaefc88a45b3a7835c106811a5e598c82fa,val,1
61648b2cdd57087288efa51b2dab30_big_gallery.jpg,Ependimoma T1C+,1229b4d58b7540d7dabf203fe6595e793864b2adad8317c2e2cd29f8d14c602e,val,1
408e7856634fca1ead2538943b9117_big_gallery.jpeg,Ependimoma T1C+,19511ec226dbc0153dca4aaf80819604be01621dacf54eb249a6a9be16aac08f,test,1
ab04e146abb7f6494f21e9bf82f0f3_big_gallery.jpeg,Ependimoma T1C+,c8a8ba6760ce4f9bc6fccf7f3a0a6934b64e3a77f8a5cbcab4fdb4b68c8aa788,test,1
0b6959efc6210234fa9457c300436a_big_gallery.jpeg,Ependimoma T1C+,f2e3c82336180149fa6c110ed1dce75de07c15da2d6839aae9c05f30f2c24653,test,1
6cdbe0b8c0b17eb7d02bfbb88b704b_big_gallery.jpg,Ependimoma T1C+,6bfda618d74ac7df6c31dc407e2753519d5afb1c5b9f30e10ea7f853e3007828,test,1
4da8faa91e1524a12e0015ec8be179_big_gallery.jpeg,Ependimoma T1C+,5e46c1e2642c2b137d17dce4d1b9f3b877482813c795354f6e624466dc0840d9,test,1
7898aff89ff712dc20b976771798af_big_gallery.jpg,Ependimoma T1C+,4a5fdab71418e2d7aa558cba0150652bcbcd7f5c4dc7f6bb643e2f9265050f17,test,1
55c0ada3cbc129a4908259561cbc07_big_gallery.jpeg,Ependimoma T1C+,897c8aecb2d064ae93b61831b25ad177e997e7a4f50a57ab8c8d98cf029234d5,test,1
65ebe5d5db04fbfa90fe5333ac5e21_big_gallery.jpeg,Ependimoma T1C+,e02c298822f68738fa8726a188153b4a2b5b7f36f962eaaa281809009d7b13cb,test,1
c4910a0312cd2ae1e2b971835665ea_big_gallery.jpeg,Ependimoma T2,a7208761d8b0cbea18307bb622186dca4652a4199e9a3f0eb12532648c9fce73,train,1
57b14e12a275644886cfa7b669eba8_big_gallery.jpeg,Ependimoma T2,9c28a2a2d580e10e081b949d476d04677e44d026b34755d187abc758ed7c6cdb,train,1
47dfd659d7e9c747c9da4ea24be4ff_big_gallery.jpeg,Ependimoma T2,44a2e2d165b8361263ffb7044cea39272827269c485f90f0e1deb0b8a9d9c6b5,train,1
c43b54b4da1d6a07e1006ef1ea54ee_big_gallery.jpeg,Ependimoma T2,f552d0881af0d843b3699ed78380cdcaf97f13225a492aa7095a5008defafb9b,train,1
327bb9f46508e07d2c54968544c8a0_big_gallery.jpg,Ependimoma T2,d32ecab6ab4ca42770890b13f19cf220854b7b0a643922836ac9585bbc54eb2c,train,1
65ce0561d03f6d590c0671b7387991_big_gallery.jpg,Ependimoma T2,9df712f7bf46873334c5bd34d00c1cd2e5d3322182b81bb81e28dc1abc34d8cf,train,1
5f4823c7b8fca5661d780b958a1df3_big_gallery.jpeg,Ependimoma T2,23d2e0cdd5236296c68455a2b3fc8cb7b39224dbe2b2fba3230e11f6bd070e53,train,1
a1951d6b0cc1644a552ea1d6877395_big_gallery.jpg,Ependimoma T2,43d39713dcde62a9bab568714c58c462af6b7934a616241bcd9180f01f3b4a74,train,1
77311b71ece3fc372346ec9435ef72_big_gallery.jpeg,Ependimoma T2,fad57401eeec2889b9cb9706639e35ad97bb3f1e9dddb6f34dc4d3c7349fdffa,train,1
a9a1bf5325bb56c707330e65ba6a92_big_gallery.jpeg,Ependimoma T2,874814ea3d2ab791f434ad72e17742b12ff7c91e668a158c782ba98a10939b9a,train,1
d18353902078dcc8c5d40122f17c8e_big_gallery.jpeg,Ependimoma T2,44564530f31d236b3e7a7ca923795c65b3668809f2f873ef42bc98df948cb66a,train,1
63f23b3d78988afd2a84f92bfeb28a_big_gallery.jpeg,Ependimoma T2,ae3639a882853365c66173aa0000bbf51b895b402e3b6beb051f4e186ae540a8,train,1
e27a32c93ec8e4ca25947af9f7dd94_big_gallery.jpeg,Ependimoma T2,8535cb41d3f8e110dd4e5c7c429c8fa942ae3600eef9d3ca391095f91fbf61d0,train,1
cfb8cc66c4c24acbb236c19c8de617_big_gallery.jpeg,Ependimoma T2,07fa51d40aec00c2d534f62b5be156eee30b74c075cddc5e70920be0ead7b69f,train,1
d23eb6f105a0d10c603997e60dd31c_big_gallery.jpg,Ependimoma T2,8a052d066492216121990c26df4f8629d0116ab1e79ee056592418d6b5ced465,train,1
d0c11e91bb199e8691cc6cbe533e3c_big_gallery.jpeg,Ependimoma T2,2fc604756ea15b64cc68755a9f2b8ab0f28d40337efc153650bb7f8ee07d905e,train,1
c65b3b48fe64319ea27e603d813277_big_gallery.jpeg,Ependimoma T2,57aca4d61d4fe422a1a8581a6663613d2103a9e569cb5690422fe2c8c99550a1,train,1
caf5dfbaa18d829ebfe0359f5e9780_big_gallery.jpeg,Ependimoma T2,f57472c1b1907171f5f4a0a9a1321e0fac37e6bb33e9664ef0964586e4532606,train,1
4b54ce998b22c14e625ae79c4ee113_big_gallery.jpg,Ependimoma T2,78103f1d40863277bd3d26bc1dc3a26d1e7ad7cac23f573578f6f90251cd6958,train,1
20944b104d4fe2d512994265ef9c61_big_gallery.jpg,Ependimoma T2,6ef12c455ff60b5e804243a85b6fb3fecb1fbb494e4daa6ce273ff7d7db5f1a2,train,1
9c0cac4134f10608d6b8c1c96b9cf9_big_gallery.jpg,Ependimoma T2,df48d8110f3c073897ef468539afec42a28bdf757ec3e366f529aa860606bfc7,train,1
59033eeffc5f6655366efde13bac3c_big_gallery.jpg,Ependimoma T2,f95481d8e8850fb7ea3a74a989b297e815284cca3a7185c6d2c154172485310c,train,1
0cad4138d83f289e6df0426cb6cd96_big_gallery.jpeg,Ependimoma T2,7205e3c40599241d593ec18a9001dd39ccf892e4755c1c8e6e61e744fe967b06,train,1
37f7d78175315dc6cd10245da5e430_big_gallery.jpeg,Ependimoma T2,c5e5e7a6349e44c25b0018d560b8c83a9368da05865b3c81a39c937457a47665,train,1
9e44d82b4c33d64c8df1a7336c9b63_big_gallery.jpeg,Ependimoma T2,bf4a08696033c38bfcc053489d19380029891188b8de2b20a366ee834a88338c,train,1
d3c141c86fcde38a235f092a6870ae_big_gallery.jpeg,Ependimoma T2,97a3fbaf80e0829894c0bfe353b9c86bf388a2c4013464f2d54a4d0970043af5,train,1
5c227f87869ea7aebda06b47933ee4_big_gallery.jpeg,Ependimoma T2,2c8f243146b5c983b92641e7eb03fce3fc95851bfd6bd8448482f5549816588c,train,1
814884ab552651d3297ed8b5c3a4f8_big_gallery.jpeg,Ependimoma T2,7f478581fc1da409743740fba55e3ff7dcaa66ac9376147e16419ea03b60b0dc,train,1
1eb5962b64fede91aa7daf2c7e8372_big_gallery.jpeg,Ependimoma T2,1155f0c74e0182cde86088b8ba6134517493306d09ecd6bffeee31292c7abc76,train,1
0906f7c8aa6f70ae91e6bf15491ab7_big_gallery.jpg,Ependimoma T2,02ad8a934d7adc20fa287373a46c1673fd1a1c1a181a4fd5b9b60d0fdf9b9b80,train,1
2a7676372943a94be7cbf7239fb6cf_big_gallery.jpeg,Ependimoma T2,2c384d6fee3d914717e3c196f2e8336d26dfc8aa1686e0dc0d24acca1d40deb5,train,1
7969b7e24e3f7e8efd05197853f461_big_gallery.jpeg,Ependimoma T2,14ade74e5a0fa800cee9923b11e50053c837bccdd3b58e0d923ba246865ee8c2,train,1
ebf441cf719361ebf2a65280c6d04c_big_gallery.jpeg,Ependimoma T2,fbec38cc0e5d8fe7135b5a323280dbdbb8e2e2767a7a793f732f1ee4020ef6bb,train,1
69f98f68b58d4680786839f4214d8e_big_gallery.jpg,Ependimoma T2,0f03e458797e8d4a814fdbcced70f924acf0fec634f002c9626f3560b6024b2f,train,1
0670f563938c401545b46597c996f4_big_gallery.jpeg,Ependimoma T2,070eea634831cad91a434b13dd8b805c7092bb25cea65a338d45ba5a5da920ce,train,1
c78c4b33c131168baf8b8ee5db85be_big_gallery.jpg,Ependimoma T2,66f250fb1cdacc4e1686c9714fe41cc5994b8170bc5adcd927e91ddc0f52ae9f,train,1
0ee15dca7a950b3e6b299aa921d18b_big_gallery.jpeg,Ependimoma T2,d420a035a3d2ad8860c28146282be450f29b6789c580f627239a14b5901fbde9,train,1
a45ce7293334265a43aa4c7522b65f_big_gallery.jpg,Ependimoma T2,3f619f4f0eae15e555d78e03d9016413a55b4755efe0b0e57098022344368591,train,1
322fbecf3b39b804462ade6dfacb72_big_gallery.jpg,Ependimoma T2,4dcdefabb6b4d8f0440b6ccadf9ab6bd4258d372f4faed74bb3b48aa02c929f2,train,1
3d89da717e8c3485c4d41eb59e729a_big_gallery.jpg,Ependimoma T2,e1741ce6bd5ed1ad15240c5289d4d45eb235837f234ad91564c08debb6dde20e,val,1
2c2fa50c10ce5492d725605127688d_big_gallery.jpeg,Ependimoma T2,8e80919d8b3c720f74a94ca7de85ea2e2f9072a181ffc43e5fe254488b183dcc,val,1
10cf22375267f09aca4242762a3b21_big_gallery.jpg,Ependimoma T2,1f5b9a7377e9a6acd16728a9143e5ec759a2cd0460cb65e65ab4250d3221f0fe,val,1
411c8eab1eaa49e153b6ecfab86a9b_big_gallery.jpeg,Ependimoma T2,1cbb611a1b5b3b802a76d312a3bad27af43ba001151bb251c47f027055213273,val,1
c8e8dbd4ef731e7cf8a1dd886605db_big_gallery.jpg,Ependimoma T2,b680d5c82db4d129e373166157cb3b8bc6cfb9585ebcb8e745a7fcd137098e0c,val,1
c374918229d8364e0806c2dd4de316_big_gallery.jpeg,Ependimoma T2,56e8b736ffec7c83c4c3fa4185acbf6aa246c535127dcdead088d34a048ad98f,val,1
37f7622e76f63ff755719c2250b17b_big_gallery.jpeg,Ependimoma T2,a87786db27dedb4b130dca9eb97682363fd72acba878f708dee636aabae47e4d,val,1
1e7c627415e6094d3df50b047693a3_big_gallery.jpg,Ependimoma T2,1b6c617dcf134c2ebdb70506a59794e5e4a08502abe9ca57b1d2f30012d34468,val,1
d10b9aa14bcabe725be640741b4862_big_gallery.jpeg,Ependimoma T2,5ef2039d04c9bea7e6f6126946633dcba88c993db1e4ec8b23f5b459e5bac8a4,test,1
0e675369d3b6a1c182fa462e5b36e9_big_gallery.jpeg,Ependimoma T2,8f1518b7c475eefcdcac8e7f52cd039bcec9c67a32018c38c18fd7841e63cf3e,test,1
b32856778f8e49b306b406c18570f7_big_gallery.jpg,Ependimoma T2,0d58370bd91e83c6932618865cae26f0681ef70796472a1d54ad72911fb466e8,test,1
a4785edab478b4c6ca28200e2a400c_big_gallery.jpeg,Ependimoma T2,6f29ae842185136c403bca20ebef3eb5b17878a4c66c28eec781cf92f1bd436b,test,1
e49d51017a7e6f298a3f0a636a0e46_big_gallery.jpeg,Ependimoma T2,cafea4c75215bcee272d1d7b06140ef96f80ed53d4076d5b8a5ae72d913eeb6a,test,1
6bd81baa1cd566a6359376099393af_big_gallery.jpeg,Ependimoma T2,699cfb466dc340c728769db8ad7e1444189f3edb71c9b3aa531f70b691f910b5,test,1
a8cb389bc9f977b6d0e025fad579cd_big_gallery.jpg,Ependimoma T2,d01184ef215b286cbcbb192064c1868fd39284d9c8f4f537da377c4d5544d51a,test,1
529c62a5897c43483ba7c4e8b9276e_big_gallery.jpeg,Ependimoma T2,c9c116421bce06575fb5ff227e0419511a850362ea551b1dd342f81ac01a0d6e,test,1
f604aa5376e769ca5041c64d22d596_big_gallery.jpg,Ependimoma T2,d6facbdfe0967929f5fa9dce03aca0034ac3d0edcc4c3a4773d57947cd9eadc1,test,1
73c7a6d5cd132813aa32de7063b8ab_big_gallery.jpeg,Ependimoma T2,83f084cea2fd6e0e72261ccdbf6164a1ecd4f6094ba3efd7959b8e46ded082ad,test,1
1.2.840.113619.2.80.3040119935.32584.1613839126.7_big_gallery.jpeg,Ganglioglioma T1,6d947685b0d5f2c095493e709e73e3933573f74b5afc7bbaca3617e286c117c2,train,1
bfb29575257618fc0e663524407609_big_gallery.jpg,Ganglioglioma T1,4798993f5e6c794f9dd053412acdf7fb0867270e760052c2c674ac5199c0ee78,train,1
1.2.840.113619.2.80.3040119935.32584.1613839126.12_big_gallery.jpeg,Ganglioglioma T1,427154d02c474900cffedcece2fcd8723bd8c089ad51cd29a832a37a3c5406d7,train,1
6cee650faa0a332192b73b52c81de9_big_gallery.jpg,Ganglioglioma T1,e38d8c5aa7c13bb02b7d5ff845f779c3ab74593a3ec6115e40664f5e2d01b0ff,train,1
bc048b5e260f4a08ec39a5632fa8b0_big_gallery.jpg,Ganglioglioma T1,0b8dafaf2bb874ff4fd8cda7a90d7e0528c7ea98bcc72de569894e28a0be906b,train,1
a2001f1ca13c214d98c31c894aa588_big_gallery.jpg,Ganglioglioma T1,3a8f9070a3f1798affffd65489aac74f7b91fa42de4a29527174fe81377902c5,train,1
dfba4edce76806cd55822222ff7d54_big_gallery.jpg,Ganglioglioma T1,85881902d2caa7cfe9ac305c4b4db064bf20994fe2c6042601ca245a330428b1,train,1
7._big_gallery.jpeg,Ganglioglioma T1,58b6ee0e8ab6993da5f3d1305a38c846334adc9c2e9efe4f49dbadc7e342b0eb,train,1
1.2.840.113619.2.80.3040119935.32584.1613839126.8_big_gallery.jpeg,Ganglioglioma T1,193aa24ef4ea82f30006be6c8d2cd4877d72e46ff345f6908293c4605f346498,train,1
1.2.840.113619.2.80.3040119935.32584.1613839126.9_big_gallery.jpeg,Ganglioglioma T1,9005f787838048798788f79c99735df175eb9f45eafc60ba017ae30c6a0e8eb2,train,1
1b4cc51cf70e28c03fc0fa8fe43eec_big_gallery.jpg,Ganglioglioma T1,b984d5ec20448b020427b4783e38a5f2d64849960121f0879600d24fceb7f00f,train,1
1.2.840.113619.2.80.3040119935.32584.1613839126.10_big_gallery.jpeg,Ganglioglioma T1,f45b50d97888d7cbd77314c52b1ed3cefe7daae1b9496b5ff41560e42267e683,train,1
c5f1de98c80b12e2142f91b3adc1f8_big_gallery.jpg,Ganglioglioma T1,af56425d586e8b0ee3db47bb5162fff8f41c9fb37ee5c0539e9b9a9367ecd39e,train,1
1.2.840.113619.2.80.3040119935.32584.1613839126.11_big_gallery.jpeg,Ganglioglioma T1,a4b9b46174199ddd8502f36b665ca64d8f73f5207143a96fe4e1d16152aec522,train,1
556406ee98b40fc4f60486c3badaba_big_gallery.jpg,Ganglioglioma T1,56f8e7e97a1c20d25ed4151f6c4c9ac01e745d295c3cdba61b6f0d6e87588e0c,val,1
bb52c86460a3c06f837918fe74b529_big_gallery.jpg,Ganglioglioma T1,3e840f42220f794f627bd1416985ac8f83da117212c3ebea801584ae1afe43fe,val,1
5e7ef27999200f9fa86b1393473798_big_gallery.jpg,Ganglioglioma T1,35f32c806cad65b5b7690963b6b489446f205e4a8e15a4f4938683a5818836cf,val,1
87ecc2ae10d82abda431e51c3198f9_big_gallery.jpg,Ganglioglioma T1,37b231b997412874096bab431d4409d32b3d9b05dd2d88aa7804d4fd8c09e40a,test,1
6397e721a9b29961f83063bb970121_big_gallery.jpg,Ganglioglioma T1,4e4739c966af2ac716a4dab9a9c8db03af5671f44ad3ea8446b861ff0721e4b8,test,1
a62d2a0098d76c09d2690dad9f95d7_big_gallery.jpg,Ganglioglioma T1,a19569fa51156f10182987cd1fc733cccb47b46b97ead0db12b1c50fd1776949,test,1
bcece54279bf114afc0b80f98d3659_big_gallery.jpg,Ganglioglioma T1C+,a8466d20cc1a1153a058a7c33ab54e3db98ebd26ba4f6ed08308c8180f5dbe37,train,1
7._big_gallery.jpeg,Ganglioglioma T1C+,7ebc8becf1e02dcccca9825ce0a34100266382b2b4047ce43143d056c78b85ae,train,1
f01e0ce9ed3e7aef6315353830c3c1_big_gallery.jpg,Ganglioglioma T1C+,edfbc5399aeabb0213fae3a319f40165594b1d6a191116a4b6bcd6b230120362,train,1
d3616e86a0caf8caf3c332db80af74_big_gallery.jpg,Ganglioglioma T1C+,4fc0c233223a6ce6904226f861278fe1a694055596784cbdbb11fb5d0ca3198a,train,1
8bc1f87f7f1c3a5cf06536209d896a_big_gallery.jpg,Ganglioglioma T1C+,0e4b58a44f3e79a0f3ad90d7a3dc7b60b50cb834f8bc027da80ced8f5dae7ffb,train,1
1.2.840.113619.2.80.3040119935.17384.1613989624.7_big_gallery.jpeg,Ganglioglioma T1C+,ced56c32e9b718126138705235d27f49a5a4b1db6f4d471241f5c90b57039089,train,1
0d2b1a33f7f5ed1489ef8d1ae24f4f_big_gallery.jpg,Ganglioglioma T1C+,bfddb5a94e04fb79f340cc66c0f5a16bd49b95fd61423d71c92d50928b9ab8dc,train,1
753d3f6309ba9c255d50b8591478ec_big_gallery.jpg,Ganglioglioma T1C+,0c0e0c84584727bd2aeac4ef91b8241fcb4a0998f7a9037609cf2ef306e6a837,train,1
1e0f91b63577c6ac11c6eaa23c8002_big_gallery.jpg,Ganglioglioma T1C+,ba73b5fa2a5ebd3194911ff59413fc807d581ccf4868b367a25ec474b4154957,train,1
47b5b4ad60f6344e5b993bd3841e93_big_gallery.jpg,Ganglioglioma T1C+,7edb88aa5d4442b35b1b285e27dda6dd2444897982cc2672c13ed0081c8d4150,train,1
1.2.840.113619.2.80.3040119935.17384.1613989624.11_big_gallery.jpeg,Ganglioglioma T1C+,ec382364efddac8fb3f15ccbc86050357f5f6bc6cbd18344491124c6ded43a0a,train,1
1.2.840.113619.2.80.3040119935.17384.1613989624.8_big_gallery.jpeg,Ganglioglioma T1C+,f1039aa9c8f2bb5d2b8057ebd3910441efb703f871d0d7ef78c449a9d78d61df,train,1
200c5a0516930e8ac1db5789046622_big_gallery.jpg,Ganglioglioma T1C+,742e89a49bac625feedb1f9a2ef62868d7aa5327e844740622ffb0507d03999f,val,1
511e3730bf8ff8bea34322f25d7cd8_big_gallery.jpg,Ganglioglioma T1C+,8a715663a74226f837b79f7450dd67fc3cbbae4edddec21b7c4e3584d54c5601,val,1
3536c6c287d24def557988213dff37_big_gallery.jpg,Ganglioglioma T1C+,dc460e0198ee2ad6f4e363f0ae999607b436d95990b156d88b33fcc2eab10a3f,test,1
c076f5f695864d4290f9df948b57bd_big_gallery.jpg,Ganglioglioma T1C+,4cd3720342340d2ce01af53a27f89fc0443738af67e15489d704f7e9d6b05950,test,1
1.2.840.113619.2.80.3040119935.17384.1613989624.9_big_gallery.jpeg,Ganglioglioma T1C+,2cf17ceca1319942d2f1d26332ebcba2924ca79d3927d8ecc2e65f7dcb7850af,test,1
1.2.840.113619.2.80.3040119935.17384.1613989624.10_big_gallery.jpeg,Ganglioglioma T1C+,b86c41e6d4b4027315206b860f176ded8b3eb6b2b0f5594b3d16b7a395362057,test,1
c905fed2053268a2ccd8965260b074_big_gallery.jpg,Ganglioglioma T2,130b68f886b6e652ca04d978b157887f8c02e288d57b16770a5708badacbf8a8,train,1
ae235d245c476bbb4aff8185414336_big_gallery.jpg,Ganglioglioma T2,5f1b6b67f9d19035836eaf6a13207885cc9e1f64db4e4a79d07596ea015f661b,train,1
17963f4361bbb864d10a30c06cfcf3_big_gallery.jpg,Ganglioglioma T2,acdc4444616bbca49a6e6abbec25d221f0bbf4b8112f1a248e4d0cc9168140d9,train,1
8c67e54130e28ed75b3216158ed428_big_gallery.jpg,Ganglioglioma T2,d6f8e37b785c08d0cef26bc886f66931ef095ea29fd6b0074482cf5b7dba10c3,train,1
fcfe6546e233f6cc8553667c2b83e6_big_gallery.jpg,Ganglioglioma T2,a3e8a56c4bfc7f8f026acedbf5baf9c04f9755d2cc80d8367f4ddc833d163f8d,train,1
4f662d392d8724068e44e81b4e4a57_big_gallery.jpeg,Ganglioglioma T2,b9bfdd6c0c694c4776b1c40f1d354603ea09ee46293184300ea53c9d871b82d7,train,1
1.2.840.113619.2.408.14196467.3443839.18200.1613811281.273_big_gallery.jpeg,Ganglioglioma T2,f6906c9cb0f68c0b69cc6846d7bd15d8f861e3d5b1d3a8da957015b69b6e2b12,train,1
1.2.840.113619.2.408.14196467.3443839.18200.1613811281.275_big_gallery.jpeg,Ganglioglioma T2,f4c15f947adfb609bec6f2a30092c99329b5c28005e9dbdd3945cfb6c5e62b1d,train,1
d7ed9bc4dfc61e3ad6312b8f4b2c58_big_gallery.jpg,Ganglioglioma T2,c793fca3486e66313068924f01a8a7278df59caa99fde9f6aa99c7e27b697517,train,1
1.2.840.113619.2.408.14196467.3443839.18200.1613811281.272_big_gallery.jpeg,Ganglioglioma T2,f1b98bc26a7da97098db206dc7e2524eff29288d035540a175fa549510e7dc28,train,1
1e1755f1923f3f302665d72096082b_big_gallery.jpg,Ganglioglioma T2,444c3cc61316d53bca70835965c62055697bfe6e7893188721c517349bacfc10,train,1
1.2.840.113619.2.408.14196467.3443839.18200.1613811281.271_big_gallery.jpeg,Ganglioglioma T2,8bbc56f2b93881bdfa15882b67f2875ba225e6dc5079737466d4f7f61446949f,train,1
2efeda36bc3abc917eebfd60a89a3a_big_gallery.jpg,Ganglioglioma T2,02e0041106b8b2acc4b73e3a5937060c257368beb81ac8969190d0f736c14c60,train,1
aedfb99c571d4b62841da5834ec870_big_gallery.jpg,Ganglioglioma T2,f52258d9934ee085bae66a4d19ebf4601564a395637b8b451598bfad497f18b9,train,1
b50c2c99c9317bca7828df20aa68dd_big_gallery.jpg,Ganglioglioma T2,6734f9d31e2708b2a836887c6505602080fa367817d9b8ca2e5c74b98c1113bb,train,1
6c73746fd84e1beb2801de01fbc695_big_gallery.jpg,Ganglioglioma T2,a4f7e5b23947dba1644509e4c398ec8586d4d58f04cae37b2d7be3d6ae7f9258,train,1
43ecc715e346120e8f032da74bcb45_big_gallery.jpg,Ganglioglioma T2,23d7cb461dae69d843839c8a49a77cdff4d01b5315611f889c5e8a1e9df11b3d,val,1
9fd88ee4fd0b46764a58e5b142c0b1_big_gallery.jpeg,Ganglioglioma T2,4779a70a7ff5b76255d792ef30051480fb890f656fefc57c774934121dd49a02,val,1
7._big_gallery.jpeg,Ganglioglioma T2,6bec5f8c23152d5d59b43e9faa18f08ff0dd722965a343bc94e6d509167c6288,val,1
49734551f8232daaa6fd2c2f8d78a8_big_gallery.jpg,Ganglioglioma T2,5e703b26a728df4c535e07e0fd33a230d558d07360dc4f6ce38b9307215bced8,test,1
1.2.840.113619.2.408.14196467.3443839.18200.1613811281.276_big_gallery.jpeg,Ganglioglioma T2,5594a58df013f27199f8af217b6d7714ebc697689f1daec6181d4bd162f687bc,test,1
1.2.840.113619.2.408.14196467.3443839.18200.1613811281.274_big_gallery.jpeg,Ganglioglioma T2,82affdf1cc40143a658b007162a07519ca571194efe1d034cc67bb2f22246e5f,test,1
dc61b871c7bcd61b3ee69f6c24be77_big_gallery.jpeg,Ganglioglioma T2,aaf714ca3c6c925e6b26725885e59f603c9f9a5ed1ce298b3e886fba05128eff,test,1
5fbee32de2a58fd2c78ee621115ef1_big_gallery.jpeg,Germinoma T1,3250cac9c7b47803eedfad76a47f503d21a70aa8a91fb26e74d0101457a368d9,train,1
6c5c66f7c4fa20da673a962c4aeae7_big_gallery.jpeg,Germinoma T1,a8aab91f8072b8f9f0268251f51409305eae65c3305294e27027d816ba640085,train,1
fc9ed04b593b7705272df54fd63214_big_gallery.jpg,Germinoma T1,69597dc861fce16ca92c566b332f71fd70efc9b3997db5e05bbafea3064eca3b,train,1
b9aec8397b1f9a2c9492cf658b9dc7_big_gallery.jpeg,Germinoma T1,22c38138a51a82a1269fb91c9355384a4c83b7d9ddadb056116e65a068fd671d,train,1
2022-06-10 13_55_49-Pineal germinoma _ Radiology Case _ Radiopaedia.org.jpg,Germinoma T1,19d31c331dca61acb5dd104ee72cbde5019a8a9dcd115e81553318c729b2e333,train,1
59_big_gallery.jpeg,Germinoma T1,513726e215445502a5430728bf6009c007285f96a74ae23582ae70f78f33b557,train,1
301856fb1de25e80e4b8f0e2b2f8e0_big_gallery.jpeg,Germinoma T1,30efcf8b5c005d4481d690e5f8f9e6b26ba98d7ed75bf6da9ca7a9c134b6810e,train,1
2022-06-10 13_55_53-Pineal germinoma _ Radiology Case _ Radiopaedia.org.jpg,Germinoma T1,852027d9320eefd656d1e986e056f79d3f5ed85207bce934804ba97b87dd11a9,train,1
2022-06-10 13_55_40-Pineal germinoma _ Radiology Case _ Radiopaedia.org.jpg,Germinoma T1,57b8c857b59add08d9232fb74b72d781e0f75a35db2fe463e60374692f39457b,train,1
73cde17a886d773c3bde7e182c44bd_big_gallery.jpeg,Germinoma T1,689a8b454e55f295f19020186e2676e30cc5d5adbad251e2b4e2d338b8fe322e,train,1
63_big_gallery.jpeg,Germinoma T1,a4117ba9d5e959923c5239db2d032efebc411ce7273aa29703ce4c5c2f2b30f7,train,1
b3019bd8c4b77eb87a7e937a6353c5_big_gallery.jpg,Germinoma T1,ca2d3e77e0a3e2f71b726030a6c1a03d2b9b8b1a3efa01a0179dc5d9eeb80e77,train,1
54271b343e576af02ea0cc41d41f4c_big_gallery.jpg,Germinoma T1,79461e758bfd67c1674a19da05f2ed28aea5dd30f3fd273ba16b43a84a53c315,train,1
9e87b94dc8549b2f89a67a312a95fc_big_gallery.jpeg,Germinoma T1,ba733cdbb7db8d9c1c05236484e6efc008858787f10a0de7a963b1f23341f52d,train,1
9ea5c55c6c5aa8697225de8471747f_big_gallery.jpg,Germinoma T1,b149a44c3b982b1d100d04dec5708f13c8be0b071d3dd922e3f00192f006646b,train,1
2022-06-10 13_55_57-Pineal germinoma _ Radiology Case _ Radiopaedia.org.jpg,Germinoma T1,ff704ccb92e3b705a3752a6a20c1421d48dad2d9c925bfa673e2df67b4c9b24c,train,1
57_big_gallery.jpeg,Germinoma T1,d8a0b38339b343c63588fd1e49c63485bd7abde08172d49ce6ac1873386f902d,train,1
e0496a42b701e1ba966a456a2a261c_big_gallery.jpeg,Germinoma T1,c2dd969ea52c7c1e124b872836cda0f7bb7f154a29394fc5f85d7a31a1c5c4b7,train,1
e9aef445b14e2a124fe8404f3f107a_big_gallery.jpeg,Germinoma T1,5ffae5c07955be2fec4321f3673cef8d5e753c90af1a46a1820eb8262aa10413,val,1
67_big_gallery.jpeg,Germinoma T1,a03c372e8ccc7c1a4804aeb3ade497c1d57717dbb854d4184a626b8fd554c7ec,val,1
6948431fe00ddd25d057487a689a63_big_gallery.jpeg,Germinoma T1,d602ea821169de0b5f7b6a091cc433341cdace086018130d7c6746cf45923164,val,1
7d2cac564a7552f5920a19e283c175_big_gallery.jpeg,Germinoma T1,73de5f1a83cb7421e7c1050106ca1bd645485c4d4d29dbc746b08461c2e07b70,val,1
61_big_gallery.jpeg,Germinoma T1,81b2dd5f7c345037fce29b05894648d57dd6cc918e567dd3a2c144a2b08d7eda,test,1
69_big_gallery.jpeg,Germinoma T1,46dfe800ee51b05449bd3e1de734c089409b4f801a058bab43178dcaf09aa210,test,1
31d3878194efa57d42e86eac3cc570_big_gallery.jpeg,Germinoma T1,7e1269a8dde0d67158039496e5d9be46d1087336d26177874e81f383d0463f17,test,1
2022-06-10 13_55_45-Pineal germinoma _ Radiology Case _ Radiopaedia.org.jpg,Germinoma T1,46b92e0c97ca51bc529e09c5a586e11e141ebed4844fafc8547936f71265b32f,test,1
65_big_gallery.jpeg,Germinoma T1,99dd45d55a39af7be8cd79dd16511170ae3bdcce79c0bba769fd69f2c24f732e,test,1
391e753dc89151d98b617d53b02edd_big_gallery.jpeg,Germinoma T1C+,434321691795ae84446af5d66537ec32064c6ddbffd3eae23728ff35e6be14d9,train,1
8b214ed3be3192094c67b073f870fa_big_gallery.jpeg,Germinoma T1C+,d1846e506e79929fa2da70e19a057c6e4a102e0a056dee289348d4ab81c27ae3,train,1
937665ab1248c1e81453e2f6de546d_big_gallery.jpeg,Germinoma T1C+,e35ece9c6c3916aade0f3f183af58f0c6bd846ea06f4cf60b899b1235af8e232,train,1
9c19115cf56512c3ad837dbe5698ad_big_gallery.jpg,Germinoma T1C+,75ea724025db3522ac8a0e2eeebc655468670c347edd3065950300475f9de472,train,1
2022-06-10 13_57_31-Pineal germinoma _ Radiology Case _ Radiopaedia.org.jpg,Germinoma T1C+,b307d55fa99f857ff1b042ffcea03687019e69156c7d19c74ee2d1c136502c6d,train,1
09bad0e3edd583f6d51fbc95501612_big_gallery.JPG,Germinoma T1C+,3b312a623252b4a4d40df9d4e0013d2dfe8b776a1469928d0e4d326c8f854959,train,1
71_big_gallery.jpeg,Germinoma T1C+,f6c295b43561934322121dde9ed9ced6297460b13f8815c0a24bc1ea783682ae,train,1
c94494783b88b6f106279f0bf8b043_big_gallery.JPG,Germinoma T1C+,ccaa9b42e9ffc4d9f2fe2481a8088e66a915b32f8046b710f9aca72e851c2e5c,train,1
c44ceb0b91000aba56959559a9cf8c_big_gallery.jpeg,Germinoma T1C+,8e34ef3a3d4068fbffd4e5945aa055477744c261c67843287766e091b8887925,train,1
427f2076f30ba92f6b14e7759daa92_big_gallery.jpg,Germinoma T1C+,cd1c016dba2c84f3c753b0c981cbce19317b30ea8c8d665404a0b86b77d569b7,train,1
07ae29130ba9a7cf94585ffbf35076_big_gallery.jpeg,Germinoma T1C+,14ddbb9ece2a8beed395d5f306dba4b3a545b95e715072c1c22097cf3dbfd05e,train,1
bc08631b5af6fb16731bf4d1244d47_big_gallery.jpeg,Germinoma T1C+,ef51cd710760428f968ef2959f386dd3444e71645d425c2e3f3867dc1dcc6b84,train,1
70522a5dcf2a82fc6ef0f6fc7c7db3_big_gallery.jpg,Germinoma T1C+,0151fe36e58c9df744063539a734f6a372ae6d31b4f23abe4f9c886d3412c65c,train,1
7c0ad82f17b6def88ff93aca761a85_big_gallery.jpeg,Germinoma T1C+,cd42c8344b41ad5d4ce53b61b414a3318c0a4caa27978b7f4c4d448c6ae63136,train,1
e3a16c8804216233a77024091a4a13_big_gallery.jpeg,Germinoma T1C+,17d0e7a7d954d17867e9caa246d6f94e6fea4dabb92bf712e584329f5f2b274e,train,1
a72bb8c781b78500355f20f48d7f60_big_gallery.jpeg,Germinoma T1C+,a78be5bb765c77de36f064ba0c6510f37229b3bd7ae20ca3d89bf272066b16b9,train,1
2d2e0c6644083e1199fc6ff22932f6_big_gallery.jpeg,Germinoma T1C+,d05a29c111d83c6e4f8dcbff5a9094f288a0b6e29e708e4a3f58c0d9bdefb558,train,1
0a5ec3aad1317093b1862d3945a2e5_big_gallery.jpeg,Germinoma T1C+,96fb505755c291c9dd8062f343056ad5faec7ed8e30e186f97d69c464d8a25db,train,1
85b108250d37c6c5a0b6f084f9619e_big_gallery.JPG,Germinoma T1C+,cc33899031acb8b1af3faddc63bd32b977cfb89c21869139a77a69a6b3f0a761,train,1
63dbca519e997b201855b3de140839_big_gallery.JPG,Germinoma T1C+,2bdf4c4fbdca23c5bcbe59ccb90c754d76e7c76be654730d9efc18ab99865ebc,train,1
69_big_gallery.jpeg,Germinoma T1C+,66b247362ddc54c88dbe4128e0863c5e5fedc9e88f73c649e3b5c1769ed792f9,train,1
2022-06-10 13_57_46-Pineal germinoma _ Radiology Case _ Radiopaedia.org.jpg,Germinoma T1C+,de5cfc787c6cef3126e3c52691cf97ebc3af2b2c1226709061124fba71058184,train,1
503ebd94996e0ff664ba3de83be1f5_big_gallery.jpeg,Germinoma T1C+,c736c5d8be273cca0f87c6b262f17a99d496f96d6a00f97112bf8a7b6515dbb0,train,1
2022-06-10 13_57_36-Pineal germinoma _ Radiology Case _ Radiopaedia.org.jpg,Germinoma T1C+,aefdde97a8bab8118f476681b23aa8e007923c9cb63921748dd9460347339d6f,train,1
c35549a977531034addec66fa3aa49_big_gallery.jpeg,Germinoma T1C+,75bbb35aa33db800ca9183ff3bf1d966d71fd92abf78cfcc7179b9a62d4e44ee,train,1
ddcd84da44fa28854346de661723a0_big_gallery.jpeg,Germinoma T1C+,5c176fb5da49ce216cd26954fcbba0d9b6e14d0c7f177e05f22cbfe2d5fbc831,train,1
c6d17d6b682935962f84ae00c6b8e3_big_gallery.jpeg,Germinoma T1C+,d16e8dade4fd7b9dafbcaa31113d91ca40ad6b8f6bbe804ed8e92b26b9bf233d,train,1
9e4ca96ef6640877f1252c4da39ed6_big_gallery.jpeg,Germinoma T1C+,907d15481c12229e87c3d8b28626592ec2dab467f4fd4cf3d87687c97db3697e,train,1
54089e9aa15498f1212b1e6b747549_big_gallery.jpg,Germinoma T1C+,bec45a1f34438888d503dbb4ead33e7ae4b8e9bb5c1ce1c8c71d8ea09f9a1ef6,val,1
93fbafbfa2d4922306d7d6ef090cc1_big_gallery.jpeg,Germinoma T1C+,f9f4dc28aad02b880a46b2389fb256660997910dfee08fb1b4a5a24123af6e7a,val,1
517d881667ebe5c2faf909351de716_big_gallery.jpeg,Germinoma T1C+,5a61c2b8a6e82a6d965a8b56841b0e8e96d5a0e487226c852b7c7e5dda3b8121,val,1
65_big_gallery.jpeg,Germinoma T1C+,6e5a3efde9e811c12620e5fbe525d662f606c0a3c969fe095cfe62a625e8475a,val,1
67_big_gallery.jpeg,Germinoma T1C+,e6b65ae9804d64556ff95599e8313599a2f6ce0865b009bd4bd76bb7d2f369c6,val,1
aa70a85904c26cc6f59cd24c3d78bc_big_gallery.JPG,Germinoma T1C+,ec6ed155443f4bf2f3829eaa40e4fee6f18313412c82e2f3378c51e07a62baeb,val,1
2eb43e55e87b19a6f241c746a92732_big_gallery.jpg,Germinoma T1C+,d51298532c97103c16edccb29a74734d051fce020b910843c5fa9cc06849965d,test,1
d658cfa22c307b87ca2133d94de6df_big_gallery.jpeg,Germinoma T1C+,eb7214dabec48545dde773dec3299274be5dbd6045b02b4ad4997b9bb6f78ce6,test,1
a17e8bb35e32013a2e38c4cb11256f_big_gallery.jpeg,Germinoma T1C+,b864dc87ab87367174352cc7e282100304364fdbda7cd57eef16958fb8dcfbb7,test,1
2b2ff71eb22a61bb9f7f141f5fd9f5_big_gallery.jpeg,Germinoma T1C+,ea7b4483e8a6076437236b5bcbbc609659cc7a7aa7d3123e4471bff25582bb6e,test,1
539345f273c20997e10478ff04365f_big_gallery.jpeg,Germinoma T1C+,35092a0e09e67c3c2e39380e5e2952398382d024abae1f4ee1890b80e1bcbfe9,test,1
2022-06-10 13_57_40-Pineal germinoma _ Radiology Case _ Radiopaedia.org.jpg,Germinoma T1C+,1f48bd89cc22766ac28c0f3c96fb26ad1d9df86b420e8e613eed6fbc203135a9,test,1
2022-06-10 13_57_08-Pineal germinoma _ Radiology Case _ Radiopaedia.org.jpg,Germinoma T2,ac8b40d15490943739eb99a38eba88f25620517576b4841921ff807606483f2d,train,1
7a677d57b1e1d6f64e3dc2d4b21f76_big_gallery.jpg,Germinoma T2,9958af5a657041a73559f5feec3a3561df429d1b0af3d30e3ba68b2d6bb5486e,train,1
535ad17ba7cbc049e53a33630b7780_big_gallery.JPG,Germinoma T2,07d5e139b7f144700c91cd552bc714437ecc6ebf2a7d58ce43f4f0a3749d4749,train,1
c74b7259f0af446528a626686f7807_big_gallery.jpeg,Germinoma T2,04921265d40ec0db7e3a78b93c780cbef676b17b55ff510ae2a0de4b59a60886,train,1
2022-06-10 13_56_25-Pineal germinoma _ Radiology Case _ Radiopaedia.org.jpg,Germinoma T2,fbbe6045bec0f939f29862b0d2d9a96fc005a03b2fad01ada372ec47d0f9f65e,train,1
fc6598107ca609265ef8278f2cb0e8_big_gallery.jpg,Germinoma T2,1427ae71c03a7114c7632b64e9687b9a7793cf82a103d81cef8ebcf571325c1b,train,1
8cd0f60ba5c3fc3513a65d78e64e96_big_gallery.jpeg,Germinoma T2,021a0e5230d155d4e825cdfa38ad109898ec8871298182994b1bc3be63f19509,train,1
2d39c9d8358eec61d029babb71c0e9_big_gallery.jpeg,Germinoma T2,6fc8a59d3929d1ecc1fb0f729c640028c7bc0eb61fbb60a94d4a859dde2365d9,train,1
8ca926ae92e9c4d83db70db70837fd_big_gallery.jpeg,Germinoma T2,6e781bc480d2ceb3e4aaea3a6182b584708740ac635ecf5402ae874ee7b861e5,train,1
2022-06-10 13_56_33-Pineal germinoma _ Radiology Case _ Radiopaedia.org.jpg,Germinoma T2,22883680cc922eb1e3fe050bc2875106cd679d0e8c537fa1fe412cbea709579c,train,1
2022-06-10 13_56_59-Pineal germinoma _ Radiology Case _ Radiopaedia.org.jpg,Germinoma T2,c0c1d1464de9ca767cbaea039d0c290df89ae302298f83e08b49d3f51a689279,train,1
2022-06-10 13_56_55-Pineal germinoma _ Radiology Case _ Radiopaedia.org.jpg,Germinoma T2,886688f84885bcaa330d10877a3578a60fb1b5a0cb5d83eeb2c956a1784893b6,train,1
1dac4cf5bad1c04652c1a13119abaa_big_gallery.JPG,Germinoma T2,a939f4fa61ead191d5a82061420858cc48c33eeac1575f5d11d612d5390c1a7d,train,1
076a6fa8613c4a4f8b05f4383280b9_big_gallery.jpeg,Germinoma T2,303cf474ecd10f568e5b86ae3ff0f2d470c8096fce00765d5c587410227633a1,train,1
a35b7de974829fde722652c73345f9_big_gallery.jpg,Germinoma T2,6323695fde6eebfee4fcab51318001e6d047ea036df28d6d99cd0560ca10a8a7,train,1
2022-06-10 13_56_30-Pineal germinoma _ Radiology Case _ Radiopaedia.org.jpg,Germinoma T2,76611a055d646b08afda70cc1bac36205af08e954f1263213dce87c33dbe1a22,train,1
627c3dbebcc871c0ced48601590548_big_gallery.JPG,Germinoma T2,5b075b8d30f72f97aa41873e7a2028313302fcedc51f76c01b332898bbd169ef,train,1
9c5d48d1c099a61325e44f6f14d8e5_big_gallery.jpg,Germinoma T2,82479b359bc8b3c01f349be7807fd743534e14bc5f9a258ace885643cac4a0ff,train,1
3fe4c2b7ab9b56c8687a6b9c56ff46_big_gallery.jpeg,Germinoma T2,3cb3ce0e1bf8a81935b1fc17a5a8198c2b09a30a4fa2f84a18c06b2c956f48c5,train,1
dfea22fa2dc9502208999cb3aa9467_big_gallery.jpeg,Germinoma T2,7b291f3746c2c7eba21746005594b7b730b89b289b3b4ae0f54447751ab102dc,train,1
0d48674d5a373850260abe289e2744_big_gallery.jpeg,Germinoma T2,5fb81a96cf5bb189a2d2d25b0a62bc1d730eb25693ac2607c772a47ec9f4c5aa,train,1
2cdfe6e8d23930f26a5cab0100b863_big_gallery.jpg,Germinoma T2,c72323da71209f4c9ef7656fd4005220b371d262d2d1b25d5f75df9f98c6d709,train,1
a27c063929cef2612a53f4c6dc6358_big_gallery.JPG,Germinoma T2,3db3e6eda09bb05e9e053db8cc9da1166b195dc67117ec0807b116ced06b2642,train,1
2022-06-10 13_57_12-Pineal germinoma _ Radiology Case _ Radiopaedia.org.jpg,Germinoma T2,cbe20374e1a774acbe3472022a1dc9df0d77ea0124b61769e02b2322bc0f12e0,val,1
66ff0c784d0613d523d0e72570f10a_big_gallery.jpeg,Germinoma T2,3638f263c137a80dcd10e585453c2a5ee101a2abdc58db859afc4ddab4023f9c,val,1
2022-06-10 13_56_43-Pineal germinoma _ Radiology Case _ Radiopaedia.org.jpg,Germinoma T2,e0c5cacdacff2749dd768f494e67ab0a12a55d0ae9567dcdcf181708d68f9a0b,val,1
993d7db17f3ab6911b8244e2a7ffa4_big_gallery.jpeg,Germinoma T2,894c81c01b8b999750819322db3206b008a5adb668f4346fa6a4c9ce176baf73,val,1
2022-06-10 13_56_38-Pineal germinoma _ Radiology Case _ Radiopaedia.org.jpg,Germinoma T2,711ce27fcc10493298689e5cf3607f403265f7801c0372961c6c946dcdd10c90,test,1
b8f67276e6b9967fb76f7edb95c34d_big_gallery.jpeg,Germinoma T2,c40455432c16d043017555e37d0a4578224756f74ae3b8c89553a40c9e5332fd,test,1
2022-06-10 13_57_03-Pineal germinoma _ Radiology Case _ Radiopaedia.org.jpg,Germinoma T2,11e643e57554d5c5390e8dd135924846844976cd82d60d38f39efc8ef5a32bd3,test,1
e46924e967154f8e64544fea068f31_big_gallery.jpeg,Germinoma T2,991c37eebd4ed3a5514b15ddf4974039e808a7c9a3e15f3bc01ad3a838e90070,test,1
c76056a20c59f853e8d2e7bf2f8548_big_gallery.JPG,Germinoma T2,45d6c02234d82baabd6840c6fcbe5db87b16da0c4e099a4b12d079a6126c8742,test,1
9c8969b5c8d616ade0307a6e00e3d7_big_gallery.jpeg,Germinoma T2,d18162abb121d03788476fa3289aea79e103b6450c0d1ae56f5013666190abaf,test,1
ff2bfd2a88b4b914b4e0086e8aeaa15b1704813751632966bcf6529d21642a6e_big_gallery.jpeg,Glioblastoma T1,2173d21c5ebeccbb8a693529cc0a8e5a51d68e1f6ad0968c13359d8d5e4e9ea4,train,1
91fdac3697c2feaa49930a36c0914219d453c4c4cb0ddef8a5513c3ca04acc4a_big_gallery.jpeg,Glioblastoma T1,160de86802d32bb72c79873acf7fe8073d13bdee5efaa9885891cf7d9b09d18f,train,1
1b34926eb2d96929d6389cb7ff27c9b0e5dc3ddae93629b7310838100b312611_big_gallery.jpeg,Glioblastoma T1,607b328569e174d7cdba63c41461d95a2a62faeb74704f08b6bd54096d3b381c,train,1
d5a62463f4a62c40dc14cda8bb64fbdd4d99b467f4c6a96c686266b450b4dfee_big_gallery.jpeg,Glioblastoma T1,e7a7b7a97014beb0a8a3fda518b60b818cbf9a63ba5c1ab399c6df24308a37ce,train,1
b1850039e470a6d1217ad55e910789_big_gallery.jpeg,Glioblastoma T1,ecb8dffb9f3a7a67225282e75eaa8dff84c3fb2f9c7707ff60e6004a92fdd686,train,1
77a50d4e73c2e88be3c83bc46ed5a89757641eaf5368d93e9bb0e1aeb751e9a7_big_gallery.jpeg,Glioblastoma T1,a3f0ca6102311a11e762be4e38dd1f17e28840f0b5a50d5b92ba72b766a962c5,train,1
361a1b419a0fa9e8cff5c3c64ef976c9613599dd1611f04b1aae4320cae7b12b_big_gallery.jpeg,Glioblastoma T1,34591b01b967c71258e540b332cbd7ce4bc0c6f20db92a82b28a6e9499192f4d,train,1
ad1619eb7b7441dbfdd224a0b7fa81_big_gallery.jpeg,Glioblastoma T1,6d3502a8888c99eb818aef6d9ff66a51d779d08ffa6094d60c6dd4caa47cb518,train,1
2022-06-10 13_43_50-Glioblastoma NOS _ Radiology Case _ Radiopaedia.org.jpg,Glioblastoma T1,ad7c5ecc2222e7dd394ef7582c24b3a7e8b1660dc600667749566d33edf410b2,train,1
IMG-0008-00012_big_gallery.jpeg,Glioblastoma T1,35bd598a4d5d79db9979cf8cfbff85584a0fb6ef9c1a816a008719763d1adce8,train,1
1e0b2eaa32417f5c19667ae626926f_big_gallery.jpeg,Glioblastoma T1,1ce66ff2e04117179f1137ac5cd7e04764ab9032a7ba964ea491d215a2eb990f,train,1
f76a605e5d0205e33c81bb679c598f_big_gallery.jpeg,Glioblastoma T1,bd2e10008b9c4ab78bfac489bf9e02f558c67ac9db88397f0d7c0dc4ca39d5fd,train,1
d03f394f7f25cc95f6a1b38414a64d7f3a4c9cd3ee5b47c6d03e70f03f98dd9a_big_gallery.jpeg,Glioblastoma T1,ad23e78afffcf2b25c3dd2c6056e25be32886f0186b3296e92b19d021f026ff2,train,1
171cab1b23a6d3a3f7ab25d4747bf3ae428abc3685acf79d42b79ba973a3caf5_big_gallery.jpeg,Glioblastoma T1,dff72beb18f19ffdbb897f9881335b809787b35fef6715ed30b91de026cdbc2c,train,1
529aeb86c8a3d26a8282b5b5fa5d8c935d8bf9f097e2a96479232f4e62e5593e_big_gallery.jpeg,Glioblastoma T1,b2cb3313b2c6cc08403676ec6add7b8c860adaf265f320461e0346c11bfabc82,train,1
2022-06-10 13_43_47-Glioblastoma NOS _ Radiology Case _ Radiopaedia.org.jpg,Glioblastoma T1,a873a00a5e36486a0cccfd24b87f8a18ef63db7b25f5d983634adfe3f3111085,train,1
ee67bba533ff3a89050131a8f2b575_big_gallery.jpeg,Glioblastoma T1,da151f3ffe5cce830b8fab234236c08e4efe9d88927e330a99bfc723c165e82d,train,1
40101b9d3a3b3adca5c957aa58aa2c95233d92d1c4eea261f0f27bce0709f51a_big_gallery.jpeg,Glioblastoma T1,c17429e83de0b624cb9f0ac984e0aa734daec1d5d8bd03e7100bcd969cedd86f,train,1
2022-06-10 13_43_41-Glioblastoma NOS _ Radiology Case _ Radiopaedia.org.jpg,Glioblastoma T1,0a09e207721516ae3200f1e6721d2e78f04774f41a4cba518d83b13ed443b351,train,1
009_big_gallery.jpeg,Glioblastoma T1,e5630d497c2b20af26df5ddf75db5973d850bc8e1d8b65ee64d0badca020aaec,train,1
008_big_gallery.jpeg,Glioblastoma T1,f3cdc3c87425ef7f8328761a6d90d3d44b50c9d97f0e15b41dd255bb88634850,train,1
IMG-0008-00014_big_gallery.jpeg,Glioblastoma T1,6a967c73dec5e214ff35d93753d650c5b342fa0589ab92b7691442f4c06b846c,train,1
IMG-0008-00016_big_gallery.jpeg,Glioblastoma T1,dbbd9198f316dc114c65e46a4531e5e20aa9d0411caaf42146bca053074ec36f,train,1
d74bcc5637aa9ccecfc4539b400b3206e387426c63556d18d99404e0a5335dba_big_gallery.jpeg,Glioblastoma T1,53c02219c225f4bedc5a0d24feecfa04bb018a426f2d7d29a31eca46770c0536,train,1
a534b41f269ce97a030542aa6a4da533c51c62f2cc8a9e9203e552633db9512e_big_gallery.jpeg,Glioblastoma T1,6e43ebb632327d8a4fb15c2f4c261604590b5e65845226c4cf90e3e4d808ea31,train,1
920401b6c1f43920104b4382af8a15_big_gallery.jpeg,Glioblastoma T1,db09f4f245775f4c1b9004f5d568c3dc59726446129c70babf6f3fde78a69b36,train,1
460bda8f7a109f8563ff9aa8e3fb5c_big_gallery.jpeg,Glioblastoma T1,02b11045ca440511b26a6cc366993ed785f12b3fdce40c34d79ba698d946f6d7,train,1
fbede16f808175fd18cdc9eaaf2ac9_big_gallery.jpeg,Glioblastoma T1,495bd98c07fd2ad2f4205b89568047b9f25275749ae8e7f3a833359b6b2005b2,train,1
d8439c90604d81d327dee8ba875b3da698e0ba489e1f08327d2099e2d86c467f_big_gallery.jpeg,Glioblastoma T1,c4da06d0b09d1898ee46f304a2d2376771fa4765d83a6aaafb4c63c5a12562d5,train,1
010_big_gallery.jpeg,Glioblastoma T1,96a7c631348e89b099bcaf4a4c5fc99bdd8883d14e51f6c1267ecc8db0011dc3,train,1
2022-06-10 13_43_54-Glioblastoma NOS _ Radiology Case _ Radiopaedia.org.jpg,Glioblastoma T1,3177abffd133afd44c467b4d64c74dc6402919044230d35fb819e33bf3574b6a,train,1
f4485ed1d0a1dbe3db16704b62c74cb3654a9717815db4c2179ead98790783a8_big_gallery.jpeg,Glioblastoma T1,f0df7e716bb88f2fd141586dba1fed4522808deec6a627388cf4a3adfb149b5d,train,1
20ba7ac0fa7f0bce752b715a753c4eaa55c7fe84ddecf7dea732474285b4c8fd_big_gallery.jpeg,Glioblastoma T1,1f01e8ff2ba55e5a3afe906d51421804708f721e55a0bbff37c2c53ae2955151,train,1
3a783a4d4e3d4b139500e1b574eaadebd12667254f619e6004446f8aa9fe7dfb_big_gallery.jpeg,Glioblastoma T1,ec56abf26d15bfaa8eb5ba8d1d4210d5fa69fa3eb5c1122fb37652cf5b3dc2e5,train,1
26b5cf05d18ebfd77e88844374b0e6932c8be2170739abd75aece0aae2b35692_big_gallery.jpeg,Glioblastoma T1,4c46c1b72115f39e9633244fa743ce03b2367e83f148ac07c6d0ec43bb48391a,train,1
IMG-0008-00013_big_gallery.jpeg,Glioblastoma T1,b94cb2fccb643efd78c8b627cdfb8cb2c01d0dbe27b78b9a7d69db2de1c6122f,train,1
00ad8002bcbc51048378338f29817425d6dd2c25fbe41b9dacc423c68637fbfd_big_gallery.jpeg,Glioblastoma T1,9445ebd51ee32867ebc952b2c6428eb494b62ef60b68ff400a8040ed36aead0b,train,1
fa6ce6e93bddad659549a33c820d62_big_gallery.jpeg,Glioblastoma T1,7b9e931e6d82dab51cf5feca715bb0ae8c3068546606dcb62012345c04495b78,train,1
a4c4743ab24136587a62704fc3868bad5794fae79e48f12576688e70184266a0_big_gallery.jpeg,Glioblastoma T1,92ebcd4b19f4c4b661293373806052c1e367c2d5d151269484f0132e9d68209c,val,1
4113c9b5518ef80986741d19c55d68_big_gallery.jpeg,Glioblastoma T1,551d94e93d9ecf3aa257651cdb2e0034985ce2a18425ddc47e688448f189647b,val,1
5a013ad08262563f5c41aa5f44ad81_big_gallery.jpeg,Glioblastoma T1,3e96b6cbd013a1c1cabb1b30be8849aed12eaa55608094cf36f658220edefcc4,val,1
af7d6f185be4a65e030e9528b5b662_big_gallery.jpeg,Glioblastoma T1,1afac8267bdc654aa0d13be1c034bf4cd8a9708025ad78d507cfc206acb346b0,val,1
fe2bd4b123bc08f918b02031c30e872806aeae212d4c5941488d527c99ab8c13_big_gallery.jpeg,Glioblastoma T1,4b5076802cd229f904596fe2e90ca56a60f0ecb9bdf5b38d976ae4d297556b60,val,1
0e926afd8fa216cc53131a2cd683ccc2f908632b461308fc72464a5a2e4d395d_big_gallery.jpeg,Glioblastoma T1,2662760147a8531dcbe8e88d147576268130e200057c6b4f6c92965d88f261d9,val,1
IMG-0008-00015_big_gallery.jpeg,Glioblastoma T1,7fecb55aaab430ee40a0492c440f18c6e40ea9ca69a9e64ff7bdc91363655c0f,val,1
73fbc1c04c700662b9935d80a4de74_big_gallery.jpeg,Glioblastoma T1,a9af4e457feda7eab3172c28b88f860a54c541ab187273bd5413cc1098983bf3,val,1
f5e45a11633a611d9190f9564ecb3f9d01686b7dd25b0d9628dd12d2d909310b_big_gallery.jpeg,Glioblastoma T1,bba2af0a70d3d2e30122217e422b9c0ada72fa5e411c2d1145398dc655b141d3,test,1
d81ed0784375ea66a88842eab5630f_big_gallery.jpeg,Glioblastoma T1,59e0ed48407f87c7f8836a4baf548496aae93b13ca998f92051446658c46174e,test,1
44d0f14c17471ed28a67916fdf8a9854d109db7aa21977571c320313a3922894_big_gallery.jpeg,Glioblastoma T1,f6d44a2c656658bcc05013991965156295d8daa3d3706908bfcfdebecb2520cc,test,1
35154d73fd6c8d372fc1bda30cbc87_big_gallery.jpeg,Glioblastoma T1,732286175cd3af0605e86d2d9031fc700c8e47ba2f4d31d4f4757f6a66bb9c0b,test,1
a0619ea1bb9531ea0c9b5134eb23c3_big_gallery.jpeg,Glioblastoma T1,0c5e0de214262349b54a8f64d771b5d39c0f51d33df5e5edd8ba05cb43dcfe2a,test,1
065be78838a5d68f8d84b8a111628b42adb471265f4e7ab1ce521ef0d30b6673_big_gallery.jpeg,Glioblastoma T1,cbc550ae77af4fa3c367a8e05a6e0ace203440749fd317abf7d70c32d98deaa7,test,1
2006f492b2008996e4e4c155e9f5245100b30f55082455b4d2c0e65abec59c45_big_gallery.jpeg,Glioblastoma T1,f7abcc2e6188c34be654792e920f89ea36d46ecad7a2d32603110fb89ed3c870,test,1
d9906cdd3caf9ceda279703f6a6a80e8f7bdce40d925ea2ae2693e326b1be90e_big_gallery.jpeg,Glioblastoma T1,1dfb69a7a3f88e71bbd05c8275d575be7dab6561f8d342b71cc932fee192ae92,test,1
74b85d1fe47ae336939d51abbbd6ad_big_gallery.jpeg,Glioblastoma T1,d0897844d97ae0c08e4306dcac36338b8035a020aaaddc1a4cf0742c29f66580,test,1
4ce10c72c5b0bca75b0bc414e9d05a40c8e50b987934ca0ec62f6d11163b3129_big_gallery.jpeg,Glioblastoma T1C+,2b1d8e09296164232657a2a2a13944c6cede7d9bb27e602950adb603b97af90c,train,1
32183cabbf813c3090c23004d241f5_big_gallery.jpeg,Glioblastoma T1C+,9ba1f4845cbdd68a5208d4c31b74e3f36e0c4245fcac12aa2d0f3b6bbdf832d9,train,1
8ca88d61d1d256d20cd51c3a530a064c9767749fa302ec2c30f1b1d18b60a067_big_gallery.jpeg,Glioblastoma T1C+,de6d6cd156f00c170662ef127e06e986e924166c86af45b8697de3ac278ba6ca,train,1
4a06065b181f98f50ce280b78fecc6_big_gallery.jpeg,Glioblastoma T1C+,3f17660027b616d0d56bc1d5dae32c37fa96175c6b0defa3b5a00fd3b9dcbf2b,train,1
7b878451b7a17daee67aed16d03eeb_big_gallery.jpeg,Glioblastoma T1C+,447d42b975aa2861abdf040a51b1a3d35699441a839361fb8f1f5efbd691faad,train,1
ed387bf69f12f7907dd0afe7f5c9b4438a55bcdc607e69b45803f5614ae1f568_big_gallery.jpeg,Glioblastoma T1C+,dce9c4036786de41890018a4c6e168f22f95386afcc33249d168b6f06ec8c54a,train,1
e8868ad0452c66642412c8147cc2e5_big_gallery.jpeg,Glioblastoma T1C+,fa53288e16f270093a14e77a7330fa90042991fb00565f757cc83399850f8a98,train,1
354666e4f133e03c03e92ed0661e4eaf8fc623554c2dcf2e52f8604a850be950_big_gallery.jpeg,Glioblastoma T1C+,6bdd4948bbe81190f2c0f33367d721f4913e40de75dc6a79b04bd47ccb206ff5,train,1
66bf4e61a7ad1b8a70019d289de8c4_big_gallery.jpeg,Glioblastoma T1C+,40cb5c76f7e19fe780cccfb92c4031f0badfcfcb1a319bee21a1d45507226a8f,train,1
9f5ab420ba133991af25db3aa4c89c_big_gallery.jpeg,Glioblastoma T1C+,ea647421823568dd463590daa6f0917640106fbfd978c53a2568c5580dd30ff5,train,1
2022-06-10 13_44_54-Glioblastoma NOS _ Radiology Case _ Radiopaedia.org.jpg,Glioblastoma T1C+,5b33ac7a876d2add41f4ffaa88c75a5a0e07d53c671a22319dc2b6a58e3b1525,train,1
ca244cff330f0d01ae71bb856daea2_big_gallery.jpeg,Glioblastoma T1C+,2696dd1df2eb412485a20e46de8da5e0da96d1e001bf353b5ae8164af04c1771,train,1
0886758dafd278d96dd461c9cea6341bf7a71ff13c4448236a223ba0a96ecef9_big_gallery.jpeg,Glioblastoma T1C+,46fd2dc188a00ac0746645761eac3a312eb8660667c9bd19ef678e38a5848676,train,1
2dd2628f9140b800edcad4183f7ae1_big_gallery.jpeg,Glioblastoma T1C+,2f79c78c65b6a243b9c8301840b1b55e867f69e3054f059b2b25f2c8834e7157,train,1
2829e58e3e9ec199e274fed09dc393_big_gallery.jpeg,Glioblastoma T1C+,dff8bb0b3f9fd69241e03d8a521f4549f8bad6dee5ecca0ecd68515621e6db46,train,1
92a277751904b887455026c940bde0e3dc07c78fa885dafa2023883215d7fcda_big_gallery.jpeg,Glioblastoma T1C+,90502a24c32ecc8323c3320d420379ba97f53fa6b04dbc549c5b1c91b1adf54f,train,1
IMG-0009-00016_big_gallery.jpeg,Glioblastoma T1C+,1a5200f7f432b3630f657ae60a07d587038483a644f7ff3dae4600b396ac9ae1,train,1
72bcf8e4981576f24b4a53623cb61324ceb0003a8c98b22b71a428d76c3bf1fe_big_gallery.jpeg,Glioblastoma T1C+,fbb2ec686174866a6df70338e498f521f2ad4a659e578c42ccb79a6cb0f0eb4a,train,1
a6ca68ffbb01d18fc4c59eb539e17466f3b6acee7814b492bcbdbde29d24faac_big_gallery.jpeg,Glioblastoma T1C+,2b27668c5130fe16e54b9f452ddfe5218632c2134e38603cde74872d66987c6c,train,1
1413c9d160ccda638983d4067eb65c_big_gallery.jpeg,Glioblastoma T1C+,bf1f71c11fdbb0456b59ef7d84620c3f0d3bb18ffb01833c446f54a465bae05e,train,1
d91d6aed8101ee884278334e2eebb8_big_gallery.jpeg,Glioblastoma T1C+,68e440fd171469efdde23134b2c7ea43f32ac605997c6e836b10aab34eb2b327,train,1
IMG-0009-00013_big_gallery.jpeg,Glioblastoma T1C+,b317e259f75e0d26304a2c240ce9c64b6137ca133503f27560ffbc7f32104029,train,1
IMG-0009-00015_big_gallery.jpeg,Glioblastoma T1C+,cb43de4be46e8fb259b8a225fcdf19f46e1ed8c2f78415398a7ea4fa5a2cd63f,train,1
04e66be2d38fe0a4b20fed89a65738057870f5d9b70df7977c3803b70f626e5f_big_gallery.jpeg,Glioblastoma T1C+,b235cb52a156ed2d4b595249371631658cad1eec1d1ed8c5fb173826bbac9f63,train,1
b91c6310d605c675689cecc7657309_big_gallery.jpeg,Glioblastoma T1C+,243193bc17dd41ec3c41a106d2c5276e070fa5e293aabca57e08d228adbf3363,train,1
b425c50c972f18df2668cf5d5f73c3653d734cf6422b9e8e74285ead2fe159f5_big_gallery.jpeg,Glioblastoma T1C+,d0f82e337bf278bfce48a3e3efb6bc33795ff51c3739b3ea1fc8051d57008f14,train,1
10a200356d62572059f0a0d2619156_big_gallery.jpeg,Glioblastoma T1C+,176234f3dcf256c2c5b04abf36351f66699cd6482d333bb54d19d3fd51c43609,train,1
e3a61dd6b45c193e513865f89f9671_big_gallery.jpeg,Glioblastoma T1C+,3d1aee67e6971675a25ebb22dbe2ab613be6ce17113a8e803389d2c68fbdfb7c,train,1
ca4c09a08051d30feb6925682af04b_big_gallery.jpeg,Glioblastoma T1C+,9c684fbcb469bd27fe9230d3699f4999c8d56b8dbea3c59c4338b4bd121130d7,train,1
0390c815c810f09d3b3c682219eeda_big_gallery.jpeg,Glioblastoma T1C+,df2cdd14b9fe519c85b4151984418d906672f873900db4512ff4701c9976ea81,train,1
a8db9184959c75876229ee312057a4d990b0bbb026a4cab69978fc9f68b74e2c_big_gallery.jpeg,Glioblastoma T1C+,d76a605e19c704706adc3d561cf1a143edc251bdeee9b336b2e0608ec59169df,train,1
2ac7c6662499cc887dfd027d106128_big_gallery.jpeg,Glioblastoma T1C+,2a60741fdce41b40a4e442432c54329ac0a9134c5dc780091657d42437662072,train,1
5214945b8b949934ce077d0da9380d6be7fd2518a1001f09bd9ea853e36f1c87_big_gallery.jpeg,Glioblastoma T1C+,c9ae9177d2f60651421b0a0ce36559476af23de9b28800e154b235a75a107bd9,train,1
37b2e7217e4afd088ded706bd1b6286aa1f561de5555d0e04630f007b96805eb_big_gallery.jpeg,Glioblastoma T1C+,509c91d7b6de3e0f201b1cbe4ef3a827e40b03c0e437d0e7331536de78932bd3,train,1
2022-06-10 13_45_10-Glioblastoma NOS _ Radiology Case _ Radiopaedia.org.jpg,Glioblastoma T1C+,a8c2cb9b0ff65b20964a44349bcede43a894064da7273cc1823e3128e7306db3,train,1
009_big_gallery.jpeg,Glioblastoma T1C+,4a3fdfe640d0511a53a714ad73bd60a19395a657f3f1c92b103ce3a0a53f20f1,train,1
051205c1d30950b8054674d395e98a6a93df2ec567862135bf4bce6cb8b697d6_big_gallery.jpeg,Glioblastoma T1C+,b1f8f4d92e4121b59dd8f964024ae5698826513a3bf56c2f97f18651948f999f,train,1
0dfa13a0afe47773d586be1d62523dd78a3369a8fd6889613c800f954ce6c9b9_big_gallery.jpeg,Glioblastoma T1C+,8fefc2b1143ed29ed0bfbfc9e2e42c2b11082f273e12fe01f07ba0bf6bd38513,train,1
2022-06-10 13_44_58-Glioblastoma NOS _ Radiology Case _ Radiopaedia.org.jpg,Glioblastoma T1C+,fb775e4a659a558d1df76aa4284b654616e0644f73bff0cfeaa606aaa86034a5,train,1
5e29a33486ae2703c1be490c3ee3cb_big_gallery.jpeg,Glioblastoma T1C+,f3acd56fb9882a47e676fdfde712f795464208ab3a5c10630a68fe5d6b8ed6f6,train,1
14cf53b2d13acb7c7c2618712319ca_big_gallery.jpeg,Glioblastoma T1C+,0a113c0c1f5474bbdc415c58195f88019b0b0c4f7a166a549ef48f208cf67d38,train,1
621189d5e068b173f1d4312a2b184d_big_gallery.jpeg,Glioblastoma T1C+,1257ba0e7942c77a9a6daf08c407be051d93c24709fbd52dcd357e28bbbb432c,train,1
a82902a3ee8e2380482aa4759d7bed_big_gallery.jpeg,Glioblastoma T1C+,4a249e25e76b9c26ca80391bf8c9047252af28def78a026b3b20183ba003c542,train,1
291162a71a7006c9393f32ab9fe560_big_gallery.jpeg,Glioblastoma T1C+,13768f57f20e66d175f96e96db7ab17c28fa9d5c6accfdd1e3e42d835f8c176f,train,1
7ea0c2f562c3dc13786449e8adc11e12a97f73885eb31fe118977377263438a8_big_gallery.jpeg,Glioblastoma T1C+,53dd81d0a3c31abf4b2c283c2784e43e31f98ea717906134676729cd34f06fe2,train,1
1b4eb3ab7ee0b8af0811cb4ab5dd8b_big_gallery.jpeg,Glioblastoma T1C+,94bc973492188c4de68766ba5e9e14832d795573237dc9900f0ddbe0aeadff3d,train,1
bc2d0c30cd3a66ed39b6e7d15cbc6e_big_gallery.jpeg,Glioblastoma T1C+,4fb3504cd9b1fa0cee81fead51523482b31587f6a1884900b7812c124408861a,train,1
41d5c20e3fb71615a90f87339e73c7_big_gallery.jpeg,Glioblastoma T1C+,5e108ea12dd35f4bcd593871b0dac37b805c0badbe701f7e722b9f15b06d5163,train,1
7bd1b7ec3d92e98f7f9665d1aec9be_big_gallery.jpeg,Glioblastoma T1C+,5526d450071f5487400cacede103225e7d9dcd2f242ff7d231f0bd0e47bb870d,train,1
c5e16d39e391a030fc692304acf50f_big_gallery.jpeg,Glioblastoma T1C+,e262edf91d93ababc4d57c509543f6497bd9f413af6ff1eacbb59e5062851fb1,train,1
010_big_gallery.jpeg,Glioblastoma T1C+,8ba86f7426d8fc3dc63dc5638cc83d9ae61b46dc1f13ebca41952f3cc6dfacd7,train,1
74758ec025207c2ab8d93d686a33da_big_gallery.jpeg,Glioblastoma T1C+,e3b805af501be0c29828c5db6d589daf1cc5a42501944667fcc9382ff22619a4,train,1
fc5dfb8e82e34d4bdb74b811be432082838827f7794bc21d827152598cf7a033_big_gallery.jpeg,Glioblastoma T1C+,1f27e1c02aa7218915adfa7a18c3ff5ba6752e0eff4ae28c1ea4554cd12e3ae5,train,1
686de8636cc3ade119b918b1b6b203_big_gallery.jpeg,Glioblastoma T1C+,683fda4adb62cf3ac6ceed04fea4e7c888bb08503b23c65a979d9e331340eb57,train,1
e98321a68d54858d74a8582945e4b9_big_gallery.jpeg,Glioblastoma T1C+,8ed47b88a955b78d063a7cff9cfcb2a66c9e9749a3b5c35442b47d3780c29253,train,1
007_big_gallery.jpeg,Glioblastoma T1C+,5c4c625a3068aaf18018a41d570bb263fbad5fe4bf87069e2a5ac68c2ad9da0a,train,1
2022-06-10 13_45_02-Glioblastoma NOS _ Radiology Case _ Radiopaedia.org.jpg,Glioblastoma T1C+,7cde9072a75aba1b9dad16343faab14b79e545317f0e83824b3e6edbddcd0291,train,1
c23acc2a7d8121772401eb6e0935a1_big_gallery.jpeg,Glioblastoma T1C+,d66edcd7686539e136a49cdbfe7aaa31876d2558bcc91981825c1e226c216094,train,1
671d59dbcb1619fbadda1d3c7fb7e7_big_gallery.jpeg,Glioblastoma T1C+,d8f089214213dd6fd61657d51b3e0f4c5a706d77ba9b03ddc9e76718069480ed,train,1
83998f0539e1b3d2c932c022cb3368_big_gallery.jpeg,Glioblastoma T1C+,b4e5ae75850bcb8f12909f8171e0be1f5a67e3d3cdaa553589da893b6321ef66,train,1
eecb9f2ef6c47e66f31c866dba3b11_big_gallery.jpeg,Glioblastoma T1C+,0f749b4e35df7f5702399131c7734e19ab88a4ad57c0b390af845bc76281f35d,train,1
IMG-0009-00014_big_gallery.jpeg,Glioblastoma T1C+,22788c654c2d9c73fed47dc24cfbed5f58413eef0ad2fce4b0c6d49ef8e5d4ef,train,1
d8fd5299fc87299a6605ffdb5f2401_big_gallery.jpeg,Glioblastoma T1C+,2b4e174ee6632e66ea74e669241744b398b186796ebb1789be702bbdd85bd9b3,train,1
595533a4e28695bd1b819cbabc1636a5d84a04dd41d6efffac89c4678643cdea_big_gallery.jpeg,Glioblastoma T1C+,71219a85660757518d3a79eb219e54bf6fc9c51192ffe8dc5de073c22f56280d,train,1
7156558094c908d10b4809d20dcfe9_big_gallery.jpeg,Glioblastoma T1C+,6997357df18c94be1ee226c20f6df29ab90260c50fe98fad5a05caa67eb3f602,train,1
78520963f08886c412d4efce9c89bb0699ac6e853b47d57c6f4b9dc118b9bdf5_big_gallery.jpeg,Glioblastoma T1C+,7278a159475864038227ad9ef9ffa109b7eba20fbc2e34fb32bff76fe4cad79c,val,1
3a99c12dd05dc33081455f1b9baacde3c8017edd117f990d47797ddb5094e5fc_big_gallery.jpeg,Glioblastoma T1C+,ea0590b32d3fd2084cfe96124ed5ed01170fe599fdbce1ca8074b9dc441bdb3d,val,1
175e70132275e090d818410be17aa1_big_gallery.jpeg,Glioblastoma T1C+,c4caf4aeab668aab08df9d6b5540e1f46c9d510f730391af657366e0fd650253,val,1
a401b124e60d039d1ef5d7d98b4619_big_gallery.jpeg,Glioblastoma T1C+,1e8adc2e4642ed6c38cb0d9271f5abdd1c572cd59dc17bc5ca8e78656321baae,val,1
7a0a225fe4b805dc7d363006a283f7_big_gallery.jpeg,Glioblastoma T1C+,446f0d169a22cf4908da80ee4306dd1ad184623e8613546487ef58df98883a9a,val,1
302c023d19e833bb1437c974d46d3120c6bcd1798db116143b4adfd2eb5d47f1_big_gallery.jpeg,Glioblastoma T1C+,712bac2b115f3a0af4934017499016d4dd0a2d82ed093c0d19978b4682a034cb,val,1
d722ed4befe4f4dbc281184ee897493d3685036f739c5ae46876c5f15fee9bc1_big_gallery.jpeg,Glioblastoma T1C+,27d26c8ffa3c9a9ae9c8b313133d4fd69ea74c3cc4c1d136d437db09bd0f8f89,val,1
f13597e9664f098f715820a7061dec01f008826195fd4fafb4380ac2271f96b0_big_gallery.jpeg,Glioblastoma T1C+,5a1bfe62659be4f82b004b062b496d4b4fea95112a99a1e4db0ada44d61eee91,val,1
f103dcce6476bfa0faf194960be334_big_gallery.jpeg,Glioblastoma T1C+,3ce78ef44954f4bafde7d8b3026f39059fd4c833d182ad7508ade969396407ca,val,1
8a1f0a86dbcf6430e22dc6d36bb64d_big_gallery.jpeg,Glioblastoma T1C+,717340f09352624173b865d4caebd63cd90cafd63cb46922b3df2d2c8b27873a,val,1
5e210d5f91b730138c6f4f8517928df394751af1f55318f07e6bddc5ef709b6b_big_gallery.jpeg,Glioblastoma T1C+,7027ff37e5d897818ea2dcc1b52be87f499d611b702e3cc2186001125f69863b,val,1
cd6b980ea549ef1316a83f5526a7e4_big_gallery.jpeg,Glioblastoma T1C+,83f8fde08e976333284bbe9765b08ca2515187d90b8b93c38e555963cc1a414c,val,1
6ecd5be0b837c3628b6566d57e942f9c116e7b4d7b88c00db08d021dc78ac7e4_big_gallery.jpeg,Glioblastoma T1C+,441a57f56b72d8f1f2a03fbb96e512399272a72b36af97474dc75043ff9ccb08,val,1
90ee817d8d17863bf8b19f4d38a410_big_gallery.jpeg,Glioblastoma T1C+,f800811ddd7d395db713d827be21ab68fcebe6f63ab7c933015c8ab0fb0f6089,val,1
10237fdd482a53d81153c5aba7b0f7b88998b0dc3e4e0163e4ea9101572852f7_big_gallery.jpeg,Glioblastoma T1C+,ab4d0132d3ed17f6cfef7c4702828001a1f5384ccbacd33f71ff4c9b257fbf7f,test,1
2022-06-10 13_45_14-Glioblastoma NOS _ Radiology Case _ Radiopaedia.org.jpg,Glioblastoma T1C+,a532b06910c02c32a9c85ae43550ff9c463977977a7ff4308935a8f976b6627e,test,1
be6b2aec93e44edd9e209d945399167f53a2120a442b2c55449d72793a246cca_big_gallery.jpeg,Glioblastoma T1C+,3ac37d2fcf032728e67cca716f5c3998d63533bf17403616a148da4b7ff00403,test,1
5412d589bbd997b375440809ff0f3e746fd9023694d95f880a11a68f180ad99c_big_gallery.jpeg,Glioblastoma T1C+,2775a24e4cb977a24b0a43684d426faddb176c336b9301201ccf3748e790182d,test,1
fff4efd1edb70ee9958ade4cad5a96fb6064b984e90ff6e88ead1e56a1b0cb2f_big_gallery.jpeg,Glioblastoma T1C+,220f8d98804699061bb54db9bc5929e1fd91b1ebb64728e9b31d519d471264dc,test,1
008_big_gallery.jpeg,Glioblastoma T1C+,9348481b15d95fbcb5287a310e4db98b54062372b112df10d2a77c395fbe86da,test,1
fc5c7db80cbb5102f49817335d04e0_big_gallery.jpeg,Glioblastoma T1C+,fc2bbef2f644d806092c55f59e218927db4796aeae403405701b726c3543db49,test,1
92ac37b426c4614e90f842f6a91939_big_gallery.jpeg,Glioblastoma T1C+,d4828024268521864f0a859a6e0a09ee3d1e7a8a51bee1bcf3c14228668cbb5f,test,1
430717c1ad5b9a9d57fd0315a20dec_big_gallery.jpeg,Glioblastoma T1C+,7b26a67e6d18ce80c02843a34cd66ba4563c207f7a3dcc1233d9e19bd3b8e7ac,test,1
e8e34ac545201c4e47531175cf98f8_big_gallery.jpeg,Glioblastoma T1C+,eeaa58656b145242180983d6cb478da44bd0060c9dbdb9463f34eb0d0cebe247,test,1
95e5610adb4bc6087c31fd915cb0faeece134fe8d800e9f59a9924c196209d67_big_gallery.jpeg,Glioblastoma T1C+,aaf1b30a578b7fbef2cccc5c3047aa6d9aa0819bac553d167c8f2046fa6534a2,test,1
3a012f9000ea6f118bff4e3ee21b7fef25789bc6c3b7af2e37c511aba8587ad0_big_gallery.jpeg,Glioblastoma T1C+,2d5cd43939930b771817a3d68c1456c0644670801fbd7ebbb246471bbb0d984b,test,1
2022-06-10 13_45_05-Glioblastoma NOS _ Radiology Case _ Radiopaedia.org.jpg,Glioblastoma T1C+,28dd3064cf6832ac18fee67eb9a795343bbc3121759e554785f9eb90041a5501,test,1
cb6cb1188bc60134ca535389931f07_big_gallery.jpeg,Glioblastoma T1C+,f870ed3ad192328601eec76a0ff3e5c01ce981100aa142daa99c821424ed175a,test,1
a6d8cff8aadea263e22ddceedc24373734c7751f6283094960bc9d7f6970dc84_big_gallery.jpeg,Glioblastoma T1C+,2505e44f8016d8f954b30b0a5ffc827c45b5c330fe5a6a051a979ac33df31b2d,test,1
95553fbf73b1ac7458aca3981ccf25_big_gallery.jpeg,Glioblastoma T2,c4548c58766129c08fca2547aa8b9474ec7c9d74c0c580c117663126526b45a9,train,1
cd4ab3457b7aa0426e5dc1544fff36_big_gallery.jpeg,Glioblastoma T2,427ff4773676221b5b92e63ff3a9c5f88619c95bee182a855032e4e14c8baaf0,train,1
89437c51585b64c96009760a015e07_big_gallery.jpeg,Glioblastoma T2,b4fd117c1d7308eb4d6eb9c9260e98a5a04649d2f7d08ec5313609eae519648b,train,1
4e7597ecfcbcca32366ff39cafbfc7_big_gallery.jpeg,Glioblastoma T2,f59d78113f82d4b04124c57a83acc2ac7ae2fa1529a574acf65981c82bcd8547,train,1
603ebb8cfb89d09fc17b70aea3f907638b6dbb6bf39c1ddf64332859cc0215d6_big_gallery.jpeg,Glioblastoma T2,e22ea586aa5fa941a27108bb9653e29d13bb5326eda7b4bd990dac2a740627cb,train,1
IMG-0003-00017_big_gallery.jpeg,Glioblastoma T2,aa2f61a8c9d95aea0051820564cfc1dee11c33f6219c3898d823e55f4262fd11,train,1
18e985f328896bd3a792fec138af27_big_gallery.jpeg,Glioblastoma T2,77c136092327057e5bbd452193a30a4f2fdf0dcec2b68b846bf3b13fc5c3c7ff,train,1
f07596c203efc86e8ee05e73fa0014_big_gallery.jpeg,Glioblastoma T2,10417a449d9327ffd1808463739b883778b68767a91613c0262d730eefe8401b,train,1
009_big_gallery.jpeg,Glioblastoma T2,51050fddf369454e63147f5890378f4d248203d2f447ff6d54040c0bac950522,train,1
f641c7646e2f9ed7955a204b7144b8_big_gallery.jpeg,Glioblastoma T2,f595e6f21b2db7fa876fdcab624d78849c12dd6c4c86b589ac51a2f21a81991a,train,1
ed0c0ad13e1abf386e3c80e0210458_big_gallery.jpeg,Glioblastoma T2,226cad4a96feb4debc7e4a3ec3734f16723dfd64c7cc3606b5a962bf3815ad61,train,1
2022-06-10 13_44_22-Glioblastoma NOS _ Radiology Case _ Radiopaedia.org.jpg,Glioblastoma T2,b7ea6d5da1ea6fe3c116ea8563fb2ec3c5fd6ab61a616c2e5634306151abf737,train,1
9ee02df4b06dc679d42acceda2348d_big_gallery.jpeg,Glioblastoma T2,7977c0bac87fa092d162c037397cdbfafe4c3ae6f0541be5ea1d45051cd3ab61,train,1
d8cc40a405178d80d742924c224ef8_big_gallery.jpeg,Glioblastoma T2,25c1643d730a8c9e334018ee394357cace02d53f4eb5fd5e8b2b64ee65dafc04,train,1
2022-06-10 13_44_29-Glioblastoma NOS _ Radiology Case _ Radiopaedia.org.jpg,Glioblastoma T2,9501a3bdde8e86d775bb222b3e921c7ef9c29aa81d02a87f08f78fefc2df46ea,train,1
2022-06-10 13_44_32-Glioblastoma NOS _ Radiology Case _ Radiopaedia.org.jpg,Glioblastoma T2,a16f80d31c6b15d69ffa58ee021da04385548ec8182cf85ec2d9e574b9511b57,train,1
IMG-0003-00015_big_gallery.jpeg,Glioblastoma T2,2cd6a8954ee0150e424cb76f25d0f33419ccdf2cf620aa5da3820a470e72d46d,train,1
39b90d7467f9d9b7564a69a4c3fb94d8d073e193c76e3d78429afaf23323fb40_big_gallery.jpeg,Glioblastoma T2,f3ab8722a49c0a11c656e652a9bcd7a5c56d8c60d8436832c1aa679cf6790e24,train,1
8a961403df6f1e73caa8f2101182e7_big_gallery.jpeg,Glioblastoma T2,cce89a9ef5e42b44c83ae18d99b0fd216b69f094c2746fe16b337a0b9d0329fc,train,1
4af6f45d3faa32ccca818fdc0eef65_big_gallery.jpeg,Glioblastoma T2,6af18d0216e7d161903a19d7611d26cf52fd9bc289c22959eab4ada1943e5dfb,train,1
IMG-0003-00014_big_gallery.jpeg,Glioblastoma T2,76a2bbaf72676db4548e7498d0f0e27a9e68db608844998d59f8796b3dd00ff9,train,1
622e3039b70fcde6abb173d22643a5_big_gallery.jpeg,Glioblastoma T2,c3981f44252063adb59b73884419a23e6485e4f8b8e7532f11b89b978e9efc56,train,1
8b88cdeee5772c3a3de5b7e3b7d24e_big_gallery.jpeg,Glioblastoma T2,dacfa6be98791769429482db5df01c3ad6d7ff4adf8e35ff62e52e44d8ede32a,train,1
4aa9e12a6c0bdbfe9c4ab50d3bbb0d_big_gallery.jpeg,Glioblastoma T2,945be067c2521d6a602df3fdae896be1048012da99a1e7163bd85302790f24db,train,1
2022-06-10 13_44_25-Glioblastoma NOS _ Radiology Case _ Radiopaedia.org.jpg,Glioblastoma T2,050b7f7b03d7d8e178d23614830e72f11b6fee2f5e38535de7ae4b7b34310460,train,1
896e775f9cfb7c91d2efc675b21714_big_gallery.jpeg,Glioblastoma T2,663d7e48c2ef2fc5c051bade8b0bbca43d0033d6ae22ad44553d357bcc7f4a34,train,1
ef3be25b2e9b705ffd63261e96d847_big_gallery.jpeg,Glioblastoma T2,78fe0494b6dbd6814c6fd9dc06f2973bbc02e486be976a18a18b6931a8bf7f93,train,1
aa7b3e25a399ed3877ec7216f13a11_big_gallery.jpeg,Glioblastoma T2,6e5a45e9114ecb601245644379c8879ea1a51234e69b30ca656f57ef868e6478,train,1
010_big_gallery.jpeg,Glioblastoma T2,c8864f3913b82a5594c276d4e4838b82a2fb9073d45a5782bcf7670e06ad324e,train,1
3bebb09f6fc45796673b6cc57c2974_big_gallery.jpeg,Glioblastoma T2,ba800ca62fd3a277ed2f891847cba3fa2cd1d63ac5be051c16fbc05a562a9da8,train,1
b20ffe82ec2d25a576e9deaf9442a4_big_gallery.jpeg,Glioblastoma T2,a921b348daa28fd25a646b9594abe8959f179fd99c2fc30d077bee35e0136b37,train,1
51336a3ba56add371068c57736708a_big_gallery.jpeg,Glioblastoma T2,93fe603e3cd449e7b38977ac675969501d880baa11ca943d2995c791c95e5f9d,train,1
IMG-0003-00013_big_gallery.jpeg,Glioblastoma T2,1e260a7fa713b68de84e476bb481fea7c82e4d3b3df167d78af094182c89b3ae,train,1
0a84ca3822a989c1eadbb82c9577fbe53f0168ab25dbf0f5489a359d136ad3c9_big_gallery.jpeg,Glioblastoma T2,29da5e12ae4a1b69fa8c21f3f0eea89bfe8751b651b8dd0d590722eacd811b20,train,1
d39847b2328746791e4cbabbb4bfbe_big_gallery.jpeg,Glioblastoma T2,03538ab3ff9905703687f4305672e6e4c17f32e92c71222702da0d66b5ae2e7e,train,1
57b1132a9a6ea06df0c18adf4bf2a4_big_gallery.jpeg,Glioblastoma T2,e3b14b1d0a6514f0a07fa61d563bb9b619d7bfd9f0e4c61f1cc18e0b06f58ebf,train,1
ab919dc6d9c7f3a7467ea39f420196_big_gallery.jpeg,Glioblastoma T2,dec346154deeda19b9e7ef2d579f5e7cd682dd3e47cffbfe34bb7b84883c342c,train,1
008_big_gallery.jpeg,Glioblastoma T2,0ca2590cc191d281567e7b71672aa14d76d728c373b31353695bd763aca68db9,train,1
914ae0c0d4c5ede22e4993b9db0da0963ea8d5ee346c7a1df12ce822aadcc68d_big_gallery.jpeg,Glioblastoma T2,daa852c0c4d2f00e18bc635c9236d222587158547117bacf1fad63c657259d99,val,1
465f71c71ec078d9bbc8ed2c3fdde2_big_gallery.jpeg,Glioblastoma T2,60308b948a5cf2dcf4935186ef94357e67b408574a27ef9151dfdcda4a5501a9,val,1
1d856760487a9307f0b49694d0cc32_big_gallery.jpeg,Glioblastoma T2,da129eb9cdb66dccae4f6c50670f86e8a8a95d7274a68248917d275ae219ee8a,val,1
ff1a45b01456eaedad29251516c6a37a20973a37214a84755d1916ddccb652e1_big_gallery.jpeg,Glioblastoma T2,48611fee371aa8e2e4f435414bdc8123a0cbb59273dfa13b6a496770463a6755,val,1
d627a58ca2b757eb812fde46ff98e2_big_gallery.jpeg,Glioblastoma T2,50a80da08478260a7b0fe5054ca6b856f5c97ab05ad3914be6eca0e2d1f414c2,val,1
79a3116cf2b63f27535ebeeb9f6b36_big_gallery.jpeg,Glioblastoma T2,d1337a918684b53e46c6a0d130d1e2798fdf6682722735b0c3a4413eec345e92,val,1
c584b5b5e6b9386728a54febcb6bb2_big_gallery.jpeg,Glioblastoma T2,c603bf64be0e2e52dcc1acb8a69979c44ea72f99aa309ce100f87eb2bc6ee848,val,1
IMG-0003-00016_big_gallery.jpeg,Glioblastoma T2,ee2a1e8b0a3c7cf6d9fe9295ab11879cf714a96503bd365414c533e23b5a8016,val,1
fc1ae39cfb17bbdb1333a58f9687cd_big_gallery.jpeg,Glioblastoma T2,fad69c66c4baf896bfe47f6a00f02e6f67952066ba061f0d8fb44a0bc503f769,test,1
f9c5fccd2f7e31fbbe8ee6bedbfa09_big_gallery.jpeg,Glioblastoma T2,3a02cc2dfee9c2bcb08bbbce0614a672e951546461ac60a70b2eb3ce3a95eaea,test,1
ed35e872c52ad44d47caed321a24d6_big_gallery.jpeg,Glioblastoma T2,aff9c7592bd72cc5d952ea38e707ea8beb8a27a74f1400016b33a91fb4feb082,test,1
64f6f0c33d7f3c8e84dbcbd5bb39dc_big_gallery.jpeg,Glioblastoma T2,83b1784d057041d437fe82977f09ea476cb2a43fc9544500a9c5898343d45fa9,test,1
8e4f33cb5539efaf17580ad90def47_big_gallery.jpeg,Glioblastoma T2,ff6dbdd9275afe26d8142910509d3723325393bd7511936becfc7f0aad66f569,test,1
2022-06-10 13_44_18-Glioblastoma NOS _ Radiology Case _ Radiopaedia.org.jpg,Glioblastoma T2,252e26e6ddf242acb77da8d7a178cc58dd5b4770ced1db43689cf1c86c77ef89,test,1
ab636cf72a14e7d38ee88e8036e33a_big_gallery.jpeg,Glioblastoma T2,ba5dc53846a60470a9c4a77995e4c11eabdd175c6ef21e093e17a743d1432f0e,test,1
4acbfb7d6222f8741bfecb364a45a1_big_gallery.jpeg,Glioblastoma T2,f2fccea13550667faeb11c6ef34cfa2bc70de73992aab4f6cd3b2b16efa4a7f2,test,1
007_big_gallery.jpeg,Glioblastoma T2,d86a0e9b63c8ae653733cef5d25cb7c090765d0440201214e41ff7a02d4717e4,test,1
4b09114b5492d7a6339b1310926f26_big_gallery.jpeg,Granuloma T1,df0cee9ee53964943d38e4f80ea09decfb351602da3d87ccbf8f7518b9804990,train,1
57._big_gallery.jpeg,Granuloma T1,18169361c08bf3b1e1e56b6f1f44bf12946c1764d0b738d5eb2d03099988a16e,train,1
29e8f9ff40e12850a4a507fcb4d701_big_gallery.jpg,Granuloma T1,12927ece5a83706618f739f2ed05e808aea832cce7aa0cba10ac1610395ca3b1,train,1
1a95d597498c3ed1192833f86df0e3_big_gallery.jpeg,Granuloma T1,4025001e6b720f87330649ccefaa5be63d37370c97dad98d3ea0eb396276acd1,train,1
59._big_gallery.jpeg,Granuloma T1,c59c042ddfa6fe713861b3c9f2e425f3203c6f00e6c9643b1811b42023a81d56,train,1
0cc030e3fdba77d364c6f02a594cf4_big_gallery.jpeg,Granuloma T1,98d24ed4241d60d23622230560661d30fbf1ec006c2de0325ef9af5b42a90eb4,train,1
d2b0e43e89fa69409fbe8d948b8568_big_gallery.jpeg,Granuloma T1,2c4a781aea37e9e2354cec28ffb5967f84046b8a88006112d27f69f28f266a72,train,1
56._big_gallery.jpeg,Granuloma T1,34156822674d7fe10a27e13aeccdab5085ef352970970254370e2b53dffa868f,train,1
00bd904e2327a741c24d98532ec44f_big_gallery.jpeg,Granuloma T1,f913b1091ffc3a9413cc8c2b0a5e252b82e1d67119daf99b50633f5154859bba,train,1
b8bf1c111bb6218702ed8b0e3ceeb4_big_gallery.jpeg,Granuloma T1,a9f8f3239d5779efd9916c7f78e116f515f75cd257df2dec0a8acb135c952ac9,train,1
51._big_gallery.jpeg,Granuloma T1,79c9fbdfc7a0ae02f8fd2584a21ff05da8f450552aaffcb8485460166006cde7,train,1
54._big_gallery.jpeg,Granuloma T1,395364c3e10bda3afa3a3922887ad6a30efad21ffa8443026dd04c6a22df93cf,train,1
b73417ec12dd732f39236d3de49569_big_gallery.jpeg,Granuloma T1,be93b23cde9fc19df577eb0b83cd0f271689439ac4bbc1ddb3979dec0452a82a,train,1
5b633f8b6247a6d3848e7dd7f67f90_big_gallery.jpeg,Granuloma T1,d6a25de5ede366ff08af10752e8dd594e242d5a159413c107cbb39e52c4df4b4,train,1
e1d851fe1a19ab0cfcc1d57ebf86f5_big_gallery.jpeg,Granuloma T1,2ebcd6690492ba5d7f49d972d528fe040e23d8466993383088e0b3601719d4be,train,1
459d57445d4517c7efb47d6a0641de_big_gallery.jpeg,Granuloma T1,802193ab6454fe31828fa1f4e13beb96ec5b22508aba6b51fcc259c67f6fc73b,train,1
53._big_gallery.jpeg,Granuloma T1,ebfd870267b89bee8a76591395163df33e419be27a0f6bfc5ce242d3b5abc3e9,train,1
052d675f1083d53187612c23128e4a_big_gallery.jpg,Granuloma T1,410c4b31341d3dd0b52d98020b9aed062661667fb96185c7588544ed3e7d5d23,train,1
60._big_gallery.jpeg,Granuloma T1,1bf016e7bd88738807d1d5cc4122c8bb4005102701cafcf394c7cb45c762e59b,train,1
58._big_gallery.jpeg,Granuloma T1,6e2208e7ad3c4e3f786ba3f1b4c91ec2282f1ee94ed8b08f7e896b4ed48ddcaa,train,1
a2cddfd2b9fd7c305903685a179501_big_gallery.jpeg,Granuloma T1,73ef4de33edc6b1d268e57659a852ee667aab0ac1ae94177a735526cb8313765,train,1
6572f8c0d04400a7613b8328659881_big_gallery.jpeg,Granuloma T1,c9de6507b131176655b194a4b30488ccc253bac6a53850f70b0f5980af285eb6,val,1
0feaabef30a5b792f03f8dff1f8f18_big_gallery.jpeg,Granuloma T1,b7be2b062e55820219d73b0e259dabc53278c698c53a0b24a3d7e8a54f9954e4,val,1
df3c35a68948f03014f6d1aafc3fd2_big_gallery.jpeg,Granuloma T1,b8260baebbeb11640223591ac9f74b5b29c9475c1688fea046c8615cf7c839d7,val,1
30c24f44e3785e6e410bb914923c2e_big_gallery.jpeg,Granuloma T1,a033e0627ef7a2913b47e15feb91f4a52f3df8216ef4f2eb7323f6326ec8dcb8,val,1
d05c8b24b437476da2c89e37b9e231_big_gallery.jpg,Granuloma T1,5e077aecba55d76a67d4079c28f6ab0b62e63bc2104b05efb5b38d429cdd8831,test,1
55._big_gallery.jpeg,Granuloma T1,90398faef94c441383001d682530b0d8c25308b39de76a78999bc0dcc7d32fd1,test,1
2e67484596f5645197af4576032d79_big_gallery.jpeg,Granuloma T1,0f8533cce9d40773d7b95adf1bda1a7ff1325617de45c5d8fea8005bd168c262,test,1
52._big_gallery.jpeg,Granuloma T1,9c9b3e0a3ce13718591c5a362f09f019eaf997a1204d2c90af88c7cff54d3ca9,test,1
836eb8155840155c00c6cf7946e66a_big_gallery.jpeg,Granuloma T1,a0d6300b2c452f19f3c1af86b0524179b0024605184b64d4290a1c53fc766538,test,1
da0759e8a6afb8ca6201993d188433_big_gallery.jpg,Granuloma T1C+,14bdb202d817ec30ce0b94dd01e7b2470b1786fcb41bcdeefc65571e5579c316,train,1
1665242657cf0b779431dc26f66eb7_big_gallery.jpeg,Granuloma T1C+,2d6c45962e1fd032e1753dd8558e5d40992dd9a691c15dd7cb4865ff4c9b55cd,train,1
7._big_gallery.jpeg,Granuloma T1C+,a8cbc33ab675163c039587e48a8904116d9c5d88b5f92b1c0825230cd7a8b32c,train,1
4af288cff38cf5b9f734dbae77e924_big_gallery.jpeg,Granuloma T1C+,de8e63cd595ead344dbfe2aedd984187de674a947159a6a9509bdac0a05af685,train,1
8._big_gallery.jpeg,Granuloma T1C+,5f06ea49759622107e1087bb708e02c87303f4eb082d5023cf84dd200efc8e83,train,1
69ba2c7c6fe625ebe6399a1225066e_big_gallery.jpeg,Granuloma T1C+,851efbb6016e9b48addeda0f5a9586592e68e5212e77d79738e172dd1693b14c,train,1
ed89c96594777a4eab63490b804b5e_big_gallery.jpeg,Granuloma T1C+,5ddd63347a34ea160bd7bb9811332f8503618f9f1892afc6c0652e8da47bfee0,train,1
1d33abd71eb829e505542e12d751f5_big_gallery.jpeg,Granuloma T1C+,b06650f381a16fc3bb5e35de6ef6acfff42f0b9a32e753cc4decc6d82326559c,train,1
5de35f0d75d09f0d3e28f8f71f9787_big_gallery.jpeg,Granuloma T1C+,f9f019442512d4fd8d57459a17d64263ff8f20485f27627a8287766f55c2de91,train,1
675f771506922604ae20202801f5f6_big_gallery.jpeg,Granuloma T1C+,94c5ce9a9a30bd691427926163eed3fd86e6788b0cc84de66316c62de7ed0de8,train,1
b972f5ba5cfb8a882e3b9fea001603_big_gallery.jpeg,Granuloma T1C+,3fcf1818f747d8e7c68875ff6d4eec8bc5385dfd06db1d5f79b166d3e036a46c,train,1
d90c353e0d14c093c421a5bf0d8b20_big_gallery.jpg,Granuloma T1C+,bc297eaad267ca2afbfbad9f20ddd0ee7e6daa89174703ee846bd87b5284b207,train,1
12c7c0f0d7213084f797d2e3cc5e73_big_gallery.jpeg,Granuloma T1C+,298ca16c3f27fcb6be4c7c079ef6ed0c62017abe728bbb309eb98a03252213f9,train,1
f6d622c18a507576e4287a550533f1_big_gallery.jpg,Granuloma T1C+,aa3ccb3dc5eba534799d698afa6a7e84d90747934d0b123c71ab8a076e560e06,train,1
5eec4d74129b1165f561df6e011c11_big_gallery.jpg,Granuloma T1C+,58091ff0acbc6de7779b6e2bb4c068ed0498e67c9aabe128b358413f67467a8d,train,1
e1d0943236a53a5ddc69b06e7d139e_big_gallery.jpeg,Granuloma T1C+,cce5194cf64e3680fb9ea6200349426765d88ed5cd4e8cad9605331222deadca,train,1
ed4b4ebd86df640422790b316ccc88_big_gallery.jpeg,Granuloma T1C+,29b45bf7e2a3d9723b061037291c1e6da9cb01a60165dbfeef0ea54d176a992b,train,1
d18b1f1ffedfa62ce408ab5587a27f_big_gallery.jpeg,Granuloma T1C+,e0bdc3fe364ccf94c0d637499d37a531e01b517715e3541663c75863a4e05a7e,train,1
3714c7deb05a456a2b95a4289aefb3_big_gallery.jpeg,Granuloma T1C+,f8ac73e323c6c423108ce833958f962afd7b64e11bd1ddaf9ffd3028f24c2e51,train,1
0c935fd17346fb947f40d8e3e25144_big_gallery.jpeg,Granuloma T1C+,0cbe3674be91ae55ab1ac217b415a78c20071788729adb658ce5258b31c1fde7,train,1
b5d3dec86283301b978d3fb367b0eb_big_gallery.jpeg,Granuloma T1C+,f60396894121ac1f99a8c696a35414a2db092c31e0601d51146bc86f0f3503a1,train,1
19d7e2c307e2b9640e47e121312488_big_gallery.jpeg,Granuloma T1C+,c225a28c60be8f971309005d051fa1061ad017aa25d736a3b33f23a51114e18e,val,1
54eaef6c89758f446954d6b5473c5a_big_gallery.jpeg,Granuloma T1C+,4b16ba1eec6292cbedd9e7ea0cc152901f611db6eb74cff2ece61e47f4f5623c,val,1
319b56944e6aae8f782d80f58c9901_big_gallery.jpeg,Granuloma T1C+,22aea154c3a32e9d9b641b4b8b97b6b5efae76986a51985f94c97a581e3d49bb,val,1
f03c7e41edadc2351815223c7c30af_big_gallery.jpeg,Granuloma T1C+,d7b625fb2786192d8ee1c30369a7f3a6d3445d42bd974be2b54a7a8d6fad7854,val,1
a770167950b45b2f936a5dcb342514_big_gallery.jpeg,Granuloma T1C+,9d60576af82e2f0e1c2d76d059def50d21f0315b058270c83a9ebc3ab6b36d56,test,1
304da1aaf4509a44621e06330d0f1b_big_gallery.jpeg,Granuloma T1C+,e4f90f7daab7caf5d3515584c0d93b6ff3e116b3fbb29b9338f172617677785c,test,1
9fdb3e3e670b4f5a1055ea871a6886_big_gallery.jpeg,Granuloma T1C+,bf264786df4bfae3559bc5bcd1bdeed6b3f520d5e83870cad04725195f9f3be2,test,1
dfb4b4f70effe9a722191709735f2f_big_gallery.jpeg,Granuloma T1C+,878968215a4f5f4e9b4829f3dde5cc49a1a75cf6820bdfca4631911db46bffb6,test,1
ecf8926c258c834a2a0d777b38011d_big_gallery.jpeg,Granuloma T1C+,75cc649fb6695b45a8cc398ef84359490f4c1157ab4fbbbef7e9bf17628e9de6,test,1
151be4f18d4c8487218913066ff1f5_big_gallery.jpg,Granuloma T1C+,835f2886dd4333bb3a7f26554730fa6a8e1da78125a81d35b085c18398b0c356,test,1
374ab0afb71b60c1aaf9d89e79b3be_big_gallery.jpeg,Granuloma T2,035e13a3259fb17841b65c52b1543f2b0e300671fa3e20dee468fdfd0d7cf960,train,1
2acf8bfb05a188611800b7914712f4_big_gallery.jpeg,Granuloma T2,f53de11f65456ab8a9f6331891a046e218bc67cd81ebbd05cabaa61d1e2013bb,train,1
6538ba697475ac4a9abea97a92fd1d_big_gallery.jpeg,Granuloma T2,0382350ade443df4ead1e3044baa64306c38fa10dffc1719da5471da37d053a1,train,1
2022-06-16 15_21_47-Calcified teflon granuloma _ Radiology Case _ Radiopaedia.org.jpg,Granuloma T2,70c8f1602322fc45025498ee4856a6605ba58f1ae5f38219715f1d55e6ab1b0a,train,1
35f600d508058e6163302e01aaa9c0_big_gallery.jpeg,Granuloma T2,a205c584b5ffa52c7aff24e0cc754b4b2d3281179c3a1b80c9b699edff0f7e17,train,1
d269d1b6ccd90caf1f6fb907b582ca_big_gallery.jpeg,Granuloma T2,46d1a3cc5e86cdccbf5ec1672ad80a337bd1213e0be7dfdbcb1bf082c0fcb34e,train,1
b3b3afc2943a757a61b6fbb46e583f_big_gallery.jpeg,Granuloma T2,7f2499a4351cc6b567c5b45796c36e6507f9714d82eea41b3377fad44b382ec1,train,1
c6bddceeb98834d665d91b155ac7fd_big_gallery.jpg,Granuloma T2,43e303f2be11fa94c94d16154e1116fb73c5380e85f3688cf6ba3f9078b50855,train,1
50748534ad30ba62e49cc7e28c7ecf_big_gallery.jpeg,Granuloma T2,cd091f310791a35e6a2fa0ea9efc8b49533811c4db3634a15cf8573531db3939,train,1
8f3d2d6a5c6c52d7a058dec35dd2c5_big_gallery.jpeg,Granuloma T2,c7f72f6bc46384f73d76fbc4a2674fc76805d9cbdf97a1e64c0ade66286c440b,train,1
d409d35717481bb532a67fadb5b94c_big_gallery.jpg,Granuloma T2,60f9a9051acc57b2620f362181b0db9cbb1053a6a44beddfed3d749dff9f934c,train,1
d8e84fdb49ee09d5a294a940521e01_big_gallery.jpeg,Granuloma T2,70c6b712cf3d92891069e55f3a78cd92b39ce4f8952b48e896dbeed851757815,val,1
499e77b9866d61048447f9c47a6f8c_big_gallery.jpeg,Granuloma T2,4650bc294429386eb573818cdd813a898edc9f31f740807eaa0d3e687e575bca,val,1
a390b23ec3de409ae1ac468646ec81_big_gallery.jpeg,Granuloma T2,bf773e855e4efd1b5480b2e8e9b3587c6f47203e432bbda20f02201aa2adcf4b,test,1
2333be85d4996e78f602d0a3948cca_big_gallery.jpeg,Granuloma T2,6bb641e9227fb2915254c492540e8a2503910935fbc501a699f082123230b718,test,1
21590bee4e4d08b3d11ccef5447743_big_gallery.jpeg,Granuloma T2,d9aa7769f5d1246f010e479cf8787be202ce8cb31b5670b25e264c5d7a56558f,test,1
537bc3a5642a5e65ef04c57667a56a_big_gallery.jpeg,Granuloma T2,3df16285727c662209dd5f2edc6d97ccabadd2a4bba22b82c007b197c3d708c6,test,1
61636fa7916de4f439e8e78bdb9afe_big_gallery.jpeg,Meduloblastoma T1,05c43c23ce826f46fa84dd547511661c0e2dcb11262afa032b30d2fdcbcd749f,train,1
88af9ded70b91ac826f6cab684a34f5970082d80b13dbc2b5249f8bd77a1a7b8_big_gallery.jpeg,Meduloblastoma T1,9d4af66e9b0007f827fe7e9547f874af88df76dc1946d326f236f820ec5bca19,train,1
AxialT1NC36_big_gallery.jpeg,Meduloblastoma T1,d5aedd604b8b81c5d3f5386c6847e814297a61157a4d83a55c95ccedfc331cc3,train,1
AxialT1NC32_big_gallery.jpeg,Meduloblastoma T1,d8a41d2fb10dd0aaf68da0918c875fccb7b341a84eab6ac75a6d7c28c85fde1d,train,1
6d6b2232386024497262b92ae6a25b7f537e95affc4d2e14913576c7c111880f_big_gallery.jpeg,Meduloblastoma T1,ec167f9288af4ca2f3f5aa6b4f7bc25b6d43da7041ef296beeef003616154e53,train,1
3c6395df24408fb5d7d2fbc297554b9f71b2e852a5df9f31c5877c707fe07b4e_big_gallery.jpeg,Meduloblastoma T1,3decb09fd7d8056b22e1b492000aaba7e70c4d6b0959b60646867578a8b19653,train,1
AxialT1NC41_big_gallery.jpeg,Meduloblastoma T1,348a63d5f4205811d7d8df8662b11a331f309883278585782c74cdb0cecf3331,train,1
AxialT1NC35_big_gallery.jpeg,Meduloblastoma T1,5bd5db57c9f17240cd3c97347df11f22580718ea86371038d1cd5a464db647f6,train,1
cc4d3a11db0056f0845b48ca15a026_big_gallery.jpeg,Meduloblastoma T1,2d4b9780dd778ee9ba7b2062333ad482b917715863fa67efb5e8c7e54e5b4072,train,1
AxialT1NC31_big_gallery.jpeg,Meduloblastoma T1,c6e9914c1711f53d57b9c1388b7fc468bfaa7eea366bd689812ce630d7b3858e,train,1
AxialT1NC44_big_gallery.jpeg,Meduloblastoma T1,4b12cbf950c292528171460109caeebcdc2bb9d2f83d826960164e83463da952,train,1
AxialT1NC34_big_gallery.jpeg,Meduloblastoma T1,390eb0baed2eb47d88dd05663fd7a213e38822bee859bace2207e2759fbb8f13,train,1
AxialT1NC42_big_gallery.jpeg,Meduloblastoma T1,543759463b02d3334c53fd7252f775554db50ee618af575e3c744264e658ca3f,train,1
926a75381c520ccf8bd4e318c89cb1118f494c7bdea2ac0e488f0145d917ced1_big_gallery.jpeg,Meduloblastoma T1,87ac6c134da62e5f98289430b5296ca4ad676d456d6e6f2daa47e368d50659a8,train,1
AxialT1NC37_big_gallery.jpeg,Meduloblastoma T1,3fe5d04501bc8ffa5c06f81c544b147f316416e7602585643acb6575fd26a4b2,train,1
AxialT1NC39_big_gallery.jpeg,Meduloblastoma T1,cec4921eec8b039ea621e715cd98acd6d3cf74fdbe7a33a52bfd7be2cf6b2363,train,1
c1961a1d62b043ff44c326fa9014aec2cf840b16fde723d393b070cf181caa98_big_gallery.jpeg,Meduloblastoma T1,f9f9187cc33d0c6b17a76df534fa672e943338a46021811eeb3ad4d908719886,val,1
18094fcbf5fb640cec05c7b42c8abf328d8341e60e5b5dfab57ef551af24f038_big_gallery.jpeg,Meduloblastoma T1,3f6624cd660bf0eeec7657271e9d43e763c0ffcc668485e7759374920e7a9f61,val,1
AxialT1NC38_big_gallery.jpeg,Meduloblastoma T1,2de55882aac35b990fefba905608f5c7aca633991664f72851bf5f18e2ef966e,val,1
AxialT1NC33_big_gallery.jpeg,Meduloblastoma T1,6aed31eda74ec21e1b000f724c2c0a6f2c8d098350eb793f7125e88477572e5c,test,1
AxialT1NC40_big_gallery.jpeg,Meduloblastoma T1,247036d1c9160872428331defd89f245df8c59fd2bf15138d4883a39f16ffe68,test,1
198060be9a5cd3abee5ccc462b7311_big_gallery.jpeg,Meduloblastoma T1,359bf01b546be3d618f6dfe76acf548e6cce774886671bfef972b373dcecc78b,test,1
AxialT1NC43_big_gallery.jpeg,Meduloblastoma T1,a56e0fa32a1850649366efb1fb6617d5dca72c46c65232cbd68d0e76d895841f,test,1
ea3f7874e5fa0a05441b517130306a_big_gallery.jpeg,Meduloblastoma T1C+,a704fa3a5b276e4326ba17491927b644ba10fb538c0b2e79d1410723472578bc,train,1
45dc9205e0bc275a313392b7f48850_big_gallery.jpeg,Meduloblastoma T1C+,9ba61e8a9e2e71c8a5ca306f6bb584b16fcfda553bf8094d4ec22197d059efbb,train,1
5fd07d5035a48985ff7e83139963db_big_gallery.jpeg,Meduloblastoma T1C+,1116f84c54357d7fe19b8269b40bcbfdb34a71acac04a1b20253ed7153f789f3,train,1
508b44ef64a0a9a3767b037577a729d144a8ddbe16150cbc021182c636bf3165_big_gallery.jpeg,Meduloblastoma T1C+,774c63b252b833e511680fb20a1e8f553d3afffb47fc43678fc53a37b2516a99,train,1
c10d9ca40db9c5c2351b8312459c49_big_gallery.jpg,Meduloblastoma T1C+,ab7ed92fca5b8b992b0c451a5e6012786d331435ba56ff1edf124982245cca81,train,1
1637bfb735de96a0569cc7b3d53ebd_big_gallery.jpeg,Meduloblastoma T1C+,3e4c85cac6ca0b97e9ef5e9837f1abdd5d8ff78060f168ed9c1c9fd138a0ec27,train,1
3070f6f4378f56946021466a0898ff90bc7c601bee1a3574c185d64e32de3a4a_big_gallery.jpeg,Meduloblastoma T1C+,f48f30e115245dfa7fa5a2b60a3f44292176bb7dcbb8c8717e4b5ccc57f2d65f,train,1
AxialT1C_38_big_gallery.jpeg,Meduloblastoma T1C+,509e4e5d1bf244185a97f8ff5ee9b5e16c3115e0e2c7bd9e4360ebf139868abf,train,1
91e5b96e2800eb13413aafa0da88543d8a4ae8df8436b43174854d75aa3774b2_big_gallery.jpeg,Meduloblastoma T1C+,9b0742c67cfa8a353d7335a59ab93780f450a1da078efa8fcec37ab810febf3e,train,1
AxialT1C_39_big_gallery.jpeg,Meduloblastoma T1C+,3dcdd8ac39ee3fd15756a64be2877a05e5879b1c476d9ae97bea95278bb7a7f6,train,1
09fb0d44c7c9e227080194ae448e49_big_gallery.jpg,Meduloblastoma T1C+,b592a64390d8ba225848522e2a47ae11c1926dd53c574109a10c02a2f784d8ca,train,1
AxialT1C_41_big_gallery.jpeg,Meduloblastoma T1C+,3a24b5af00143a171db655dd07a4ad5f4e739514dad465788efccc58da585fa0,train,1
c9fcf77749d912db23aafcdeb75241b9c227a3d6e9c475e8c5cca223f35dee6e_big_gallery.jpeg,Meduloblastoma T1C+,809bd549dc297b97a6fc1b7fbe3d95967f02f97e0e4bc10b842b13cb702ed08d,train,1
159389e7d9d1e7aafe843849c0a6f9adb121ef99735e1512c3d43e78ec87c24c_big_gallery.jpeg,Meduloblastoma T1C+,0e724d6820042006c5884b52006b367edb9d46b337b3383ec311811c3121f581,train,1
AxialT1C_35_big_gallery.jpeg,Meduloblastoma T1C+,a2332521b412990303c6e177fc59df359f38d5d1cedbb5812c42bb51044e43e7,train,1
bac1cd8221d7604ac86453f533f3373f4832f039f806fc272a7829188c58aabd_big_gallery.jpeg,Meduloblastoma T1C+,83d866e9e70ee984eac451203dda32f0a86ae6809f05bcb8ec508a0c9eea21c2,train,1
2ab421222ccaad391dcf890dc0e452f0d242aaab64c60e1a2272742a628664c2_big_gallery.jpeg,Meduloblastoma T1C+,ef3c156ad1c9744616fe04e51aa23004c7d17b930c100527421fa6c2dfb34140,train,1
a4e20fca78530613fc04812ea860e3_big_gallery.jpg,Meduloblastoma T1C+,62f25f1362f5e3cd724c1461dd46737be7a0f3b50a8f74018eb90bbc780a13b3,train,1
5._big_gallery.jpeg,Meduloblastoma T1C+,64016c2cdb42063652b22963fcdc23da4dd5a4a5d36873ca1e692dad570038d1,train,1
10cae621d8821da618ea8ba2b3eb318f1ed52b601d0340425d049de7234a04ae_big_gallery.jpeg,Meduloblastoma T1C+,e3331cf8c625aa4567d425f4c28360151b99d678c4f83efdf5075d6f8bc0bb2b,train,1
4afe2af9b7eb1bdd312d5fc74f8f4f_big_gallery.jpeg,Meduloblastoma T1C+,e47270d252d63bc6f4f30e9d2ce23cf19e814005ce8b137efe08669bea181cc7,train,1
9._big_gallery.jpeg,Meduloblastoma T1C+,3e5bbba01442e3d42c73aaf207e9b2e70fd4a6cff291cbc8c5192e3ef3318008,train,1
2c2836df1b4de4232eb01f6c99a2fff1e46ceaa7c633eca7cee228f99cf64e98_big_gallery.jpeg,Meduloblastoma T1C+,211ef967e292c326638df63cdad9ea1d5128d6f38cae81fdc1d47ae744f04749,train,1
62d30c95a605ae18e44f5cf9b59ad4bea1fc7c0b318e3f223f6e13f1ec85029e_big_gallery.jpeg,Meduloblastoma T1C+,9ceab3b16b2ff3217c10c07ac2905a54bb49a7380451429ddcceb790a53b4842,train,1
9b28335dac18518c9eabecbf7b8a9a98194484db78fec9dd105a4495cafd2040_big_gallery.jpeg,Meduloblastoma T1C+,1b013601fc4acd1131e61f53f1edede8ef150e0be438fd04efc30e9f7c2a1518,train,1
1274487344817fba40c7ba33ea2428_big_gallery.jpeg,Meduloblastoma T1C+,484ac5e9b98e3fceba4195e20c2f305e2224877a11675292b994740394b994de,train,1
f1e0be550671cd9e4594c91a48c1ad_big_gallery.jpg,Meduloblastoma T1C+,444270daa7530d792c38c4146a1c7cf2b36655aeae4218c2719983495c73734a,train,1
bab076f8865ebe488441214d489ab954fab20ba3a42c7e5d7d95d951eb9db129_big_gallery.jpeg,Meduloblastoma T1C+,c08dd007690242237dce5aafd4e050687222fed86b7c4655060759efbbc973d7,train,1
d92932a677761880335826a2128676_big_gallery.jpeg,Meduloblastoma T1C+,ba7d2e172fb49c7f793c890b9faa0159a4986e0f638deedd8d869864b4bd26b3,train,1
AxialT1C_36_big_gallery.jpeg,Meduloblastoma T1C+,99e36716e1601d6521cbe8429e7b5f3bb02fc4b29723e849ff908061c56d1531,train,1
11fd5b2f5ce29c0c54ab8b7ec2a89fb7f658e1db4828817ec4499e83fa89e1ae_big_gallery.jpeg,Meduloblastoma T1C+,4b9845fb5234a8290d60f1a2edd2b6f26b6f97e90a7b520f3f539f4604c125bb,train,1
13bf89ff709f1e811cad8d7970aa65_big_gallery.jpeg,Meduloblastoma T1C+,24cbd4dd7441b464bfbcc7bc76585445d27702aaec55c4efae93f5e49704d89b,train,1
8._big_gallery.jpeg,Meduloblastoma T1C+,eaad9343198f1a06f44a1c6f84cf1c537166729413967b55e3742417d2539c83,train,1
17d901a841ca955a335b56dcca16724e540df7581c4744b5f8941b7c8c25746a_big_gallery.jpeg,Meduloblastoma T1C+,193b6f686c359d9417f805ff1b3804eb793fed10e723413714d62dabdc1fd1b7,train,1
6._big_gallery.jpeg,Meduloblastoma T1C+,6a41648de34ce7dc23d0c6c0a938382c5f46dbc8b446ff328b186c996b3bff24,train,1
49aa4e055c8ed6c04fde6052ca6d08e5dabd885224d0c3b7b9399e89bc679769_big_gallery.jpeg,Meduloblastoma T1C+,176bd5260fca29657f277544dfc6e8b1da0ea90ccc2936a993f0cc5d807aa488,train,1
d4b4d9bc2d006daf5345a1a379c777_big_gallery.jpeg,Meduloblastoma T1C+,2e8cf9522f460040a0cf725579dd293d6c4b157c9b32273dca15799e6da68e33,train,1
AxialT1C_43_big_gallery.jpeg,Meduloblastoma T1C+,aa711e3d151e60d981ff457690fa1c7f755bc5ff9aa65c096bb8d06a3044eae9,train,1
5a3f9547e79ec88d4bd74c4e244cd7_big_gallery.jpg,Meduloblastoma T1C+,ce71091881a42b4fc9a73f233ba463432e8f401d723d8e9ff6eb6abd83adbe6d,train,1
cc47c24e73111b0128e195858f9716_big_gallery.jpg,Meduloblastoma T1C+,c67d95045291f7b1ec4081fa1dff4bf09798e0f1bbd31b4baacb02d63a5126fb,train,1
c7d36d9cb5a35e3cfe10e1cacf78d9_big_gallery.jpeg,Meduloblastoma T1C+,d86d8ce643e613538aad8a7cdc7689c611f011d4c977f6a19a30a5d8c5b35950,train,1
637e11a43e64d6dd8447e2c9b8e335ceae159eea467471f1cb6d6f15f079b261_big_gallery.jpeg,Meduloblastoma T1C+,9b82c119157aa3a5e21b52c8b4915b70c152fff47696bf1c82d154eaf527b613,train,1
e0bf692ef2654ad6e98e856cb9cd360367c5e0c388803fb3f7b817d66b1c815a_big_gallery.jpeg,Meduloblastoma T1C+,6c48d5484fc576f214dbbfad4c147f107f9cde226b4264909eff22df733aaf4e,train,1
5b91f92730c2b846fd7cb6c2be8670fe8d803b0e85ad4b22379f5927f70a27e2_big_gallery.jpeg,Meduloblastoma T1C+,85322fb7a8e1a8b6b28c0d46d38435853f37181abf6554b2588f7c85b26f6379,train,1
6f7252da7edca92abdeac9f01b02da_big_gallery.jpg,Meduloblastoma T1C+,3ef9a35ec2960275cef5816af123cca9d784a86898c67a116f8a3c86951ec1d1,train,1
335644a887bfb5edca7415bd4f9e1e62c60fe510cd3c3802fc33c321ff053252_big_gallery.jpeg,Meduloblastoma T1C+,81eaf17e016a84fff55fa8fc238a1718ba824c3ed0afb859249678eca8b436c2,train,1
718aa8b583db77d3defa3b5d3f0026_big_gallery.jpeg,Meduloblastoma T1C+,47b824f99992345a4b47996b2c92a28f2df63cfe80d3de1f8506679ed2e4cdd5,val,1
d2367834a376d51f9a4b6a3a52c8d058ebf09cfd051843d3dab2d629198d1086_big_gallery.jpeg,Meduloblastoma T1C+,052c6b1b1f08b5af192b56a44240acfc3353d307c0cd3103079a6dc338af0c59,val,1
3254c849b3a6655a340695da560f37_big_gallery.jpeg,Meduloblastoma T1C+,9fda4fc90c9e07e0060f2f9ff29fc9b273d14cf2e00ea55e6ab7443a900fb04f,val,1
AxialT1C_42_big_gallery.jpeg,Meduloblastoma T1C+,14008e8dd06a5ec45180063d9950193030f0c1f0c0b9e75bf8cf5b521c70bce8,val,1
f3edb11e6fd086ddf91015736cedc72548e29f03d8e415a5117e82471e51e978_big_gallery.jpeg,Meduloblastoma T1C+,caab37ac87a66e128aabc3e3bb192c19f4a15fa9a13c7bae4643c8ee4c071b9a,val,1
AxialT1C_45_big_gallery.jpeg,Meduloblastoma T1C+,955efaf55bfc85a4da944f10cd5468a9a0ed7e00279ac5b8ecbbc20059dedc16,val,1
bd158211629db81be61c9887fd315ba27b0021de39040df7f421265ec1c85f41_big_gallery.jpeg,Meduloblastoma T1C+,877cd61c28b6ebe8256663c6c9d6a2387a010421c72a54cb19b16e886259b284,val,1
f1f41c6e7a3298bca24a4d401c6fd4c7273806cc0653e0cb828920a10a01b7d9_big_gallery.jpeg,Meduloblastoma T1C+,f4eda36db5056cb804b28a48a48dfa4b60a265f86e61a4e38b5b8d4dd19875f2,val,1
be1ade20c350bc0ef004e057d0cf118d5812121f2ca535ed58261c998f5150d4_big_gallery.jpeg,Meduloblastoma T1C+,b6e1f8e478e7a69f53fb8e0db04518c2dc9fbfd3c04a56a7cfa11a42f1d78dd0,val,1
15eb14e73d0f8a02a969c23f81b74b0228dc39260cbd4221c75e36a2ef3ef3e4_big_gallery.jpeg,Meduloblastoma T1C+,005da97dd882f012d0c6c828fc1c108dda8bd3611deb6178b57394bf4dc7cc0c,val,1
AxialT1C_40_big_gallery.jpeg,Meduloblastoma T1C+,b6154aa802cd9ff5143fc25e0e24a4227598e98adb54e38f8fffc5b3192f7da7,test,1
b217bc0c9f3d41a45e448d73b6e34d362c2850fad7dc7205d72b7be0ca74ea89_big_gallery.jpeg,Meduloblastoma T1C+,3f1454ce6de592f1780e32e6884f246ac6df89cededdc133568e5524d1b3da02,test,1
15b3f2891dbda27ebd8aa8670a80b6dde8f207d4e7aa67bc54c00ac828bf56f8_big_gallery.jpeg,Meduloblastoma T1C+,e3d6f3c6cda1cb7417c4361b7ac574df8d5537d50d8f8b9bde2c5ae484e0eaca,test,1
7._big_gallery.jpeg,Meduloblastoma T1C+,eda90c9b0d90b3f29e74d59f48489da990cd02046096f65920cc7d7335ed39a7,test,1
AxialT1C_34_big_gallery.jpeg,Meduloblastoma T1C+,001052d6b33e6e5032a9fd5fd31f3308dfe9fd1cd2e636f8498a14870d1eec14,test,1
90a3e0f9853f08d3f985c454d5fb46_big_gallery.jpg,Meduloblastoma T1C+,c73ebed3fcc86d5f643a1c265ca7d7b71520402321a4867fcb3ebdee43cac664,test,1
773fd871109beaf50cebf3db0c0df2_big_gallery.jpeg,Meduloblastoma T1C+,975fafc01464dce15d5e7cd3fb0d11faff8cada99625fa15e692d07a284f1ec2,test,1
AxialT1C_33_big_gallery.jpeg,Meduloblastoma T1C+,e3ecf99f0f11f0780e527a079c2fc4472ed844ef9a197424ea811399a80cbbbd,test,1
AxialT1C_44_big_gallery.jpeg,Meduloblastoma T1C+,7f0d58f2304ce1ff1ebdaa9bf62fc2a68684e14c28eb8d24d232f24b580cf34e,test,1
AxialT1C_37_big_gallery.jpeg,Meduloblastoma T1C+,c89e781981008fe01883996898a7baa2569116ba852f50b1948848a9d1ff6835,test,1
a26e503cee37c9479c917535fa248682777498f510d5230a8d4fc40128a1aec8_big_gallery.jpeg,Meduloblastoma T1C+,07d2a99741efd06ccd7157bebda0bb168db5292b0d8277e3c4f148a92c876fd3,test,1
59c48e1aa99f08aaebc6e80d3613fed21b589f52e65f1cb05cbce6aa9768ebe9_big_gallery.jpeg,Meduloblastoma T2,36fe9497ae66ec32d31e77bc75ce1823b621ab9da62ce2e8c772f4e91e671f03,train,1
9._big_gallery.jpeg,Meduloblastoma T2,01df34a647f38b8c1ba844722168071f6afc1c6f7a99c91d95b54de5b2db4c85,train,1
591d9c6af4d027263166283ba98dd3_big_gallery.jpg,Meduloblastoma T2,82608dc7a2fba8cce23d39eafd7c25aec7452eaefd45bcaf2a4f08371f001509,train,1
5._big_gallery.jpeg,Meduloblastoma T2,dcb306ee80602ade7c0196f535275efb1b0d9eba8bbdb423b97e0020697f8648,train,1
9d9f98fe6eae58638fb42c15de7d69_big_gallery.jpg,Meduloblastoma T2,339aa868af46a2fa731057c3c775691be828a299a50b3f9f9cdebbc69a9cf509,train,1
d657bdfb65c4ee6ac782a3524121f1_big_gallery.jpeg,Meduloblastoma T2,abe1ee8832f72466f6b0e293b222a3fd9f77c873f4362ea8f9e01425d5628729,train,1
cc2ee547d725c7d64ca798c77a6d8c_big_gallery.jpg,Meduloblastoma T2,d5be8c7fb193166c9e95a7fc57e1a66aa1fb8a6959c1ae0cb54b2fc25ff1c7f9,train,1
10._big_gallery.jpeg,Meduloblastoma T2,3df295a4ad6684187ab747c7ea32948c8320b2a6a871fb7c1d68adaba95dd411,train,1
9b82f7a5b12ede55b3c4eb6861ecd5_big_gallery.jpeg,Meduloblastoma T2,020c99816fdabab5c95b1be6c02057ea19213f06648ce560e6b25a5ba4adda4f,train,1
9c40e9331f9c4509b0494975097210_big_gallery.jpg,Meduloblastoma T2,eca81cfdb4a9ada9db84cd8deae87e3c476cc4c08e03086441807a3030597a6e,train,1
5c3477447dbfea2b000c38e8ab2528_big_gallery.jpeg,Meduloblastoma T2,31f90e6163d7175fd56e0e217f59138d422145ee08b084df7efce60b1cb068c5,train,1
628e4db7ba1e9ab2779a849fb567c3e90df03bb876fe752442392ce0a502a70a_big_gallery.jpeg,Meduloblastoma T2,10cfbe7b8fe0bdd553828f4882c8344ae1e14da29517b453172e20c79ab1fd9a,train,1
91ad20d5cd7c811a5a8a1f567567855111f0a0b5324457fa69b845cb785d35b9_big_gallery.jpeg,Meduloblastoma T2,d74d794a3e61369ccec58f67530fb4fdce5532799e91cdfc296b4ec04c564a20,train,1
0b12d1a9156b72c58fbac4e941743f_big_gallery.jpg,Meduloblastoma T2,3a4516344ebdc64ac08c3aad304f947bcdff31a7403705078412850dd4342293,train,1
97144e74acea52db504855e1375abe_big_gallery.jpg,Meduloblastoma T2,152771f2977a4c1043af918f57166ecbd3512e13b92abaa3d20246ea7404a26a,train,1
4f3c7b23c65a1806079b52c40772ea_big_gallery.jpg,Meduloblastoma T2,0aebed47851b04dd7226472c6d2421565d723f2c32ebd7d718fbea44487d9e82,train,1
11._big_gallery.jpeg,Meduloblastoma T2,13bed2a43497886c05fedeee6718056cdc9743c191b6894928c6126c3a196cfa,train,1
cb170dd84bfb12c06092cd2bf44589_big_gallery.jpeg,Meduloblastoma T2,cbde55aeac23b2f20dd16de9ec8b4a089886dc15285b713d033604c05571c136,train,1
77b23a89030202a6b4a8d05f8807d8_big_gallery.jpeg,Meduloblastoma T2,7e38a59125b0a84e9e731206bd25a02d53e2234bc3512a0175d2d6ed4ad32c9d,train,1
43115b2747bcc6f9cf3a93db627203_big_gallery.jpeg,Meduloblastoma T2,140f9f88d0d98ecbe77db6f9bc2050d1ff481f8ab38e991b8d738fa0097015a8,train,1
430c58af15d79b4b709060e3f63f67_big_gallery.jpg,Meduloblastoma T2,7d94aec0a995860bb7f3c5fb71ab2e5889bb84180c6767b8bb4cc53be894a8f6,train,1
347abd429d3ad177d7e5c5b936530e_big_gallery.jpeg,Meduloblastoma T2,190e8f1d1da6d533f5305b0925513258dbcba1b974d20862eb744b932197aba8,train,1
8._big_gallery.jpeg,Meduloblastoma T2,333b0d74c765011da5260df540b6a23c59943e6adc3fd4fd6c7dadc571178b57,train,1
15e2bb2b86fd35e7bbef03beb6eebb_big_gallery.jpg,Meduloblastoma T2,5570b951f9d1777b268d5228e84bfdb96b073759e279983329b150a6bb33c3f2,train,1
023893b9f1998740680c859457980a_big_gallery.jpeg,Meduloblastoma T2,0afdf95220c7d7f1a0c80297fc2a113e796bd622ca2e7d2e291e4aabb8b577fc,train,1
1decfdaa9624e45a4a3d136c8c3b53_big_gallery.jpeg,Meduloblastoma T2,49d555274fb60bf810a1f66179321de08b697723c0235869acf224bdfb6e471a,train,1
d310ef7c651dcd888ffb73a26ca0012476798568dd18184280d2f976175a3233_big_gallery.jpeg,Meduloblastoma T2,ac177b86ed88b469a49cf7f316240294d441fda8206d3c1294ce5cb4eeba25c2,train,1
817f1fb2ee38473e3d3fb0d367a13875b8f6c34b81c598d45a15712dc91ca521_big_gallery.jpeg,Meduloblastoma T2,c54c55bf26a0acde8a7cd592f54997e26fbcd9ffc50bbb5a1b3990df340917a8,train,1
693fe14d1e5dfb11c8dafbada1376a_big_gallery.jpg,Meduloblastoma T2,8a0864c56c83cc5e0060e8af7c4ad0947672d987f8d6f0a6f19cb803b973aa0b,val,1
9003f5335df91d806f7f500ce09263_big_gallery.jpeg,Meduloblastoma T2,fdd6bed6cea960aa5ef56ddccd5949630865ea237006904cc4e49f325f854b01,val,1
6._big_gallery.jpeg,Meduloblastoma T2,24dc619024216794df2a7d7e39b7a55491f2b8c2933ed5f145f0fa438c565ed7,val,1
03d58245edcfc179cbdea4c9f8807f_big_gallery.jpeg,Meduloblastoma T2,081be4cf6cc34694bbf8df9833c41f42a39933a6d0f34e20a8d4e59087d43cde,val,1
8b34ff0e16864b5c022ac0a7ea6c57dcee959c3f99485c6086530712a96b44fa_big_gallery.jpeg,Meduloblastoma T2,ce58e40b07986d27a1ed03b9b3d3541e20e6acc05fe474b18e426c0f3b3dc45f,val,1
e6b2270eab2bb2a210a03950876adb_big_gallery.jpeg,Meduloblastoma T2,89120bfaffbb6f9e79d77fadeb06c151dab7f041be761f63a811de640c2e8e67,val,1
5bbd39bf8c542fbb01921a27511084_big_gallery.jpg,Meduloblastoma T2,df457cd91f0ac08ded385d56464d5942a8fa9f08027b02a06ff645b0c022a8bf,test,1
1c933dbe9a7e5d3a0395fda483855b_big_gallery.jpeg,Meduloblastoma T2,76f21d0c13ba6ed761e4628640ea70b687c943fa696b9e05fd00d26bf60de67c,test,1
75fbcf835e5b54fa024bae83a00fe2_big_gallery.jpeg,Meduloblastoma T2,6c3efa6bdb0d984d38ef9c298c52c1e9f6dbb5eae938c8079e9accabcb880995,test,1
b2550db642e4e21ee329ded655f95e_big_gallery.jpg,Meduloblastoma T2,e0837c5ba99e0e23535f2fb64c50e0215638f434ca382bcc67190095f80c882b,test,1
7._big_gallery.jpeg,Meduloblastoma T2,9aaa1f8acb7e98b5f2988276b48db5ed19348b5aac86d1cb563783dd568cb1a6,test,1
16c5d78ee928a33a3dbb4650a253440a3bdf25fa691ce60cd9b0f7bb24c675f5_big_gallery.jpeg,Meduloblastoma T2,bdc441049d9d8417475f49a2fa4e189076c82da00b2979daeb7a630d6caf0b34,test,1
55102db32983ce8272f0a8ff90cc7b_big_gallery.jpeg,Meduloblastoma T2,c5c53df11235d84a3d1549c3c5a39a7c5cf064aab48d03e3517b3b5798e03e8d,test,1
200db7bb3986e59432e4626943256e0d02c077268e2a85ed596f5e7a24d87742_big_gallery.jpeg,Meningioma T1,205cf59d500622249e95accfc90cf6293c6282350a695dd54fe4227f8010d6f2,train,1
bab97427cdbd8025c37949efa41a5409ef7fad6862eeac24c9902e23c8f70e28_big_gallery.jpeg,Meningioma T1,9cdda421179be813c4deeb8598acf5bb13fbbd3b04404dea381e1eb9cac6cebf,train,1
997783fbf87fdbd9e09727142b74262b80874cc13aaf420649e5ae0a7a82d73e_big_gallery.jpeg,Meningioma T1,e7687d09f341bcf42f6680161bda5951c66083a382dfb5acddf6d4006071c365,train,1
25910cb8f05f57acecd7de2365cd98_big_gallery.jpeg,Meningioma T1,5a8bf1b10a5a59e7cc7fb072abbe57ec465a53075b05db05c2c7aedaf6856242,train,1
9560031a9e5200ea413d8904534189_big_gallery.jpeg,Meningioma T1,29dfa2b84bfae477a4bf414ab26c490cdab99702749bdd0bf56cdf8848f7725f,train,1
be3e3651d64b0e289498a235c58d79_big_gallery.jpg,Meningioma T1,151959029c1b853577b46243cd85d4b523b7b54f560d3d0d6332896f3097a5f0,train,1
8a96f3f4a40b541f01f5c0ab3606bf75544175111456af31307fcb999cd84189_big_gallery.jpeg,Meningioma T1,98b4591814fa1d076c6093e66425775c891f507d8974259ffb968b5b9bde8e4c,train,1
2022-05-31 15_33_39-Meningioma _ Radiology Case _ Radiopaedia.org - Opera.jpg,Meningioma T1,67f4816fd5e80c745651f2d431ccb910f77b7f916231496fc6738e2f435b7610,train,1
2022-05-30 15_12_50-Atypical meningioma _ Radiology Case _ Radiopaedia.org - Opera.jpg,Meningioma T1,3a6769451c4b9a90f52e668ffcfa5ea61d43a7569d8e2f872b43a742143ed09f,train,1
be73bef486de33b086e1c6883c0aef_big_gallery.jpg,Meningioma T1,fa0292aaf8d6d75eb5de20de16eea612f646bb09d5fa6413fc72fcf0c09a1f00,train,1
edf12ff9ad6bcca621ef32b68655f4_big_gallery.jpg,Meningioma T1,cce29cfed6981e07c9644775ada60108df3e8d606da57c7beec8dc4146b9b0db,train,1
ffa0e3a73ff3ae8fd68e63a47df563_big_gallery.jpeg,Meningioma T1,68f7bea17f6627dbc2a17c0a8a276d66e424256e130b71ba88433532cb1a2a9b,train,1
b10d25e2215312fea4c9865ddaa9d2_big_gallery.jpeg,Meningioma T1,257a74bcf850d348c4467a49b5afc4ec851e9db5b377ba5ebdfbc6e0af8afb88,train,1
2022-05-30 15_12_52-Atypical meningioma _ Radiology Case _ Radiopaedia.org - Opera.jpg,Meningioma T1,4ea048e2ca8777eaf25a2def7408008e51278390c32399c8a3d7196ee9b48dc0,train,1
2022-05-28 11_01_09-Meningioma _ Radiology Case _ Radiopaedia.org - Opera.jpg,Meningioma T1,d6adaab1f46b1a774647048f0e28452d08ed1a7c52343802c8fa7ff96b7fd98f,train,1
045e200646f5fe38dd0193ec8e085f61f15321c198fdc63dc0159f213c331b60_big_gallery.jpeg,Meningioma T1,269661e848885d8d4a02d7b4c599594fee364a3dff6bb307d50134a02641904d,train,1
30a215c5a5de9a8b6e404585135596_big_gallery.jpeg,Meningioma T1,658f0c6371390d4ca20d82d28cf0b8c4e7fae70d4234f831e79af5e4833fe3b7,train,1
042451481ab1d22615eeb6518ef434_big_gallery.jpg,Meningioma T1,dfe5eafeb7057f386d70b7f9de8b2db77ddc4d6343f9ee4886fe2241b338e123,train,1
f3c01169216ae934a5b6017478ea024933ddf0dd5d9494eb178dbcd864154532_big_gallery.jpeg,Meningioma T1,2bbf51c2a04a5bafc50f91ced20c7e8f17519032228c2421167546802dbea1ee,train,1
4c5314059d4d0752ca831def90790f_big_gallery.jpg,Meningioma T1,414f7d467b73899e7d79eca61e78808f575224b4e498cc443e32ea61e90aac30,train,1
c514b1a2ac732fb711944fdb128887_big_gallery.jpg,Meningioma T1,721570f632ce1ecb50478f5eed62fd5bdf01c3981fdeb3a5f9a76ffc62788a8f,train,1
2022-05-30 15_22_09-Meningioma _ Radiology Case _ Radiopaedia.org - Opera.jpg,Meningioma T1,b4c6e3b2f52b5d55bc3ff6e9b80270b67fa7e10184798aa4af2a98b80d7dcda6,train,1
141db4d4b0b319f3a1111f2e7cb2e7_big_gallery.jpg,Meningioma T1,af3aee952158678746573175aaab80436c935fba0a4882e3b012d9d2bdf1b057,train,1
2022-05-30 15_37_21-Suprasellar meningioma _ Radiology Case _ Radiopaedia.org - Opera.jpg,Meningioma T1,b3f63cf96cfe8f63094c20893d872e911aa153d32299e32899a9a1f8e560cfa5,train,1
2022-05-30 17_07_08-Intraventricular meningioma _ Radiology Case _ Radiopaedia.org - Opera.jpg,Meningioma T1,bf5520347cc1a31923bf2c6f289bc6a8a8b21708c1d261b8b0daf7d64b888ca2,train,1
2022-05-28 11_01_01-Meningioma _ Radiology Case _ Radiopaedia.org - Opera.jpg,Meningioma T1,7a6ebd16dc80d025ff859e0ce1209fbe878eb42a528cc546801dad6128975798,train,1
2022-05-28 11_03_51-Meningioma _ Radiology Case _ Radiopaedia.org - Opera.jpg,Meningioma T1,223b9f50f1570e31a8cd9471bb32cbd63d5a4631a18e23ed953c3aa2171429c0,train,1
4364b1829c7855499f8409594987308a19fe0ceb8f7fbbdb18c07da65c6f1e9d_big_gallery.jpeg,Meningioma T1,f457322deadadd97615d33f93db97b1ca93798fb4c63b90e8442c97396a802a4,train,1
005_big_gallery.jpeg,Meningioma T1,be9e30d743739a417c67aab9b5dc1148da08f7efb05eac5fd1bc5b5aaa1c5d0d,train,1
2022-05-30 17_07_10-Intraventricular meningioma _ Radiology Case _ Radiopaedia.org - Opera.jpg,Meningioma T1,331b76eb1dba70aeb74526ec913b390a4f19587540a7cfe19e171761fb5d2521,train,1
87c7b56ea6f299ab183f284f832b6c1a85c584c75b1c7f374da4753c4ff621bc_big_gallery.jpeg,Meningioma T1,3f508ac5ac4a504c61255cff9db45a85ce1015dbd10cedfdc58a17e6bdd9d4e4,train,1
512af75778af8502a99b968146f046_big_gallery.jpeg,Meningioma T1,97258489caf26b4921513559f677a4b4e60007a3ea8d1ac41f3785d0b1644be1,train,1
a688242eaa94f0ed798ccc2520f549_big_gallery.jpg,Meningioma T1,036c5fa107228b8f36925ede36661d5b7be13abe2639bc6c805d5ae63d2db7b9,train,1
904fca71dda7905428e77bab330c29_big_gallery.jpeg,Meningioma T1,3a9b2264cadd250d3baaa1daf402ab3358b624a1cd09b10ff42af6ac41bae011,train,1
878b38ecf59e808a0a01bae2057e8b_big_gallery.jpg,Meningioma T1,074e47f9e91c166bb19c4cb198b858ff4f7987bc4b171b8ee7a0ee5d0b2dd0e4,train,1
d289d6bf172b9f67a83b71b3fd5e7e_big_gallery.jpeg,Meningioma T1,7a15537cd64056703c6c46b5785fdecbe843f8c889263907214d9a0e4e80752b,train,1
2022-05-30 15_42_54-Atypical meningioma _ Radiology Case _ Radiopaedia.org - Opera.jpg,Meningioma T1,4f3674102afadcf2ce9e41aeb133fb47d20a2ea3b513feeb5497fdbec7b51d88,train,1
fc10e5c14129d749a45cc419e17765_big_gallery.jpeg,Meningioma T1,7e36d19746002be6d6a7370a2d55cd4c0cf2295b9a7b884961a8c25dbb6b36c5,train,1
2022-05-30 15_37_30-Suprasellar meningioma _ Radiology Case _ Radiopaedia.org - Opera.jpg,Meningioma T1,59a07c76570493ba1408daf7aaa6c7ba38c5e64b69214cef1b306971d2beb2be,train,1
2022-05-28 11_03_54-Meningioma _ Radiology Case _ Radiopaedia.org - Opera.jpg,Meningioma T1,1c8bc7e37852ab1e90407d1b81a3ddc402e589c7400c8722d9e9c55bb29f0986,train,1
b5a811675b8ab461455d297a394700f93c6ec499558b1af7a086af0208a5dd3e_big_gallery.jpeg,Meningioma T1,3e4707f198e29979e983a423a382cddc098d324222ed5e30fa6c4b4cb9026818,train,1
25ef73623240e82f4fc618ad0eda3b_big_gallery.jpeg,Meningioma T1,476a9b67bd205bb5443acba1224fac33e6f10e5b1f6f7a902dfe72d83ca8ae7a,train,1
2022-05-28 10_56_09-Meningioma _ Radiology Case _ Radiopaedia.org - Opera.jpg,Meningioma T1,f6ed1b13b244d6296aea953645f07d1d2df1c2cacbddbef4f51a754e0a6d5469,train,1
2022-05-30 16_51_07-Angiomatous meningioma _ Radiology Case _ Radiopaedia.org - Opera.jpg,Meningioma T1,7e3c2777787a9c4e8d43b4092d00f477bfed838d389475cb2b2c28dea7dcf83e,train,1
24970c2f7f639c6fa5c5b465ed899b_big_gallery.jpeg,Meningioma T1,e5c772128864739ef7f1f5e36484491b185e473c572b3947eecdd9871dce113d,train,1
2022-05-30 16_47_10-Angiomatous meningioma _ Radiology Case _ Radiopaedia.org - Opera.jpg,Meningioma T1,e0ec165207a9422f350cc7da4aa470eb6da83325c91b7395bdbfb053c6d42eb9,train,2
6e2eeb1a67d633ed8b7444e8b7e31efecbc44275444f3d58d8a6f3021430acad_big_gallery.jpeg,Meningioma T1,3f9c717f1aa5115151e5347cae5ad4723262d28c34994882aa7016fdf7945693,train,1
2022-05-30 15_31_55-Meningioma _ Radiology Case _ Radiopaedia.org - Opera.jpg,Meningioma T1,da95edc16c331610c90f0efe1207d9960054db68b6c60ffd9313f1e233047459,train,1
2022-05-28 11_03_56-Meningioma _ Radiology Case _ Radiopaedia.org - Opera.jpg,Meningioma T1,d9c3d50c1b406c6eef4a087b06e87ff74d3a12e93fb5329ba15122950abfac09,train,1
d1ef1cd50da493dd5b61191b938268_big_gallery.jpeg,Meningioma T1,4af23fbb9f177da797bb0a15b8b66f17b03f0869df7bcef776cf70f2a4d18ee4,train,1
abf59714b9b5264894fae62534491cc292dca6f67ce9daa93b4347714d1f0b5a_big_gallery.jpeg,Meningioma T1,67a888bf1540f72973c2d24605f0dc398f26b97484474851e1b62e87e1623c89,train,1
8ac020567dc779dcb99b33477ebd9d_big_gallery.jpeg,Meningioma T1,87c2e2a68b9d713e83728d19fe179e1d90563863984cf2bc6a9d2eb421571893,train,1
17_big_gallery.jpeg,Meningioma T1,8042e49222d44f8ee7bb724315413778cb9b6d172d12ceb4575c77d2cb77a541,train,1
6d31696744f05269c3f8e47cc30054_big_gallery.jpeg,Meningioma T1,bca7c2f1cb4f256a445ac969a7ec7d568f0302704a5b424bd1fd4788b78f07f1,train,1
2022-05-31 15_32_17-Meningioma _ Radiology Case _ Radiopaedia.org - Opera.jpg,Meningioma T1,9e79e7fdc42b74964491bd41084bc04248a003339e8377502ca7130f73b2942c,train,1
2022-05-30 16_50_56-Angiomatous meningioma _ Radiology Case _ Radiopaedia.org - Opera.jpg,Meningioma T1,29460e61c9023f37d8457242acfd11e2412436ba5d098cb05c2cfa9d5238eb73,train,1
ac89541c3b18994189360bb90cf3c694e01ab39aa12c17bb3e192258cbb1f3ca_big_gallery.jpeg,Meningioma T1,814ff66e19ee9051bbabe93bca72b4d1b4b0f9687eeca176865b4882853b4ec8,train,1
2022-05-30 16_51_03-Angiomatous meningioma _ Radiology Case _ Radiopaedia.org - Opera.jpg,Meningioma T1,11f5735de4ef9830750b50d0cd4d3a1be8e517ab6b3c174a588f7eb7b591bdef,train,1
14_big_gallery.jpeg,Meningioma T1,0aa9b5548d8875ab108dea186d81f67fff07b3c6534dc57005cecde2a43d9373,train,1
cee845ad692ee9d8829a28929fbfaf_big_gallery.jpeg,Meningioma T1,3b1910b4da6ea8fa0d24064f2d57d9c0aa9d535e8d260658b7513925166d1a5e,train,1
2022-05-30 16_51_06-Angiomatous meningioma _ Radiology Case _ Radiopaedia.org - Opera.jpg,Meningioma T1,2beb6c82507f3bd999401247676aa694291ac641f4556e997d1f5253e1389cfa,train,1
2022-05-30 15_17_23-Meningothelial meningioma _ Radiology Case _ Radiopaedia.org - Opera.jpg,Meningioma T1,83e270da94af0e7002857908de655db3387bfcf03852510e235010ca0cbdab85,train,1
2022-05-31 15_32_11-Meningioma _ Radiology Case _ Radiopaedia.org - Opera.jpg,Meningioma T1,c130199ef08841db4e3cd452b346dab8507f772110851e2cdf0e33e68f22e66d,train,1
efb906cbd875c0709f62ebba5e00841d279ea81e8fe43d690b7b3b0fe5cde8e0_big_gallery.jpeg,Meningioma T1,5225e1aaf6fb5b04f4dac58af2d58c10215ca9e200e8c0835e9ca304e3cae99c,train,1
2022-05-31 15_32_07-Meningioma _ Radiology Case _ Radiopaedia.org - Opera.jpg,Meningioma T1,edf7f7b7b98a2f8ae0caba4de24176f2cbc023064aa9c4f1bb9b4b4659072f83,train,1
0a9b802958695fe58255e9124ba9e1_big_gallery.jpeg,Meningioma T1,0962a65bdc49930712c6795ce101c750e0c3e9a444106e428f41538e82a63c0c,train,1
2022-05-28 11_03_45-Meningioma _ Radiology Case _ Radiopaedia.org - Opera.jpg,Meningioma T1,194a7553965ae287f5ff43ddf00d1ee6fe9078b1f685f6f400f919c74c9541db,train,1
05dc7b88b51aec5c177c1bf29f8ea1186ccdb35933865bab3fe74f953adde2ad_big_gallery.jpeg,Meningioma T1,c084787f959992a89bf7cca41ee98be2719bf8c28eab274232f7ac5db0cf8440,train,1
46f90c9175f51ea56deaeaf5ce8e93e84ef475e64f4d0fe5042fd11d1253b0dd_big_gallery.jpeg,Meningioma T1,0401cd04570286d9f9ba79ff0b8ed8c52a0a70b84f69e9e1f1ab02ede05a65ca,train,1
ad6179fc3592241dd344736013fb98aebd89d37dcd38beb7b779b170839a791f_big_gallery.jpeg,Meningioma T1,e2b305a9b7f1cb38b428cd55167d408830f6468e7a45356743fc4741d029e205,train,1
615b89614334e3b33b57946877cdc4_big_gallery.jpeg,Meningioma T1,67c3afbeadf85dfcd56d20b2030be8b6ca6c3ff3e230ae26ba052ca68de08b64,train,1
929c60fe62c9dd4ba7010a7f65e714_big_gallery.jpeg,Meningioma T1,5c1b9f2425d05c83f1b9da07493b13b27b74ada68783dc4a2378c76ef286e889,train,1
4e0c3d30b89580de67eb184b8da0ee1bfdfd328ad44728d6f06a667db13f0e90_big_gallery.jpeg,Meningioma T1,5318e80d326e52c1f038989dc55df576899e024485676385c2269e71d846da21,train,1
2022-05-28 11_03_49-Meningioma _ Radiology Case _ Radiopaedia.org - Opera.jpg,Meningioma T1,9e22a5c84f47d04340797430acedf93e2e9cd0a907b6ba50959cabaa38ece713,train,1
4a819766ee4c22707c376cb436bcd7_big_gallery.jpeg,Meningioma T1,0c9a31b12115a0d2f7ea5db190f152038fa021c63b6bb1ccb9518a4dd14aebd8,train,1
2022-05-30 15_17_21-Meningothelial meningioma _ Radiology Case _ Radiopaedia.org - Opera.jpg,Meningioma T1,694303b404a5c21e366fb213169bcef5e9133623c987a3b1be09fbf9fc52cc5d,train,1
2022-05-30 15_17_22-Meningothelial meningioma _ Radiology Case _ Radiopaedia.org - Opera.jpg,Meningioma T1,148ee0e6eb92536d528edf10aa409fb27040a6e4b81f7b14b453c3b84b7f76b3,train,1
4e9e540d1ccfad226c6b673cb5e9eb_big_gallery.jpg,Meningioma T1,a9b0860bf8306a5ecaad02cedd8d96fb16cb7900d70e3dba61e8b5fbece068c9,train,1
478dcabc9b504ae1f1e7a6f3472633_big_gallery.jpeg,Meningioma T1,a94caa5f282c0dd11ad84f0e4b656773eeee1c69f508d8cfe86649fb2ccbbc58,train,1
2022-05-28 10_56_16-Meningioma _ Radiology Case _ Radiopaedia.org - Opera.jpg,Meningioma T1,42db22f3b5690a00774120348bf1c99c55802dfef5f969aa8c6831ac8cdef0c9,train,1
2022-05-30 16_51_05-Angiomatous meningioma _ Radiology Case _ Radiopaedia.org - Opera.jpg,Meningioma T1,25db59e33556eb84334421086e9d75a5b9ba8801493c7009c03221aac329cdef,train,1
dc3c6f7bc656d34318f20a0097b904_big_gallery.jpeg,Meningioma T1,9546cfcac3611c147fdf551c1cadda8cc3a9b64130271e06aa04cafb351076ea,train,1
db3654f1d5b5574525cc17ea6606fa_big_gallery.jpeg,Meningioma T1,6ddc7e4bee8c134332192a1e07ccce820a8363043aa728f23cbeb931defef5a8,train,1
804fdfb9a30d95703186c240396e58_big_gallery.jpeg,Meningioma T1,795650dc155cc206748cadeda636ebf27d7b32c4a568896b3e5726e76e790814,train,1
79bbaa19d2493378778d95846a82a786678226b0bceeb2b190d3e2329c3167fa_big_gallery.jpeg,Meningioma T1,be29c274daecb4b3af8bc987168121ec661571a3b480b08b66cfd873fa78b99c,train,1
d7110044aa4bbaeca61979137bb2df_big_gallery.jpeg,Meningioma T1,2f65c3e2ab53eaa4039c4139fa47e0301a50b45a46c4a2eb6f5d38c5225321ea,train,1
1166d144fff1e5965e379e8a368bfd_big_gallery.jpeg,Meningioma T1,6014c8cb891fb2f7ecd2eab579ac6ead4371a1028cb2c6d1cf0a9c0fb51587ec,train,1
8d5b718fa418d9c6a3cbe92dec743d5c99e3e065fdc286c5c1610f4fde2bab61_big_gallery (1).jpeg,Meningioma T1,f85d6daffcddfea535acda918f2bbc11d1d4c43af4c522e811acecb152a247f3,train,2
9532faff3186cb8c852ccd8dac9161_big_gallery.jpeg,Meningioma T1,51d56834f5c7c9b9829d28909ebc7ed8cf8ff2fdfcc44235cc91559a2f0ac152,train,1
2022-05-31 15_45_31-Pineal region meningioma _ Radiology Case _ Radiopaedia.org - Opera.jpg,Meningioma T1,3220ab61f37bae943ecfa5753b14659458e12436f5d238d86e076f3d88b5b0e5,train,1
2022-05-30 17_07_07-Intraventricular meningioma _ Radiology Case _ Radiopaedia.org - Opera.jpg,Meningioma T1,5cf1fa1848ace52d18e5fd0a32489cd7253ba13fd58f713f7ea029d0ff8feef2,train,1
310287cc48b9fce58597c2187ec87f_big_gallery.jpeg,Meningioma T1,4e767f045d6658117dc766707fd5d63a005a2caface2ce371d4984e58ea4e909,train,1
ad00fed6c79280691adb3f02a7bf15_big_gallery.jpeg,Meningioma T1,817769f9cae497ff472de12184d23188af421f59780c1fdb37aea6a6ef94ab84,train,1
2022-05-28 11_03_44-Meningioma _ Radiology Case _ Radiopaedia.org - Opera.jpg,Meningioma T1,505913d40d121fcd974bf7e8697bb2e4a06a93cc58555b086837c8b01dda915e,train,1
2022-05-28 10_56_00-Meningioma _ Radiology Case _ Radiopaedia.org - Opera.jpg,Meningioma T1,a43ad53ea227f1a1fd0062774c6ee77a824efa8f3a50b77541ac32c2c8a23672,train,1
5a0ee81a70f59bf5792c224e1524a2_big_gallery.jpeg,Meningioma T1,791c8cc0b4e739518c9aa72162f928ed8b01ef1859ae93b0a148551fea734e4f,train,1
2022-05-30 15_22_11-Meningioma _ Radiology Case _ Radiopaedia.org - Opera.jpg,Meningioma T1,2c2f6202637188f56cc804e1171e71ac0daa34db8781bb4587d72f4c89b6939c,train,1
2022-05-30 17_07_18-Intraventricular meningioma _ Radiology Case _ Radiopaedia.org - Opera.jpg,Meningioma T1,15f1a8f972f42ac5b6bc56fcf2c1b5bbccdf573ecafa99296e5ea96ac1c7d763,train,1
5e4406b0c82fffbbabb94d39e025edfe09640f192a563338e89d2479ad0ba88b_big_gallery.jpeg,Meningioma T1,b439f42b22eecfcafae03ae49a5ed35b069bcd33f47c8cef1dba24137695fa5f,train,1
2022-05-30 16_47_26-Angiomatous meningioma _ Radiology Case _ Radiopaedia.org - Opera.jpg,Meningioma T1,57127eb2cecbaa29ce348f93c0aab73a078725adaa9c14ba339f7573ff94f636,train,1
2022-05-30 15_22_03-Meningioma _ Radiology Case _ Radiopaedia.org - Opera.jpg,Meningioma T1,3746f7e5a8158ff8e0050d915c76c5b949a8dc7486dc4b64e936e713e4770248,train,1
638f718bce6431db82aac69716e1e4_big_gallery.jpeg,Meningioma T1,85cb7e756983716085c54c58778b0ef299aec419e40f306777dea176d3d1c55c,train,1
2022-05-30 17_07_20-Intraventricular meningioma _ Radiology Case _ Radiopaedia.org - Opera.jpg,Meningioma T1,fb5c78f437441ab619c872c6a1fd70a6c44fb5ba2ce710a57a9a2faf89fe51c5,train,1
3b93b4c65c72634d80b3cfdb7eb5169f93b4bb529c5891ec31082c7fdd37a27d_big_gallery.jpeg,Meningioma T1,acdfb21e14e175296812202fd17de413b0bf8305cd09d07f42d21e7ee0ed8e9d,train,1
2022-05-30 17_07_23-Intraventricular meningioma _ Radiology Case _ Radiopaedia.org - Opera.jpg,Meningioma T1,1ee5ab3a29db6914160466eef07cdcd8e401bdb60a63754402b73387ead321ea,train,1
2022-05-30 15_25_17-Meningioma _ Radiology Case _ Radiopaedia.org - Opera.jpg,Meningioma T1,12d587c3295121607bec321e5bb59c0b1e9eecebb5f8573004ee6a4e02b02afb,train,1
b4bd16019ce9ba8ab8aaa056f5052c_big_gallery.jpeg,Meningioma T1,dab002d61cf5a1179a996531a83cc9d034df41d4b8af274cf3907ad409b7f0db,train,1
b45132cc49fc4933535c26d341b606416cf3aa7a915a69b133a72a04ea39c2d7_big_gallery.jpeg,Meningioma T1,eaa81d19ccee7957f3efb0d31825bf5c378e7e594d3db2629ea8b23772b2cc22,train,1
2022-05-31 15_33_55-Meningioma _ Radiology Case _ Radiopaedia.org - Opera.jpg,Meningioma T1,3073adf8e6f367f773892359429b55df9e5d3b5e5b9ae96f5d810a7864cd2170,train,1
bb363e25d92a2c899659bf0ba1bbdb_big_gallery.jpeg,Meningioma T1,065b91a62228859b626e72d2ed8b1f8dc87df0a3c37a43e01914df2a513fbb56,train,1
2022-05-28 11_01_11-Meningioma _ Radiology Case _ Radiopaedia.org - Opera.jpg,Meningioma T1,6abbbad52dc0f1967800252f23bc08b5697fa71805e59fe08e8c27934a770e48,train,1
64863fdbe71dde436d9863cfaf49ba_big_gallery.jpeg,Meningioma T1,da1b3150332e04dfecfc696c6b137244951071a5b24d097b237e370bedfb1d8d,train,1
2022-05-28 11_03_50-Meningioma _ Radiology Case _ Radiopaedia.org - Opera.jpg,Meningioma T1,0527b3af60c1e8c0cfbc6dff9551e585326e28976d7bfb5e86e68011a796d858,train,1
2022-05-30 17_07_25-Intraventricular meningioma _ Radiology Case _ Radiopaedia.org - Opera.jpg,Meningioma T1,4f653985afab7f3f17097bf32900f35fe99cb875f1715ed876348186e4e90323,train,1
75158a9db36e6d2e4be6cf9989d006_big_gallery.jpeg,Meningioma T1,c9cd0ccc93c750abcc72c5ac6638c2b1c962ea9baa98f214020c0aa7720dbbe4,train,1
2022-05-30 13_15_50-Microcystic meningioma _ Radiology Case _ Radiopaedia.org - Opera.jpg,Meningioma T1,3d419db47bd879868b34ae127132f3a1005864b932a6d15b024ed33d38ac5321,train,1
2022-05-30 13_17_55-Meningioma _ Radiology Case _ Radiopaedia.org - Opera.jpg,Meningioma T1,d4f10c06a89594d7a925aca5785af9af8400bda5af7ec743a74dbdb2376ebe8f,train,1
20733e7eebb5d507fb487cf537a9bd_big_gallery.jpeg,Meningioma T1,afc9d70d693cc71cc3fa84bab4908a7f2a91806f98cc3a6fb38691f17068c969,train,1
0b62a6651812d9a7571c0be0e02a3ab354a60550fcf2f24a89b8e232ee69c193_big_gallery.jpeg,Meningioma T1,77bc5d6bf164049c6edfff10452c6fc0cdc437ce185a9d697e871f7f04044626,train,1
2022-05-30 15_12_53-Atypical meningioma _ Radiology Case _ Radiopaedia.org - Opera.jpg,Meningioma T1,a553201957b27148255b55dfd6b24d7e2e330cb98948766ce741c1e20b65eab5,train,1
2022-05-31 15_45_24-Pineal region meningioma _ Radiology Case _ Radiopaedia.org - Opera.jpg,Meningioma T1,d03a3162b0cfb60bcd324956212cc9480bd72543610ffc7270961fd6e0003851,train,1
086618f988987a510b1d48ce507c75_big_gallery.jpg,Meningioma T1,1d13b22aa7c9fb30378f03411258a6f3fdd98dce4a3858d6e62f0e8e7e5b80cc,train,1
2022-05-30 15_25_16-Meningioma _ Radiology Case _ Radiopaedia.org - Opera.jpg,Meningioma T1,17f7fb5e4bf7c7437b9a551adea6c86b2383cfa1a1efd0ef2515be805ce87368,train,1
a91fd2b565865c6e56ff04aec56775_big_gallery.jpeg,Meningioma T1,e7089cfc66b3b1894d4554e3a754a0bd00f785f800c4d1aa958f18ab68433850,train,1
499672db7b87332acf3763ebb245e8_big_gallery.jpeg,Meningioma T1,5e0296e851f476efdefa4617375488b720f1dec1939bfaec5b75f00bc2b921ed,train,1
ca791be0340b283fde1e3439a02113_big_gallery.jpeg,Meningioma T1,dae0a88259a0eea8795a68966c3a61a220abf8df28c8fcc37696d87baa847449,train,1
2022-05-31 15_33_51-Meningioma _ Radiology Case _ Radiopaedia.org - Opera.jpg,Meningioma T1,4690889eb71ab1b97ab43ae49597d49ce51d3c8697a8ed362952a0833b251239,train,1
d3dc93e35695ab5f87106fb2c3f83b_big_gallery.jpeg,Meningioma T1,da5490503c7015bc32192e06be9f77527ff486ac6997a51668fdc93b36af78ec,train,1
2022-05-30 17_07_24-Intraventricular meningioma _ Radiology Case _ Radiopaedia.org - Opera.jpg,Meningioma T1,dce35752768940cc4cecebd4ba61e254be48d5647a367608533e4e119b2ac1dd,train,1
15_big_gallery.jpeg,Meningioma T1,55c5f7a79018615f67f2d9fbb74a4670606137977f09a3a8c0230af1ed24553d,train,1
2022-05-30 17_07_15-Intraventricular meningioma _ Radiology Case _ Radiopaedia.org - Opera.jpg,Meningioma T1,07feeaad54a0f5a76b381309654160b91c9e7e3d65f3f2dda716890d485abf10,train,1
2022-05-28 11_01_13-Meningioma _ Radiology Case _ Radiopaedia.org - Opera.jpg,Meningioma T1,fd05bd9d2b253d3622a140ac05a4a7b3d2797110dfb696127f82961e96141152,train,1
6eb3a7e52620dff5c1d4a78460d7db_big_gallery.jpeg,Meningioma T1,27dfb1b2d93b547a0612ab6017529b9f1c777742b0acd6e76fb46697111d72b2,train,1
2022-05-30 15_31_56-Meningioma _ Radiology Case _ Radiopaedia.org - Opera.jpg,Meningioma T1,bf67933c38187b4600d346c9a9df70100972802ccf0797503692c07a68852203,train,1
2022-05-30 17_07_17-Intraventricular meningioma _ Radiology Case _ Radiopaedia.org - Opera.jpg,Meningioma T1,314fff9b4528b849f76179da97a92cb07be56d91ba9435e2fd8279e32856f6cd,train,1
2022-05-30 17_07_22-Intraventricular meningioma _ Radiology Case _ Radiopaedia.org - Opera.jpg,Meningioma T1,a5760050311f1d3b469e37bd8ccdc1332c0337fffd3ce7e806ae0f5d515a1dab,train,1
2022-05-31 15_32_20-Meningioma _ Radiology Case _ Radiopaedia.org - Opera.jpg,Meningioma T1,4f9014fa5c54392a0c2f79cf663081fba3dc4b30e66b5e9edb33ecc0f1e17d2a,train,1
2022-05-28 11_03_48-Meningioma _ Radiology Case _ Radiopaedia.org - Opera.jpg,Meningioma T1,4e012d5392c0d4fab710b1300cb9127e4f1ba5eeb85634c15dccb7c5377941c8,train,1
444cf22d2a01ba32759b9adece0db2_big_gallery.jpeg,Meningioma T1,dde0d615d5357ee712c1428efc7b2e1c3b750109d6dcf4690fb561cb9baab8ab,train,1
f73b00556ba56e1924627945643e84_big_gallery.jpeg,Meningioma T1,8e28dc84fe059746d0c83b27fd0c70ee54fd3752d71fe5bf664e81a82f93126e,train,1
91305d0b4da50cd63a620be60eedd8a488b7abb56326fbae09d205982e966f77_big_gallery.jpeg,Meningioma T1,fc3d03c8e68d759e82b2524e1b804a402169595664c6b289ef7a89e41982bbaa,train,1
2022-05-28 11_03_53-Meningioma _ Radiology Case _ Radiopaedia.org - Opera.jpg,Meningioma T1,03b45f29c86fcf08cede43d251699ff22ae6834851b9392203feb59c8a835669,train,1
a5f9012dbd33acad1e2fcc78ff4a8b095c5bfb06d290dfc23b140e7d847fcddb_big_gallery.jpeg,Meningioma T1,b1f41a036fe9cbfb8ea6ad19aeeff5184a63f73268923a9efd83cf694e80aa93,train,1
6c9110febbaf1afe4a50257b0dfe73_big_gallery.jpeg,Meningioma T1,fc4226d86f4a33cbf97b2b6b30c96b9f7edbdecde19b009c9224736df3a085c8,train,1
fac237314b6b9d451ae917ad4183ad_big_gallery.jpeg,Meningioma T1,173d6016bd50f428555210aeebbdc0f6d91e08812531c4834916a3a8e04b4398,train,1
2022-05-30 15_12_44-Atypical meningioma _ Radiology Case _ Radiopaedia.org - Opera.jpg,Meningioma T1,c6cb93bf6e9d5c2d00467d1337fdee12e396d03f090ce9b8b47a06f420ee4786,train,1
2022-05-28 11_01_12-Meningioma _ Radiology Case _ Radiopaedia.org - Opera.jpg,Meningioma T1,48eb2f38ba83401971ca2a36f7f41dcb569562c7be8eaeec291f117ec397cfc8,train,1
3496236591112672d3fee6a5ae756a_big_gallery.jpeg,Meningioma T1,fc9fe7ed2acaaa3728c66c7daf8a499c980a169f39133f41e94ec6ab9bfa041a,train,1
2022-05-30 15_42_48-Atypical meningioma _ Radiology Case _ Radiopaedia.org - Opera.jpg,Meningioma T1,7ef191e346c138f8ca00b5a882408651cbbd7822c2c80f0285b0615c5d3e3c6d,train,1
2022-05-28 11_03_52-Meningioma _ Radiology Case _ Radiopaedia.org - Opera.jpg,Meningioma T1,4fd6037f6b88f855bc32aca5932e1b992a8a5494693eb596c364cb47b99cd628,train,1
b15b78187a9c76bb0c8d9ee09b310f11642fb58ba7391fae80007cc50b06fdb7_big_gallery.jpeg,Meningioma T1,306ce1955997c4f85a8f1be82a01b6e333454a1d2207c9d601df93cce0c4e20d,train,1
2022-05-31 15_45_13-Pineal region meningioma _ Radiology Case _ Radiopaedia.org - Opera.jpg,Meningioma T1,a27b3bf671195bd268529c7be8580c03bcfd58bf131cfb79660f2c39da571b58,train,1
62cd926d2d76018112e35ae1ef67ecac90adc365bb4841e4849f8c6db814307b_big_gallery.jpeg,Meningioma T1,decc9b48fbe29850e91c62f9e3e887753b63f5a873cd54fd96bda9bc7b2d9c47,train,1
2022-05-31 15_33_44-Meningioma _ Radiology Case _ Radiopaedia.org - Opera.jpg,Meningioma T1,d1f1faf00615efe3d445617a0e5a623f737d483d41132734aa476cb34c912491,train,1
70bc527a4fb5e5da7ca4c123a12eebdf39e9b19e116a5a36a281e4aae2e77a4d_big_gallery.jpeg,Meningioma T1,0634fd1bf022316ecb5e2eb0f829e0a94c8bf319fed2c7b510e07e36474fbe56,train,1
bbbd70fbb2feaf778500627f762305_big_gallery.jpeg,Meningioma T1,27595607c42b6021f505f0f10fbe5b66d85ebbf61bb8b37d6e5c8705c27f733f,train,1
2022-05-30 15_37_28-Suprasellar meningioma _ Radiology Case _ Radiopaedia.org - Opera.jpg,Meningioma T1,23d34c9273872a844721192fede6ec68abbefdd179730f86bd42d3e51d16543b,train,1
b420e0efb9958248233f36f4482d50_big_gallery.jpeg,Meningioma T1,3018b7f639b6a7487239142bb999106008771cc925f541c63ec1da64f6352b8b,train,1
2022-05-30 15_37_29-Suprasellar meningioma _ Radiology Case _ Radiopaedia.org - Opera.jpg,Meningioma T1,584bc1c1561d8224228bd392eff0e36c7bbc5ed728559a553a24a2efcafa2360,train,1
2022-05-30 15_25_20-Meningioma _ Radiology Case _ Radiopaedia.org - Opera.jpg,Meningioma T1,6cf1390f4988a20ea443c8486e0fe523ff360fd2c2ac98d1e2747979253fd525,train,1
7f204e475ba3760bca526c3edb82aa_big_gallery.jpeg,Meningioma T1,65af8f48fe099349ddae1c451fababe8f3cb0748f68fe23d93d20ce57a9767f5,train,1
e9dd4c09986c8fbdc23322c8e35d9b44ec3cddcc3a214afd868b7480e000102e_big_gallery.jpeg,Meningioma T1,eaadcf06b8c026897ebb428d343efd437907ae8e883fc5fcc6bc742d19efc7b9,train,1
b635b79bdc1e004c094fc12307a11a0a0fcc88166a8b0c620851fd7f6edd3300_big_gallery.jpeg,Meningioma T1,f2f9e3351b27a355ce2909863c13d153b72835e4b52c25ba160b82a84f2f52b6,train,1
2022-05-30 17_06_58-Intraventricular meningioma _ Radiology Case _ Radiopaedia.org - Opera.jpg,Meningioma T1,39f1577d42e7062d4a81808da5fb2475b9bc0191df1b40c7104a3ffaa468d3d4,train,1
3f37acd4979e9aadfc7214255d773a8ef9f43b82b3fadfbbb5d54097f0461d7f_big_gallery.jpeg,Meningioma T1,979fdd5c383248ac0bddc448d47a2f99e70246f4f9e89e8e286f8239516ce7c0,train,1
53da9cc9417226e594028448ad79df01fc3641447378b9373c2cf4b49b1acb70_big_gallery.jpeg,Meningioma T1,8c1a571f452835afec28e555fb0351dbe58350f95338bff97af9f48a7d35ed1f,train,1
2022-05-30 15_12_51-Atypical meningioma _ Radiology Case _ Radiopaedia.org - Opera.jpg,Meningioma T1,df1eefee903481e9f144bf047fabebec50ce8fb811bffbc4523c755d70381292,train,1
2022-05-28 10_56_11-Meningioma _ Radiology Case _ Radiopaedia.org - Opera.jpg,Meningioma T1,18261fb3d2de4796832be120a9c081b2b4199e1b28c0a7c1fd89bf08d7e93e41,train,1
93f65d16e6765c753856341476ce66_big_gallery.jpeg,Meningioma T1,6f946152d9363c192cdf25f016ca8716aedeea659a1750afbefc258fe75e9aad,train,1
18_big_gallery.jpeg,Meningioma T1,c1a8a6bd9ade37ebd2c14898f74cf0face80184df91f90ba50c28b535161b92b,train,1
2022-05-30 16_47_04-Angiomatous meningioma _ Radiology Case _ Radiopaedia.org - Opera.jpg,Meningioma T1,af7c05d296d0705a6cc5a0b166d36100eff63a24c9350c0a040070fceaffeabb,train,2
72ba1eb315813cf9cdcfeaaf7ff48d9c8d4824682e84eb24f98cc0f6cf3afc60_big_gallery.jpeg,Meningioma T1,f8281cfdb484a5a4ff53d75f3241a984d29edb7d483f06a3051852a1f1b75ff3,train,1
f100304118f28a513333f24520e499_big_gallery.jpeg,Meningioma T1,306c71a8cd53f313ad9c312a445b6c28648ce249c7845bb9cd73d38f99868449,train,1
fb70b700c005da9fbe12869c646628_big_gallery.jpeg,Meningioma T1,86a5b9247ef3ead2c71aab6f799c79e8594a942f1f2b56d380aac3d2090039dc,train,1
9e91f5eca369b221fa555bdade94a8_big_gallery.jpeg,Meningioma T1,93f4c179b33de60082f10839d80c14cbc9f3eb500884c31193a725434e73308d,train,1
05939a9c4f906056cb4a52b73bd93b_big_gallery.jpg,Meningioma T1,5716281dd5803bc50169e85679010558ebf7de9d115435f580e837a6199240dd,train,1
69505bb2125a36519cda65ee9501a0_big_gallery.jpeg,Meningioma T1,4a2aac179357890ce16394765a8adeee3f805441b7e1f7da6a639cc5a77ce16d,train,1
c5577f47667155f320f143beafde45_big_gallery.jpeg,Meningioma T1,19d4ad547f5c41d9b77fd484ece491415f4e04158f6c386657c55aeb5a3e68a3,train,1
a2b926d182521a726ab05b26a79c0459f6f3769ff7da2207c430f3cc63ae04aa_big_gallery.jpeg,Meningioma T1,c9c2e5fc5b3e9334f7ddfc31d77ce61d80b68507822c0fd7b5f28d51c59ee2a5,train,1
d3b71049945bc9b44c441a289fd41a_big_gallery.jpeg,Meningioma T1,a113c57f9d80297f32e3806846343c0cc98496a6d44c988d8b02fccf031b635e,train,1
4dd4cbb8ba2c0206e80128e55e161d_big_gallery.jpeg,Meningioma T1,62c0da7780c1f4671b6047db1abc63e68cae2fbc20707e5a7ac2b08c9158b2aa,train,1
2022-05-30 17_07_06-Intraventricular meningioma _ Radiology Case _ Radiopaedia.org - Opera.jpg,Meningioma T1,ae3afd0e2acdffa00c931cd933332229374055ba669b9a1662594750872c9360,val,1
333f99a9b5f178179b12a7c2dd4408_big_gallery.jpeg,Meningioma T1,1d0788767018b5d3b423a16d7bbfeca03588bc2d25b2c17d8220b5b79f7db6d7,val,1
2022-05-30 17_07_12-Intraventricular meningioma _ Radiology Case _ Radiopaedia.org - Opera.jpg,Meningioma T1,ae28d447d9319e7140c3f9239c3b28b9955dcc2daa3c427b8f9139aeef56d1a5,val,1
3488c4d95d38d448733ac682005377_big_gallery.jpeg,Meningioma T1,a25da34ff4e69c0e720fb1a59c2bbf5e820c0dc0fd68229e690538e479ec402f,val,1
2022-05-30 15_31_47-Meningioma _ Radiology Case _ Radiopaedia.org - Opera.jpg,Meningioma T1,fb6cf9e8a3fe9ef8bd18892f8ed9f8159cad8930349fb682060e2ab2b75a2eef,val,1
16_big_gallery.jpeg,Meningioma T1,24d4c8a0b0dce8a137be4bb2e75d4cb5d3d604e4cb422cdfbdda4cca0ac7dd51,val,1
2022-05-30 17_07_21-Intraventricular meningioma _ Radiology Case _ Radiopaedia.org - Opera.jpg,Meningioma T1,3692a47e028e06f79f89e9c348892a040dab3ee138b6f975ce1f8c146f1f6d27,val,1
04ecc1fb554216ad70719dd06ecb1da1b9dd312690b77bfdd5d02f75b79f5595_big_gallery.jpeg,Meningioma T1,fc687bc475f47d8f4765cf35047e8d676cf5d960c2c31a76355629b84b022f4d,val,1
2022-05-30 17_07_14-Intraventricular meningioma _ Radiology Case _ Radiopaedia.org - Opera.jpg,Meningioma T1,4e3762d5a79c658831a89c5394cab9233647e4ff26f900aff674b86edc0b3cf4,val,1
0b71ec6d838d499c318649a2fcec88_big_gallery.jpeg,Meningioma T1,4ee52b378bc10a89830c8d1a9d9d545de7aa39540e34b216b7d4c5ca84ad9ab4,val,1
78acac265732664380586d73605a42_big_gallery.jpeg,Meningioma T1,0b21aaf310f8fef5313810978a8a7f8a42d3dd2538aedc05baf1656506c0d5bc,val,1
b415913de4c64902a43e6cc47d1cf1f340cef2760d69093a54400dff9cb86c3e_big_gallery.jpeg,Meningioma T1,146b4aafe363ae26449296acf36fbf47df217054da4885212568fab4afee345c,val,1
16565ea49fac26701d390afbf3c5c0_big_gallery.jpeg,Meningioma T1,1e0690d6145a319461de8497a6efbc943e60b894652efbe217a94f58a68b1021,val,1
2022-05-30 15_42_53-Atypical meningioma _ Radiology Case _ Radiopaedia.org - Opera.jpg,Meningioma T1,f96074a6f08c5879197dad85ddaea9bb86f37b2963bf4a7dee9de080ae20c988,val,1
55eac9f30061d6dc5cef32af872a99860e8507a73e94a0e5447da8e9b174484d_big_gallery.jpeg,Meningioma T1,3eb8318a2e7d30d138408f00b4a88c2da1298af0bcef5d9de257e89e137e94d4,val,1
26f856a82dee19468b413271c6a90c_big_gallery.jpg,Meningioma T1,1eae2b3e9de7705added17a933bb8c6e64abd41f19d34bd9c9b29cb8fb5863e2,val,1
2022-05-31 15_33_34-Meningioma _ Radiology Case _ Radiopaedia.org - Opera.jpg,Meningioma T1,214e4cc2e3dd9130614d7651eb9689ec5f391e4105a5e00f41ab997e31afd933,val,1
2022-05-30 13_15_52-Microcystic meningioma _ Radiology Case _ Radiopaedia.org - Opera.jpg,Meningioma T1,efee9f1383e65894f91e33d8c5196290c1aaf4f96f4610d21be030871682c5be,val,1
66ecab7b66327ed3959f5f0e6620b7bab01c995eeac0f28ae8c027cb26047c4b_big_gallery.jpeg,Meningioma T1,1bdc2e4c3bb783fd49cd9de657132f3fedd0417a1fdffd662f40b83500f03f91,val,1
2022-05-31 15_45_19-Pineal region meningioma _ Radiology Case _ Radiopaedia.org - Opera.jpg,Meningioma T1,fae8189776e896f328f73698676b59430215c53b6446f61cf0dd85a42620504a,val,1
2022-05-30 16_51_04-Angiomatous meningioma _ Radiology Case _ Radiopaedia.org - Opera.jpg,Meningioma T1,e0d77256f3b336374e80eecf2f7183e9e8cf0984bdc15ebad51908ab686b55f4,val,1
2022-05-28 11_01_08-Meningioma _ Radiology Case _ Radiopaedia.org - Opera.jpg,Meningioma T1,6bdf6a845ff5650fc06b049f0e74ffff09480bfa449c0831a2ba305e4b5e029b,val,1
2022-05-28 11_03_47-Meningioma _ Radiology Case _ Radiopaedia.org - Opera.jpg,Meningioma T1,d54f7eb78d93fd9bf38ce95d83d923f3074095646a0f334fcd802c578e18371e,val,1
bed74ace8a68c95ff092f87fa3957c_big_gallery.jpeg,Meningioma T1,0a4e7196eff02a35e536c7ac809c966a370a8d11d7a2ffc8a3d7a5e5dfed81df,val,1
7e3402fc12800aab5f026d2906789f4e2afd854f5733e0d40c1f51db8818b8ed_big_gallery.jpeg,Meningioma T1,d79bd75feb908ccb011693cbf87c8e180de7ff3c5cdca36831668210d3d2b9bd,val,1
2022-05-31 15_33_29-Meningioma _ Radiology Case _ Radiopaedia.org - Opera.jpg,Meningioma T1,c2e39e7be40fb2b2d30f0c33a7bb04ecee4b69011ff3aecd74a8e014c2da6518,val,1
adbf9c00f27087643517a6ac756779_big_gallery.jpeg,Meningioma T1,7dd0cdbb7bbb8a6ff968e6037577404d758c56a6f4ea609288db3378ba5bef9b,val,1
2022-05-28 10_56_15-Meningioma _ Radiology Case _ Radiopaedia.org - Opera.jpg,Meningioma T1,be774894f8317aaed86c3a0f67033b3d631bc5661590ecea9f9be9de873a233a,val,1
2022-05-30 15_31_57-Meningioma _ Radiology Case _ Radiopaedia.org - Opera.jpg,Meningioma T1,6e41e571274e4ab42fe3cab7ee191065161a3709744af28b2abd79023ac979f3,val,1
2022-05-30 15_25_09-Meningioma _ Radiology Case _ Radiopaedia.org - Opera.jpg,Meningioma T1,28d9fe0044f0485abf1fa8a28c1312eeaf082f0c7b259529525fc23bb52c10ea,val,1
2022-05-30 15_17_15-Meningothelial meningioma _ Radiology Case _ Radiopaedia.org - Opera.jpg,Meningioma T1,8f3360377cc9a604dd9db74f484ac747839453e38861b5334f49c4a7ef244ee6,val,1
823f9e31a85136737063b41d93ea36d52b5f24134cd9f56f187217984d21d27a_big_gallery.jpeg,Meningioma T1,4a5ddb990b7c3dc8f2b344c680170825652927bd4b6b11919b066d099ee3f1ff,val,1
2022-05-28 11_01_10-Meningioma _ Radiology Case _ Radiopaedia.org - Opera.jpg,Meningioma T1,9364817ab6165f7f689539738cfd870f060fc9b3c0d2a931fd79c27e4ca490b1,val,1
86941c27adc9d1ef903ad0bf0c551b_big_gallery.jpeg,Meningioma T1,27a8a613167e3f623f90cd1c08ee51c191128864db019ca01c3a557563e7f601,val,1
2022-05-30 13_15_40-Microcystic meningioma _ Radiology Case _ Radiopaedia.org - Opera.jpg,Meningioma T1,8cc0b35cc4841611e32c6a12bfe1c0f0a376f70082e501531c33773e0ea27117,val,1
2022-05-30 15_25_18-Meningioma _ Radiology Case _ Radiopaedia.org - Opera.jpg,Meningioma T1,7327e455e1759bd691e949c380eb5822c9cba88db1b2a0617435218c93fd046f,val,1
2022-05-28 11_03_55-Meningioma _ Radiology Case _ Radiopaedia.org - Opera.jpg,Meningioma T1,d49271b633e147b74c9bfd685f015c2dbd8361549f4cd9a21ce02b635cc25892,val,1
006_big_gallery.jpeg,Meningioma T1,3b00cd702845c93ad5208359a153ed7014758ead9585b9da869d35e000cc9310,val,1
1319f0b90bedad92adc92d198db734_big_gallery.jpeg,Meningioma T1,182e6262e88613ad0da59f2306fff0482e07dfe7d3751b5182b6ebf268c3cd8d,test,1
43dd79a682e6401fb85f44f83d4742_big_gallery.jpeg,Meningioma T1,ca84ce09d3b400747ac110490f39ca117be013475a167aed3b4aafb7aca51ae3,test,1
2022-05-30 16_51_08-Angiomatous meningioma _ Radiology Case _ Radiopaedia.org - Opera.jpg,Meningioma T1,0c49d194a2cd807819e64cf1f15bb1d803a4cd554e1b653cb33e887f04531ecb,test,1
2022-05-30 13_15_49-Microcystic meningioma _ Radiology Case _ Radiopaedia.org - Opera.jpg,Meningioma T1,ba54b7eac02f4b3086f3357ed55485b7d735f2dd0ef0f1c3c3d36af024aaf2b0,test,1
0e7717a596ec7797ebea9a74c282960e67237f41ed71dd6528f4add050bb225d_big_gallery.jpeg,Meningioma T1,4756e721632fbf409a4aea7beeab39ded8a4b9681b5d0753444fc7befa7c1e67,test,1
2022-05-30 15_25_19-Meningioma _ Radiology Case _ Radiopaedia.org - Opera.jpg,Meningioma T1,3169e67c4f8734d84679de31a28f58781ff6167afac821486ba67abb1e9cb93f,test,1
5570b9b282436d57d6a3202173aee1_big_gallery.jpeg,Meningioma T1,9727141fbb0911989bdcc17ed83eae900aed29bf011172a0e6da36808d2d0c80,test,1
2022-05-31 15_33_59-Meningioma _ Radiology Case _ Radiopaedia.org - Opera.jpg,Meningioma T1,2f608f0fa74985ae1f18febf8ca1cad25906abf90794e0001d59860d907718f8,test,1
d9011d863aaf2fdb61065ef567cf78_big_gallery.jpeg,Meningioma T1,bd2358ef5fbde41c5d0ad4341a26a68b6dd6ff51405d2d565ee18536faea5f83,test,1
42604b75377ce8c16adf40e768a822_big_gallery.jpeg,Meningioma T1,8738365dc29354442a597f8d80ca0527506389d06e2feb7bbf00842838d8bbb4,test,1
bc3563246a8a92355be004b72d000f_big_gallery.jpeg,Meningioma T1,3f8bdae2d3769bd6d565a833ad25171d524017cabfb89bc743c4d22adcb31a68,test,1
5821bbdd66852c0513b7781334a188_big_gallery.jpeg,Meningioma T1,ea722476a4e2a011aef2c8304e40f8e7dcabfb736b8d449452c15c893644e762,test,1
2022-05-30 15_22_10-Meningioma _ Radiology Case _ Radiopaedia.org - Opera.jpg,Meningioma T1,872c3ce00c7343cb1334159d27a279f189e0fd0d7f0d7148160d02056437210c,test,1
2022-05-28 10_56_12-Meningioma _ Radiology Case _ Radiopaedia.org - Opera.jpg,Meningioma T1,75235332f68896cd49a84fed7c120bfef6d0a3a268e18e32553e7a41057a7f4d,test,1
2022-05-30 17_07_13-Intraventricular meningioma _ Radiology Case _ Radiopaedia.org - Opera.jpg,Meningioma T1,1b86440a15372801fb1c5fe52f19897fe1cb03b30c5c413a26049320892f15f9,test,1
2022-05-30 15_37_31-Suprasellar meningioma _ Radiology Case _ Radiopaedia.org - Opera.jpg,Meningioma T1,6bc8d05a3e0310f0ef7129ce3d51277cd21b8e2525f5669c7bfc5b37370569c8,test,1
2022-05-28 10_56_14-Meningioma _ Radiology Case _ Radiopaedia.org - Opera.jpg,Meningioma T1,68beea7dd60fdfc4793424329b2591169aaa2b8df8656b560d343090dc1111f1,test,1
2022-05-31 15_33_48-Meningioma _ Radiology Case _ Radiopaedia.org - Opera.jpg,Meningioma T1,df77ddd10ae8653d43687385d189593d3cc6f97c11ec7fda6bcb77bf5f6cbdc2,test,1
f294f85e5b55f22581cea026d0deb2361af3c594d0187915465ee240d64985c4_big_gallery.jpeg,Meningioma T1,b233677a736e1b987f1605ff6f2a38a54acf4ec3dec9e53eecb83370e53b7e41,test,1
2022-05-30 13_15_48-Microcystic meningioma _ Radiology Case _ Radiopaedia.org - Opera.jpg,Meningioma T1,4b4976c100e64d960abd9eec1ab865ab7e299577f0e6f35a48339144273b959e,test,1
e243fc7e420caf67af0047cab95698_big_gallery.jpg,Meningioma T1,09071203b3103c2a360b4ec773fdcf126a71fb9620ec2a63549ee7fb13c34ff5,test,1
2022-05-30 17_07_09-Intraventricular meningioma _ Radiology Case _ Radiopaedia.org - Opera.jpg,Meningioma T1,e37cb7284d2b9954cefc3a939750d705ff6b14d379dde81c9190fab046942e94,test,1
dcd340b40fa2d5155722cac47f87b4_big_gallery.jpeg,Meningioma T1,c065319d80465de229c15f005788b79d51a27ff496c675b81b747ef2c6c220ab,test,1
453885c9da76371b7cea20e5a9ab81_big_gallery.jpeg,Meningioma T1,694ff07e06c162c5283ac8d037e552ce7870006de66766ff373b8ab6c8062856,test,1
2022-05-31 15_32_14-Meningioma _ Radiology Case _ Radiopaedia.org - Opera.jpg,Meningioma T1,ef07e61a1ed3acd4f82ca4cbcaf4c2f3fe01d8f2d3d964740a5a7ee9de288563,test,1
2022-05-30 17_07_11-Intraventricular meningioma _ Radiology Case _ Radiopaedia.org - Opera.jpg,Meningioma T1,dafbb79782253065115c6c3b6fc88466f49ed416dc6b413e08f47fab3ea13811,test,1
54e99fec51ecfc03351ce78615e5fb_big_gallery.jpeg,Meningioma T1,9828012a440fe9b63ec3cc4dc1e49b6a1e3f72bb01a22e19b0b38ac993bf99e7,test,1
2022-05-30 17_07_16-Intraventricular meningioma _ Radiology Case _ Radiopaedia.org - Opera.jpg,Meningioma T1,6f91d3aed8e692c410f79550d7254ed151493fbab00781efc2ae23112f0224fa,test,1
2022-05-30 15_17_24-Meningothelial meningioma _ Radiology Case _ Radiopaedia.org - Opera.jpg,Meningioma T1,c3e495cb4e6c2ef531a525d64b888c7c0cc6bbfe2d6cea576e32eb2e904ea6dc,test,1
17658ed28c1d3987b6657e5cf00a4b_big_gallery.jpeg,Meningioma T1,f980092ec0c6528c9f93331ee7a3910e09aa5442a441ff8c370e60e1657dfc2f,test,1
56ed6220c3362c6fca88076d850da5_big_gallery.jpeg,Meningioma T1,cf3eaf3fb3bf64c0f04ec2b8824b77d3d0312b1a3804f2fc2066edc7fc29483b,test,1
0f0e00d7aa5e4f0d5e3453132cb092c0cf26ac42899ecc54b59e85b37a720372_big_gallery.jpeg,Meningioma T1,addb2f6653e2104a4bb2d810064e8574c5c4aff9513fb39bbf18863c9cb22142,test,1
49332474c1d3ba17bb8e6b2a72ae4f_big_gallery.jpeg,Meningioma T1,95bd6fe33c604c4d2c0c07f780628414f4f8f89c175237f123a47690b61ecda5,test,1
8._big_gallery.jpeg,Meningioma T1,6c17f7af21dd3137ae48361779cc9bc592a0ac3c87d32b827a1bfe51b83e6646,test,1
2022-05-28 11_03_35-Meningioma _ Radiology Case _ Radiopaedia.org - Opera.jpg,Meningioma T1,2cecc85f6c4280e821869d10db0aa449ce0a9d76e5e310bdff77052d5f24e186,test,1
2022-05-28 11_01_14-Meningioma _ Radiology Case _ Radiopaedia.org - Opera.jpg,Meningioma T1,7b87af429d766a484597388d83678a976d11097b1278a093e50b619a86d6827f,test,1
2022-05-28 10_56_10-Meningioma _ Radiology Case _ Radiopaedia.org - Opera.jpg,Meningioma T1,396b6be9f02adbea0d1471e21186d36702f60b6bd3f47d4cd8b566e02c38b863,test,1
2022-05-28 11_03_46-Meningioma _ Radiology Case _ Radiopaedia.org - Opera.jpg,Meningioma T1,8a6bf19ecaa0f66727cd29e613242c0372429a51c6a5c3484cbeee9c88eec972,test,1
4f0027d9c605dc5bbd9e4ff4d81d90_big_gallery.jpeg,Meningioma T1,cfb3d05e398ce7a27216a48ddebe86e5ba763f1c46a5acbcd72e7a898333951b,test,1
49627ef0d5ed5a8e0deb16429d40bf_big_gallery.jpeg,Meningioma T1,170a146c47f104eeaaaf38f2495c48f8429d35d4f0ded820a4b623cf8b5abcdc,test,1
IMG-0012-00018_big_gallery.jpeg,Meningioma T1C+,10f2d7809f8a99bb64de1149be63a4c5bef0a8506600767a03bd09cb3be481a8,train,1
2022-05-30 15_14_29-Atypical meningioma _ Radiology Case _ Radiopaedia.org - Opera.jpg,Meningioma T1C+,7c3ec65610a73564a5f42c495534adbf6bf672049409d5325b4769b346ec6131,train,1
614de13614080ff4591b8f6d748dd6_big_gallery.jpeg,Meningioma T1C+,46dddd08fd7a53aa4b3acfe3d063e9facf150c54981b8021ec2d603faea98133,train,1
0534d99005f8264c6a7bf740239d99_big_gallery.jpeg,Meningioma T1C+,3b651bf64c96529b8481def2f1ea6734241dbcea8b9b6f03f125caa4bb7b6e07,train,1
2022-05-28 11_11_41-Intraventricular meningioma _ Radiology Case _ Radiopaedia.org - Opera.jpg,Meningioma T1C+,850a6fede04d75db493cb43da06edcbb8a2a4f5e6538b52a8604bf04ab31565b,train,1
2022-05-30 13_22_19-Meningioma _ Radiology Case _ Radiopaedia.org - Opera.jpg,Meningioma T1C+,da9f829f0d0f879c2322f204b296485c4ac7fe8db74b8d84b78bb0568b7393dc,train,1
255162aa1f330a81e864689c459aa0_big_gallery.jpeg,Meningioma T1C+,c46e9b8a794f4baedd5bd5508dce95e288b6b852e40fe929f8a753a578f837b2,train,1
df0ef5e9a0fc1c201c9d0f36be7727_big_gallery.jpeg,Meningioma T1C+,0cb757a74a4dc54133848039735a5b40643fefbdb7a4eb6d7056a462f988f0ec,train,1
88496311066bcc610e1e676ea29f97_big_gallery.jpeg,Meningioma T1C+,6565ee611ea639dfe5081aab3eb8b42a28f78545611b63aff617f83363ab0668,train,1
2022-05-31 15_32_48-Meningioma _ Radiology Case _ Radiopaedia.org - Opera.jpg,Meningioma T1C+,595a8e2ae81b2a819995b8deae419b6919ecd7b27f2e529a58fc8f9e8cb43356,train,1
6b31f74499fe8cb5543660239f1629_big_gallery.jpeg,Meningioma T1C+,288acfc08a363622573fd84440f3d1a3ebdcbe534bdb4ade56cf93f1666cce8b,train,1
2022-05-28 10_55_13-Meningioma _ Radiology Case _ Radiopaedia.org - Opera.jpg,Meningioma T1C+,f42dd77d1578a448a994671733e164b916026a1fce4d367901977419ae954d30,train,1
214e30a532b0a8e28f9bd01da53214b7da594c6ba85d117388145bba2da12f20_big_gallery.jpeg,Meningioma T1C+,a17d32c05a0c1f375d9c4d7e9089d88e74881566109a1e5b943ef402b0258488,train,1
2022-05-28 10_58_10-Meningioma _ Radiology Case _ Radiopaedia.org - Opera.jpg,Meningioma T1C+,d54eecf9b0c6e24a1b4c16ebbdc4fc2a1556e76fff46faae8d5e85ae2f9f114c,train,1
86febbca0a7249d84af5fb3ef61bcd_big_gallery.jpg,Meningioma T1C+,187b3aed26b8588c7b4632b6f45848a323f2c7adebd7e857cf43ff1e858f79c8,train,1
2022-05-28 10_55_11-Meningioma _ Radiology Case _ Radiopaedia.org - Opera.jpg,Meningioma T1C+,035ef4cd996904d98c636ba106e1ca67f1a32489fefbe9fd802e884fc8a3638c,train,1
20fa0188285c26bff1efb5f505af97_big_gallery.jpeg,Meningioma T1C+,f80fe8ae329a140454c0fa7ba5e7026cff1bafe5aed2997800531213bf770a11,train,1
c69e4d380e6d301a6e152578dcb73d_big_gallery.jpeg,Meningioma T1C+,184a78db245775822899994946ccf1a8e9121eae7fd4702ba1604d01992db7a9,train,1
23ff6aaab7b76799990235621ea712_big_gallery.jpeg,Meningioma T1C+,b18fe82f94732ad65a90c33f8186b24d96c7365e24f5611b4292c0036df0b6ff,train,1
c107556a6961859fb3558d2cac8d2f_big_gallery.jpeg,Meningioma T1C+,8b6420fb92f23d9e19c55f7205e8d63780f2a6c20f8d1eaea912ca85553cc631,train,1
805f9d5ff6e8d5591456a86c791a91_big_gallery.jpeg,Meningioma T1C+,fcdfb56f4a9c1694ccf7a75b0c6caddc06f0dd7fa2acd6a2786238f5b82d4e8f,train,1
2022-05-30 13_17_02-Microcystic meningioma _ Radiology Case _ Radiopaedia.org - Opera.jpg,Meningioma T1C+,b9653c16656e4c7f7f227bcc32350d6b72abf062b70b68d2b862d6642989186b,train,1
a61077cb714c26704e09beed06d7b9_big_gallery.jpeg,Meningioma T1C+,f736763614ed60c70dd1eb7616516ddaa750a35cf852fed0b6e198c5589b305b,train,1
2022-05-28 10_58_09-Meningioma _ Radiology Case _ Radiopaedia.org - Opera.jpg,Meningioma T1C+,cfe151550a561809aa9cab907360424d3d42236c6fb7c5e671633374969c55c3,train,1
2022-05-30 15_14_27-Atypical meningioma _ Radiology Case _ Radiopaedia.org - Opera.jpg,Meningioma T1C+,072d47fbc94edc6817d51e78f92ac0677a0cce9bd49878617c59e2e527084756,train,1
1af2193301245a8e7c15cf74b0c728_big_gallery.jpg,Meningioma T1C+,600a29afaf97e08784862b7cb3819b87b630bc92213b1d53dd275e27c80d8ae6,train,1
a47925069d847d5a02050abfb987dd_big_gallery.jpeg,Meningioma T1C+,0abb0b56a9c46de7ddc3de593f056e49f66d54b603e4ef6d5ffb4241e7deb85f,train,1
2022-05-30 15_43_31-Atypical meningioma _ Radiology Case _ Radiopaedia.org - Opera.jpg,Meningioma T1C+,1350d1331ad5f8ef818174248ccb2921dcfb6b95a483ff4d058f56aca821960d,train,1
71b465f691a8c5ffbe111b7bb95a8e_big_gallery.jpeg,Meningioma T1C+,a49ffbcd826d4c6b5f729ce692e9c8822d0ebdb708553cdb37de1040ee7a4b71,train,1
e31c9e1b1251a748a0d51df7e6bebb_big_gallery.jpeg,Meningioma T1C+,3ca1224553af371ec1b6d95c153e7a3867cece341c2c16bb2db7dea0c6e7f0bd,train,1
2022-05-30 16_59_08-Intraventricular meningioma _ Radiology Case _ Radiopaedia.org - Opera.jpg,Meningioma T1C+,5297dfc247f9c1c6641124ff86abb087e59827065c0cfb0ff90a607a761dcb61,train,1
2022-05-30 16_54_16-Angiomatous meningioma _ Radiology Case _ Radiopaedia.org - Opera.jpg,Meningioma T1C+,c81de1710524caeb3b195b53227c3f88ccedd6ef258c2d5bdcca8396623d309c,train,1
2022-05-30 13_41_58-Suprasellar meningioma _ Radiology Case _ Radiopaedia.org - Opera.jpg,Meningioma T1C+,bb4d522c87022292344b15ab7febe106c064c25897bb4cbe7a215a92daf93e6d,train,1
cffe165cf1f9ca16523f91978be063_big_gallery.jpeg,Meningioma T1C+,917886d9efc35932a14e9974f14d555a15d1bdede5ba59dcb45f03070730b0ff,train,1
61a1f14e76d0b3556d359a0de38242_big_gallery.jpeg,Meningioma T1C+,c06fb40ecb396242301a7224ca06a9862b4b55e8181b022eb30daf6a3ed41d92,train,1
f7886cf91ed02817f5008d6d2ac04c_big_gallery.jpeg,Meningioma T1C+,9bfac389de426c8b4c8e24b7e96b4b911702a50971f5169f57f3a2c9b1e4d23a,train,1
2022-05-28 11_11_39-Intraventricular meningioma _ Radiology Case _ Radiopaedia.org - Opera.jpg,Meningioma T1C+,35bb399a2e80e6eb9cbb4584a7a62d9af76db04979fc7b4d2f57a4ca666b5f7b,train,1
5425717e42e28d1f49581c9df56b6c_big_gallery.jpeg,Meningioma T1C+,13458685b531a7198cdb3e4aae4853b3d8504aa06d7dff21dabed5b552c1e009,train,1
2022-05-28 10_58_17-Meningioma _ Radiology Case _ Radiopaedia.org - Opera.jpg,Meningioma T1C+,a80410efca53586cd7e2645663b760b00b5f3e004781a9775047ef7eaa87ef1b,train,1
2022-05-28 10_58_04-Meningioma _ Radiology Case _ Radiopaedia.org - Opera.jpg,Meningioma T1C+,134d941f34c7a9772ddc0116982d4211d751c5d7019b1c27b304b08bf31e343e,train,1
9e3c9e3a9871256b25492fa9a92073_big_gallery.jpeg,Meningioma T1C+,ba6af397b9a4db73cfddf50d6dd7848bca220f37b2d1309a26127c3dac809357,train,1
2022-05-30 15_20_45-Angiomatous meningioma _ Radiology Case _ Radiopaedia.org - Opera.jpg,Meningioma T1C+,a5bdcc8e8490e6e10e8e0a5a8de9a81be4b2a329db24aeaf759096409ed81779,train,1
e18c79e32fb41a9ca2ddd98318366e_big_gallery.jpeg,Meningioma T1C+,4fa98af8566d878062bd8897c3a73348a4c455e32f8c74545977064f0412a8fb,train,1
2022-05-30 13_16_35-Microcystic meningioma _ Radiology Case _ Radiopaedia.org - Opera.jpg,Meningioma T1C+,8e56432088ed49906fa44fd41f1f532056cfb36ab3dc911d5d28292084064bb6,train,1
a496dcae3a8a01d6ee794e2e6891b9_big_gallery.jpeg,Meningioma T1C+,426512fe89e9a1c6575f6d79f686044f6b63f884d9a2ec746d405993ace9a34e,train,1
2022-05-28 11_11_49-Intraventricular meningioma _ Radiology Case _ Radiopaedia.org - Opera.jpg,Meningioma T1C+,f6bc959d0c9c44924310b6992f759116a5001bbe48a30a9cf92243312ede6445,train,1
2022-05-30 16_48_37-Angiomatous meningioma _ Radiology Case _ Radiopaedia.org - Opera.jpg,Meningioma T1C+,0bd99fe8a974ef5122b671ee248629e53cb374b4ad7387f707a67650d948b3c7,train,1
3d8f3c55c74e9b61e1caa07161183f_big_gallery.jpeg,Meningioma T1C+,b221e775baf5e8151542436a6b1b828eb2d3f12cde2a9b85efd079e9be6e8df3,train,1
2022-05-28 10_55_07-Meningioma _ Radiology Case _ Radiopaedia.org - Opera.jpg,Meningioma T1C+,2572d1a98f5cf870d28bdfa21a162f4b5d13973e6978cd2ca3064944cfaedc62,train,1
2022-05-28 10_58_11-Meningioma _ Radiology Case _ Radiopaedia.org - Opera.jpg,Meningioma T1C+,aaf3601e512dc19d4ee49ba84191f8528d088deb72875190d132061a8f213127,train,1
2022-05-28 10_58_05-Meningioma _ Radiology Case _ Radiopaedia.org - Opera.jpg,Meningioma T1C+,a4df9e32b2c9c2ae84e574454c9a8f6ea66682216f89180c859a8c0ff5d4ede4,train,1
2022-05-28 10_54_57-Meningioma _ Radiology Case _ Radiopaedia.org - Opera.jpg,Meningioma T1C+,f4f93806516c51e97cd0769a7ff11abcaab79215536b767a89250e3633122c55,train,1
2022-05-28 10_58_06-Meningioma _ Radiology Case _ Radiopaedia.org - Opera.jpg,Meningioma T1C+,147e79807fd10a7cec2f99f7a2904b513fc29b831acb8c609f8e3bea7e0622e1,train,1
2022-05-30 16_59_03-Intraventricular meningioma _ Radiology Case _ Radiopaedia.org - Opera.jpg,Meningioma T1C+,92dc61b5125676b6fdcb0022df0aad430aa5c0065a635349451e6da4e06319d3,train,1
2022-05-28 11_11_34-Intraventricular meningioma _ Radiology Case _ Radiopaedia.org - Opera.jpg,Meningioma T1C+,32521fa9c1c46820c0bd009ea109461ee170772a603bc55950aa3481307eb462,train,1
2c9fd86f6e8893e7ce40a5f6f13b13_big_gallery.jpeg,Meningioma T1C+,25d7c259a7a9c604f23560d1f2390c05a943d15d7d2709b147a1440eb2a2b8e5,train,1
023050387e555c5e39e8ed0c509ece_big_gallery.jpeg,Meningioma T1C+,4e52068f007c33e3f226e10e1471423ed67d5a00cbea0fe5a4cf8ed69cebcd72,train,1
5e14dfa348f5099a9476e7f0282616_big_gallery.jpeg,Meningioma T1C+,f0a56b2287162fd46cfb3c664bbcd3efe6277f06e5be2a2c52b2cb48de3c37cc,train,1
IMG-0012-00021_big_gallery.jpeg,Meningioma T1C+,1f01f21460fc5d1d884fba3ade2c60845ac11d15680e15e81ca47a37664aabcf,train,1
2022-05-28 11_11_30-Intraventricular meningioma _ Radiology Case _ Radiopaedia.org - Opera.jpg,Meningioma T1C+,0e16db131957f021449709b1faf355881b914a9ef65f8b3e197c3a070d3a5f9a,train,1
2022-05-30 16_54_17-Angiomatous meningioma _ Radiology Case _ Radiopaedia.org - Opera.jpg,Meningioma T1C+,9aec5f860a2da573fe6eef2ad714978cc1958081d83bfd677dccba72c70aeb8f,train,1
4e38bf2c76b58b906367cdd2a4ad6e_big_gallery.jpeg,Meningioma T1C+,7c99d42751f63da4de218de0d0fa901858a1f585ed3f7dba44cb5c85464c517c,train,1
2022-05-30 15_23_49-Meningioma _ Radiology Case _ Radiopaedia.org - Opera.jpg,Meningioma T1C+,018b54acbe1d9b33a50ff423d88866b8586756342c97928502501011e2c8504a,train,1
2022-05-28 10_58_37-Meningioma _ Radiology Case _ Radiopaedia.org - Opera.jpg,Meningioma T1C+,b9f3a9e5398ba4d01823fece075b03383480f09d4a8110c9615a6a9400aeed2e,train,1
2022-05-28 10_54_49-Meningioma _ Radiology Case _ Radiopaedia.org - Opera.jpg,Meningioma T1C+,eac6f557648f430175fd72b5f1278afafc16d802add47322b6152f99daf3aecc,train,1
2022-05-28 11_11_38-Intraventricular meningioma _ Radiology Case _ Radiopaedia.org - Opera.jpg,Meningioma T1C+,0c4825a95555d9ee39bc9e08e07ee41dec7799968ec344de737cfcc7770f0b61,train,1
2022-05-28 11_11_51-Intraventricular meningioma _ Radiology Case _ Radiopaedia.org - Opera.jpg,Meningioma T1C+,1624f352da5c44956f8d9a055adfd80dac932d8cb25e31689aed8254aa9ec284,train,1
2022-05-30 15_20_44-Angiomatous meningioma _ Radiology Case _ Radiopaedia.org - Opera.jpg,Meningioma T1C+,163567414bcad8669f8a684f1404fc8d0ddac9f2ab0b24f08af709e022257217,train,1
2022-05-28 10_55_06-Meningioma _ Radiology Case _ Radiopaedia.org - Opera.jpg,Meningioma T1C+,d23054e199b1a5847b6187e1ed3e3f4fa43eb6f87e38a2cf33418d2cf662d8ad,train,1
2022-05-28 10_55_05-Meningioma _ Radiology Case _ Radiopaedia.org - Opera.jpg,Meningioma T1C+,15456b240fc579da1999fa90ce28216b2a3c2ac8c22eac283c96e5824972d952,train,1
2022-05-30 15_21_08-Angiomatous meningioma _ Radiology Case _ Radiopaedia.org - Opera.jpg,Meningioma T1C+,e3b0e1ef9b125cc5921410b38f6b7d738d9ba5081dc81184f0f5a2c5c7f6e495,train,1
2022-05-30 15_14_26-Atypical meningioma _ Radiology Case _ Radiopaedia.org - Opera.jpg,Meningioma T1C+,f00d3e3aabd545c51dc8c9361ce5444e7d6db5a482710b4277b9567dc968c46b,train,1
2022-05-30 13_16_55-Microcystic meningioma _ Radiology Case _ Radiopaedia.org - Opera.jpg,Meningioma T1C+,93b9c8d97f064976148412b0c59004b6fa79ed519f182aeeccc5d4021e8c4e51,train,1
2022-05-30 16_59_10-Intraventricular meningioma _ Radiology Case _ Radiopaedia.org - Opera.jpg,Meningioma T1C+,3bca4b74c9faa5249a634b57c6cf539c19d5ac205c753cb76388e0fd209da8b7,train,1
5774a0e9ba3798675a8be86ccb1072_big_gallery.jpeg,Meningioma T1C+,f0ca0fe94b2bbf858148329e196b9ae608baa0023183612e614780d3264c9684,train,1
2022-05-30 15_43_34-Atypical meningioma _ Radiology Case _ Radiopaedia.org - Opera.jpg,Meningioma T1C+,d1b8d98b4eb9f9e4a37c8ec009c8c32022f521d8017894c4febc5453478dbef3,train,1
2022-05-30 15_20_51-Angiomatous meningioma _ Radiology Case _ Radiopaedia.org - Opera.jpg,Meningioma T1C+,75fb8c14ba6d41562653e53a84b56f1d662f4c4f9dfd067e546bf36a7cd696c1,train,1
IMG-0012-00020_big_gallery.jpeg,Meningioma T1C+,3a3789df28dd32e9b48004b7461ecec770a5d714d9cb0b21770f4042e3c1c792,train,1
2022-05-28 11_01_44-Meningioma _ Radiology Case _ Radiopaedia.org - Opera.jpg,Meningioma T1C+,5335c31b61150d7c6b6dc21421d8271e0ccaf6d44326ac7b47fee84e0f4cd471,train,1
2022-05-30 15_20_53-Angiomatous meningioma _ Radiology Case _ Radiopaedia.org - Opera.jpg,Meningioma T1C+,8fa00e2acf3a56822bc4613965e839da61b232f69e4cd709224c2e92c6c74433,train,1
2022-05-28 11_11_40-Intraventricular meningioma _ Radiology Case _ Radiopaedia.org - Opera.jpg,Meningioma T1C+,4d762195240d8e4fbbfac53a9d347e0c9397e5929e583c0291533a3c58f0273a,train,1
2022-05-30 15_20_50-Angiomatous meningioma _ Radiology Case _ Radiopaedia.org - Opera.jpg,Meningioma T1C+,11f8b5d2091894860a6df5d268e41a127443a14bc7a8f140d7a7015fca0477c2,train,1
2022-05-28 10_47_03-Meningioma _ Radiology Case _ Radiopaedia.org - Opera.jpg,Meningioma T1C+,c757c0f2fab9bc92270919656b7760a68ae51d42d7a46940c2ebf60213338e49,train,1
72525de169ec9b8e923029a964b1b5_big_gallery.jpeg,Meningioma T1C+,47fbe93575e10e552d79df850686bcc733941135dfa20cb6bc463ad059acacfa,train,1
89e91aec3c6056f917febd2f06c0eb_big_gallery.jpeg,Meningioma T1C+,774806a457eb964205ece47e0668f3c6655c2c4eece42f8abfc88605debb7e88,train,1
77752c109f12ce71dc9797a0678262_big_gallery.jpg,Meningioma T1C+,fe2504fd6b37c33d3035cc006709f6dc03e1c960612106e4121bdb344ccf326c,train,1
a4e4b901e770bbf5d19481c4c57f47_big_gallery.jpeg,Meningioma T1C+,0c9ecb6f7fb6f6ae5ff043c26da8b8dc3936e80e2da1f9b0cb6025222f1d3c7b,train,1
2022-05-30 15_17_58-Meningothelial meningioma _ Radiology Case _ Radiopaedia.org - Opera.jpg,Meningioma T1C+,f9d943254350d8f7182ad9d7fe7465fe619ff76032058279c2e745522fa3233e,train,1
2022-05-30 15_14_31-Atypical meningioma _ Radiology Case _ Radiopaedia.org - Opera.jpg,Meningioma T1C+,c5feab1aba9bffe8535bcef0629a4ccd5ef9992a88c579db4b86d7b77ca35b80,train,1
2022-05-28 10_55_01-Meningioma _ Radiology Case _ Radiopaedia.org - Opera.jpg,Meningioma T1C+,ff3ca1ad2c98b21b8e01714d80331393b2e7b1a4d795fce6daf84011c93155fc,train,1
161d09d01d4981626dcd5e6ff61610_big_gallery.jpeg,Meningioma T1C+,5b8afb2dda27ee3a862e7de9e110a58a15058cb640809abf0cdffc66cdcd92e7,train,1
887d10cecda1c0ca3b7fe214a29362274668aa883943c61114741ca437715840_big_gallery.jpeg,Meningioma T1C+,87531a2f9ccec0b7bd652f87c555d7926035072c54b205287dcccba60a365723,train,1
fb4df279d24e4fbd2d79d2d5693c38_big_gallery.jpeg,Meningioma T1C+,831ef1d815de68ac13d0403d80bca5834ab8565c13e844ef818dc830303d45e3,train,1
2022-05-28 10_58_18-Meningioma _ Radiology Case _ Radiopaedia.org - Opera.jpg,Meningioma T1C+,1edc297487f00c5a2458974122e00da4df4648268a2e815de877510ddd8729ca,train,1
c115985bfbc1134d73dcafa4bf5da6_big_gallery.jpeg,Meningioma T1C+,999f7a7539ed182205faf355f9a48f99787442084c04d1a91e180acb675cf0e7,train,1
2019f13d9a6f321a7951be6595b804_big_gallery.jpg,Meningioma T1C+,082e6d61185735804b431820e4f7e33649f44d147f418de1663807e63cfefed8,train,1
94b7bc7746ae0ba6c9bc9a920f5287_big_gallery.jpeg,Meningioma T1C+,e253eaff1d0cc69745a8f80765e8de8619d80be01ca715d39af795ae6b80bd1e,train,1
04a97c6a7fd1a7dbf153233a6dcc3a_big_gallery.jpeg,Meningioma T1C+,01742f2b2cae81eac17f56abf4b4b13ce94f5da4f448c93e06e27f3151c148d7,train,1
2022-05-30 15_14_20-Atypical meningioma _ Radiology Case _ Radiopaedia.org - Opera.jpg,Meningioma T1C+,b1c35e0eed6e1bd5ddcfd91f99505818186e6535af6e4852041db1ad5e02b0e4,train,1
2022-05-30 15_21_07-Angiomatous meningioma _ Radiology Case _ Radiopaedia.org - Opera.jpg,Meningioma T1C+,a3766d4f8e2e52b5b718f6bf2a0b7000174d4af499c70603aa70856013fcf4e9,train,1
2022-05-28 10_55_03-Meningioma _ Radiology Case _ Radiopaedia.org - Opera.jpg,Meningioma T1C+,7dc141d7f0d4f74e759a40b23f309e7291d1fab086309e63e30e3ad0f0e03cee,train,1
634d7b4afc3797b5336b2c38b7a28d_big_gallery.jpeg,Meningioma T1C+,d000d6bef9143554843b2108f15b44937bd51fe710da6cce0dc0bf78fe6c1b5e,train,1
6db163ad0ab494de004441a8c00be1_big_gallery.jpeg,Meningioma T1C+,4cf746d307c5dd0317ebd9489324be8f632dae2bdc043d9148f07bd28dfb94bd,train,1
907e221b4e762979c8093b0a3d6e88_big_gallery.jpeg,Meningioma T1C+,8f6819b46570e105b031866657a32075532e48c15925dd153171a080023cbc56,train,1
df3b19c2331ecfdf54426d71150974_big_gallery.jpeg,Meningioma T1C+,f2e6dcc07fdde4d7dc0e2bfdabf98456b5217d5f0e982c46c2e5d25bc7825223,train,1
2022-05-28 10_58_19-Meningioma _ Radiology Case _ Radiopaedia.org - Opera.jpg,Meningioma T1C+,fed86039145897a8e54c8970cc986a1f42fe443118507aa42caefb1db84f195e,train,1
286522d6ca2d0318e368fd1fbeeaa3_big_gallery.jpeg,Meningioma T1C+,db42f9c3b4a69909fa400c1b98e85eb4ace5eaab13890917e1a18f8e249df311,train,1
2022-05-30 15_28_42-Meningioma _ Radiology Case _ Radiopaedia.org - Opera.jpg,Meningioma T1C+,d327694a3e1401955d78c256fc168475240cd21263912cc74206637f44f3b59e,train,1
2022-05-30 15_28_52-Meningioma _ Radiology Case _ Radiopaedia.org - Opera.jpg,Meningioma T1C+,711fdb580d8b450a5c43746ed7abc90fbcf41815c7b6128a3dd7695c05c58821,train,1
2022-05-28 11_11_31-Intraventricular meningioma _ Radiology Case _ Radiopaedia.org - Opera.jpg,Meningioma T1C+,f79f89c807d73228ccda25946f0b218bf49660883d1ac26a2006f097cf92dac7,train,1
6a1396ece4c31bc03317ee18f3fbf7_big_gallery.jpeg,Meningioma T1C+,ba4fbb06c9cbd774cd27e66f47d00eb5945045d9d8ff7809db5b0277d6c4548c,train,1
cced43e86eb0b883d6f904afa828e8_big_gallery.jpeg,Meningioma T1C+,d514096236de364723354ecdb425144006106ca2f847d94365aacb17dfed4923,train,1
2022-05-30 15_21_00-Angiomatous meningioma _ Radiology Case _ Radiopaedia.org - Opera.jpg,Meningioma T1C+,1c42e6e7217291499a60a9709133ebf858eda670c6d26cdc718886b28aedb2d3,train,1
2022-05-28 10_58_08-Meningioma _ Radiology Case _ Radiopaedia.org - Opera.jpg,Meningioma T1C+,891a0244dd1656f622b910d030c2ea071e0cecd65d04382ddddf43be107df7ff,train,1
2022-05-30 15_23_48-Meningioma _ Radiology Case _ Radiopaedia.org - Opera.jpg,Meningioma T1C+,a21c985da98ccf284da5bf3d49e54f08b89195f4e300e20f5ba3c1707df94eac,train,1
2022-05-30 13_42_00-Suprasellar meningioma _ Radiology Case _ Radiopaedia.org - Opera.jpg,Meningioma T1C+,a0f57c9e640ef4bdfe86b3eeb75df0f01cfd047eefeac672d286c0ee930ecff3,train,1
2022-05-28 10_58_32-Meningioma _ Radiology Case _ Radiopaedia.org - Opera.jpg,Meningioma T1C+,b12c4d7d488e54fb37228e5b3492877f5408f8e4f283c9d16b2d9c9aa52cd82a,train,1
875d7a1bc11ffa9c4bd237d8e0e1a66775c33b8636ac8ec0a2b57c458fdccb6b_big_gallery.jpeg,Meningioma T1C+,47f3cd95aec2b8e0aacbf2ca922e0cbf5af8e3f8569d77351cf769b42d42dc0d,train,1
2022-05-28 10_58_25-Meningioma _ Radiology Case _ Radiopaedia.org - Opera.jpg,Meningioma T1C+,9c1856fb15964333f119b0f6dbc850fa9c722ea79b1f4226aa438d87a487a885,train,1
2022-05-28 10_58_00-Meningioma _ Radiology Case _ Radiopaedia.org - Opera.jpg,Meningioma T1C+,19a04c09f497f1ff3342d984060b98b909bb4d6b978f3d71f9b9bff73a464e31,train,1
2022-05-30 15_31_08-Meningioma _ Radiology Case _ Radiopaedia.org - Opera.jpg,Meningioma T1C+,7bdaa79c71392a6f1d5a15504b511f9e3eac07d1927bc2a130249b85d1160af0,train,1
2022-05-30 15_20_49-Angiomatous meningioma _ Radiology Case _ Radiopaedia.org - Opera.jpg,Meningioma T1C+,e4f230119089333b8e2a27b79f3c03fc96336fc859c058e0388ea9eb932607fa,train,1
2022-05-30 15_20_46-Angiomatous meningioma _ Radiology Case _ Radiopaedia.org - Opera.jpg,Meningioma T1C+,4554f152b8f4724456ccd9864e1cb2f90122f5788d786844b569989c21b59f32,train,1
2d20136767f8c141696c9fe64443ea_big_gallery.jpeg,Meningioma T1C+,6aa5af8045b2dbda5085081ed5134f34845925ba9c408e4c109253e3190e9fdd,train,1
2022-05-28 10_54_58-Meningioma _ Radiology Case _ Radiopaedia.org - Opera.jpg,Meningioma T1C+,40125598929c142a4ac56d26a783809f90c6ef07904e47bc1ea6381017b2a026,train,1
2022-05-30 16_59_12-Intraventricular meningioma _ Radiology Case _ Radiopaedia.org - Opera.jpg,Meningioma T1C+,c86c2b5cc1af07e720f8ee018ecb680298fe3c6764cca86d81d8a21accada330,train,1
2022-05-30 16_48_39-Angiomatous meningioma _ Radiology Case _ Radiopaedia.org - Opera.jpg,Meningioma T1C+,aaf55381a4701ae98c1721ca9774b92edaf1dfbb4cbe0946aab7c18cdffe565d,train,1
c416ee317978c13025e3fe4a618595_big_gallery.jpeg,Meningioma T1C+,a62e034cb01ebea157f0152ada290ed1ddd4e12e28fbd67c1fe5bc7a51b97a62,train,1
2022-05-30 15_21_03-Angiomatous meningioma _ Radiology Case _ Radiopaedia.org - Opera.jpg,Meningioma T1C+,083dc66f461896297d9348104d4173974ac15caa7fa72c74dc75d8e0473c6b58,train,1
2022-05-28 10_55_04-Meningioma _ Radiology Case _ Radiopaedia.org - Opera.jpg,Meningioma T1C+,f92bcdd4d79ff0a7518cc7a69bfe5b1da160f915207eba26b0125e261ddb2e48,train,1
055c94580936403dc16ae6402061c7_big_gallery.jpeg,Meningioma T1C+,2fe40f6c0b66f841dbd648678ccb78e8fe8b1e0282226eaaee6dfae5b2dad1cb,train,1
c6a9d6a46f2f5fe000be25d892c94a_big_gallery.jpeg,Meningioma T1C+,c3de543ffc222b1b927cd8171c9c4b94aa4bf6aeed6b06704b052e0ecf01db4c,train,1
3b56b21f6b117e985001dcbca16fc1_big_gallery.jpeg,Meningioma T1C+,ebfa5f3d8b33d711dba77e3ee6de53dc3b0b6e691fe0614850586a21d9418e05,train,1
2022-05-28 11_11_27-Intraventricular meningioma _ Radiology Case _ Radiopaedia.org - Opera.jpg,Meningioma T1C+,d5b83dfa68d8ee909929a2ab30bd68bb25197b1c07696b17a4be43ed98cb80a1,train,1
2022-05-28 11_11_37-Intraventricular meningioma _ Radiology Case _ Radiopaedia.org - Opera.jpg,Meningioma T1C+,62172d68d58ba07e66a2b0b06145905a3b66ced65ba3fc12ab0430457c695e56,train,1
8a9c922cf3921b9618ab802db66a38_big_gallery.jpg,Meningioma T1C+,37b5d3cad6c3e3aa4c32d12557bc04c9fbe076398a52ed89be32584a92646b05,train,1
9557f3677a6c40ada3b2e34b64dd1e_big_gallery.jpeg,Meningioma T1C+,299415c4ab22da6307eab273a2f2bb96b91988d2dd938f49d0d8a82aa22520a1,train,1
8aa58f27ea13706477ded1dab8be0f_big_gallery.jpeg,Meningioma T1C+,e6c63e4a1390237aa3843103109e841f3679352da4f83fc8e41b81db505c5754,train,1
56bfcfacb525130f882663b8d7e23b_big_gallery.jpg,Meningioma T1C+,60fd959de1766ee38b4fde70a02b7b3324c5e6ccad529f037c4f74194fa6d0f2,train,1
a6063554e964a0216abfc215510452_big_gallery.jpeg,Meningioma T1C+,d1cfc7b9fa2830543b760bcca5b2b31a114222f841d0329e9ec512532c019336,train,1
c8e5fc9b8058c2f613971a102df4ea_big_gallery.jpeg,Meningioma T1C+,99b1deacc549e7c039545db2da63e777089dc387a9d48718763b648310c48ed2,train,1
8a5cb173d4f6a6ca1ec986c72ecea9_big_gallery.jpeg,Meningioma T1C+,5a835fe5f08502f372dd8db68836e2f3a71e329e9eaf05eace7d9c3d8d66be4c,train,1
2022-05-28 11_01_46-Meningioma _ Radiology Case _ Radiopaedia.org - Opera.jpg,Meningioma T1C+,2e398318c5542618d4676ac867d1c3e7df0366fbd756dde928641ea29483e1e8,train,1
afa4f46ef4528236d04ab3ea4e3caf_big_gallery.jpeg,Meningioma T1C+,e0c613d7bc74200053c31dc7f4b23df9317ccf6d99b6c50f7c1e44701decd661,train,1
c1049fdfe643d0b54b7ffaea00d090_big_gallery.jpeg,Meningioma T1C+,5405b426a39afad7d140afea10f6605cf5b480ca192195a4fd164e465c38f6a1,train,1
2022-05-28 11_11_43-Intraventricular meningioma _ Radiology Case _ Radiopaedia.org - Opera.jpg,Meningioma T1C+,04e86366c60f3d1d92bd6fe148091b1efcd1a27f26b509a0c3440fdcf42ad465,train,1
962035ea94e945d24ad16633067e22_big_gallery.jpeg,Meningioma T1C+,d54401ac05ee7bd12686448a12d936ac83512996db1c7254cea4fd3745af4dab,train,1
2022-05-28 10_58_34-Meningioma _ Radiology Case _ Radiopaedia.org - Opera.jpg,Meningioma T1C+,9b475466fb86d09e67b13a84ac79f68fe27a34e9588b5336bf255c2ba2f3b190,train,1
2022-05-30 15_20_47-Angiomatous meningioma _ Radiology Case _ Radiopaedia.org - Opera.jpg,Meningioma T1C+,187858915922c012fb0c365e79a66efe46addb5b9f43b04ad6385aa19bec022e,train,1
2022-05-28 11_01_34-Meningioma _ Radiology Case _ Radiopaedia.org - Opera.jpg,Meningioma T1C+,c787fc652dca4009372906d99aaa005b9c4d2d1723c8e83bda20b02721f39301,train,1
eb4c63e1a949e809e036e7b7add809_big_gallery.jpeg,Meningioma T1C+,bd7798467eb7a926808f3d43a2aec82a01a6add8431c157514eac885cc35eb1e,train,1
23f0f67e7ec57580f5131970bdc3d8_big_gallery.jpeg,Meningioma T1C+,0ee830c48124b243ab5f1de1b41ab7dd75792e8b8e8fe0ed93c947a6bdd540a6,train,1
bb815226dcf4747dd1a04356fe5e63_big_gallery.jpeg,Meningioma T1C+,57fb84b2896d0cf5e42504bdc6af106d050effc66bbb7577be1fada96ce65214,train,1
2022-05-30 16_48_35-Angiomatous meningioma _ Radiology Case _ Radiopaedia.org - Opera.jpg,Meningioma T1C+,31d7528ecc95ffee3d284061468505b4776caf20b0cf32d48dd78e9b2d095df4,train,1
2022-05-30 15_31_15-Meningioma _ Radiology Case _ Radiopaedia.org - Opera.jpg,Meningioma T1C+,d135677e2725e3d4fd3295d291293ef2117a9e997213f67e4ec142564d5cb282,train,1
2022-05-30 16_54_11-Angiomatous meningioma _ Radiology Case _ Radiopaedia.org - Opera.jpg,Meningioma T1C+,a5a22f71246392dae3f81474f6d476984845aa1c2efe3cc85eb4f9ba235f6e4c,train,1
f0116eb5235e448fe262219fbac955_big_gallery.jpeg,Meningioma T1C+,2d4f47de73c1f7b79ad3cd635810a3698e20989a18f125a53958a29f2dad76f3,train,1
82e2880ff2db02bee108ade00ba9d6_big_gallery.jpeg,Meningioma T1C+,97e11c8786a429bc9c4e87778a78a3dea438999544c3b8b9b7b04c42c6445aef,train,1
1d5087a73538479deb9528a16f0130_big_gallery.jpeg,Meningioma T1C+,379e770ff26daa0e9966530c1d7e0ef151317d73cad0a14470e8dc6e6dfaddc9,train,1
2022-05-28 11_11_42-Intraventricular meningioma _ Radiology Case _ Radiopaedia.org - Opera.jpg,Meningioma T1C+,874b45b1d31c7b08300572a40099e5a9f1b7458609e7a220cb4e6e83f0e7dd6f,train,1
56b5f37fc1af454347b7040c824c0f_big_gallery.jpeg,Meningioma T1C+,c45138800f1905561507df02bf69f3fd17dda60347f3b360e0e2ba1cd9fe6a95,train,1
2022-05-28 10_58_20-Meningioma _ Radiology Case _ Radiopaedia.org - Opera.jpg,Meningioma T1C+,26a000c5e9ea25096ffd754722b146f99661b8ebd70ff5af7301fc70010cce57,train,1
2022-05-30 13_41_51-Suprasellar meningioma _ Radiology Case _ Radiopaedia.org - Opera.jpg,Meningioma T1C+,56bddf9849d17d4b974ad1af8f560cd502e008b0845a6731f1f36afbaf9f1f3a,train,1
2022-05-30 15_21_06-Angiomatous meningioma _ Radiology Case _ Radiopaedia.org - Opera.jpg,Meningioma T1C+,9332b6d333f46eaa179a4e3d5e0ba96246104725f50e4d2b08d8416289c10353,train,1
2022-05-30 15_28_51-Meningioma _ Radiology Case _ Radiopaedia.org - Opera.jpg,Meningioma T1C+,45c00b6a81446ba8d494743e9500b0af3a7b48d57fbea71a9d8236936156841e,train,1
2022-05-30 13_17_03-Microcystic meningioma _ Radiology Case _ Radiopaedia.org - Opera.jpg,Meningioma T1C+,72ca8941b603ffb87ce3c3f26a9e564db3dcd8a2bf702bcc9e6bdaa31e08942a,train,1
59e11668a1d73b5b5c8c9771d46331_big_gallery.jpg,Meningioma T1C+,ec2fd4c27de6158a652a3da5c487890ef7178cc952ee64fc53f802f0058f2e74,train,1
IMG-0012-00019_big_gallery.jpeg,Meningioma T1C+,07ff47388dc26941af2ca7ca3e124e286bba8de7def72e2eb89475e887e277fd,train,1
2022-05-28 11_11_32-Intraventricular meningioma _ Radiology Case _ Radiopaedia.org - Opera.jpg,Meningioma T1C+,ca3b34e5c4af4776353ecbe995df1d50bfe546e7dd22d239dbdb4941039c36f4,train,1
2022-05-28 11_11_46-Intraventricular meningioma _ Radiology Case _ Radiopaedia.org - Opera.jpg,Meningioma T1C+,54159b7c7e6315c6c1eea1b72e0cb199f9a5638e6c25e16341b52ce8452c6b51,train,1
d03a40223a30fd970218142abf1b10_big_gallery.jpeg,Meningioma T1C+,7af0c9d5e277771367c8b47d6e25a0675f0ee598d06afe0e74cede2d1b0f8c0a,train,1
2022-05-28 11_11_45-Intraventricular meningioma _ Radiology Case _ Radiopaedia.org - Opera.jpg,Meningioma T1C+,e0835e80353d67a71edcb71ec2751242f431562e33c1b21e21855cad22e20bd8,train,1
2022-05-28 11_11_28-Intraventricular meningioma _ Radiology Case _ Radiopaedia.org - Opera.jpg,Meningioma T1C+,6102eed35d7118bf3b9306ee9848cf6a0032dbf7d0f99dc86ed16f2f4b601ad8,train,1
2022-05-28 10_54_59-Meningioma _ Radiology Case _ Radiopaedia.org - Opera.jpg,Meningioma T1C+,fe61d4e300427447c967f7b477300bb96ea74f0c426cd755f075b533db4f473d,train,1
2022-05-28 10_58_21-Meningioma _ Radiology Case _ Radiopaedia.org - Opera.jpg,Meningioma T1C+,9fe94a4a4f6bbe6da7bf0d8e9b7e5d85ab592d1c2f26daf8755bd1f3ea61d36c,train,1
2022-05-28 11_01_41-Meningioma _ Radiology Case _ Radiopaedia.org - Opera.jpg,Meningioma T1C+,c06d91c0980973128cecba8c029aa02559a87327740f3f1b82608ff6cdc855fe,train,1
2022-05-30 15_21_01-Angiomatous meningioma _ Radiology Case _ Radiopaedia.org - Opera.jpg,Meningioma T1C+,ec5318b568940a491f5f6f45809505dc8f7d03ce513df59f579dfd311ad0c7a9,train,1
139465a369b8027a9b26778f526c9a_big_gallery.jpeg,Meningioma T1C+,b3fa46b1fca4c47f9350c852ee7daed86e5453775850ee0738d1c862fcd3e7c2,train,1
2a1fe67df4cabb9bb85088f522ee77_big_gallery.jpg,Meningioma T1C+,773865247f9983c35a5dd38362861f7c4cd0dc29467c16f04f0f094aa50b9169,train,1
63687a0a472f5fd4ec1b726a2cb75b_big_gallery.jpeg,Meningioma T1C+,078bb0d52a7546192ba402bca7df21b72183eb36cf8263cd9c53036fb42652a4,train,1
2022-05-28 10_57_47-Meningioma _ Radiology Case _ Radiopaedia.org - Opera.jpg,Meningioma T1C+,d336db1e01608e77e85adbcc0474c812372920e65e80624b273e023f8dccc868,train,1
2022-05-30 15_20_59-Angiomatous meningioma _ Radiology Case _ Radiopaedia.org - Opera.jpg,Meningioma T1C+,c92731afe1cad5ac1331c9ff4c774db51f46de87fdc3a1ecd9f06ab8261f8145,train,1
de88632d84f18987d747e3854b817d_big_gallery.jpeg,Meningioma T1C+,7cd000e41d40400f3c7a74c46ca0f59a638876f9f948d52c5cfdf611fe92e80d,train,1
2c102fc242d6adef18dc8fe7364e21_big_gallery.jpeg,Meningioma T1C+,e07564d3eeaea7b40d3aefce0d0e6e6777c11e315c9c5c66579e4c714801a915,train,1
765d23aa76270af10227f9f34d14fe_big_gallery.jpeg,Meningioma T1C+,1eb67c1a86ed603ced60b02e0691769b1dfcdcaa7127d3a4554cd4c4fb5a00ef,train,1
2022-05-31 15_32_37-Meningioma _ Radiology Case _ Radiopaedia.org - Opera.jpg,Meningioma T1C+,5e938ce21c77c6e0b23e716f453351176449c878ff342638a054215aaf657d8c,train,1
2022-05-28 11_11_35-Intraventricular meningioma _ Radiology Case _ Radiopaedia.org - Opera.jpg,Meningioma T1C+,7ec36f11c349826a78ea5f5f933194bc6656ffd335776dc0bf09013c84c950c8,train,1
83965c6944a9acfd11c9a97e4549fe_big_gallery.jpg,Meningioma T1C+,d6c435ff652bd3d56aa7fd9add503f10f254787ed5f2dbeca86a61008ee0dc32,train,1
2022-05-28 10_58_35-Meningioma _ Radiology Case _ Radiopaedia.org - Opera.jpg,Meningioma T1C+,e2360b54fbfdad61858839e06678e628ce8967f53f17f2ffe38b8c9efd7c12dd,train,1
2022-05-28 10_58_36-Meningioma _ Radiology Case _ Radiopaedia.org - Opera.jpg,Meningioma T1C+,e3bc4c53dc03f730ccf91a4de2f363501033df4855135afb935ae23a6ad86c49,train,1
0e4cc65e18076c1130059c4ae2c67f_big_gallery.jpeg,Meningioma T1C+,bd6f033902e57d86cfb08d874008af2516656388f8f783f2b54c6a3becc3506f,train,1
7c10bb7eb158501e82f300e3c5e55e_big_gallery.jpg,Meningioma T1C+,30244befa8e46776501e7ea042b7779c54a3d2a045c1815ae6bc80fcf8af4e7c,train,1
68b777311a48a050e6f9064b391446_big_gallery.jpeg,Meningioma T1C+,ab04c360fb084931a95498893344b5cfaa312081b2f72b958760713f019d7441,train,1
2022-05-28 10_58_02-Meningioma _ Radiology Case _ Radiopaedia.org - Opera.jpg,Meningioma T1C+,c2ca73f37baddfcc5f04a7c2612b9c6bbb31b91214648fa471d825cf668ffbae,train,1
b7310415e32df167c25d56f5582275_big_gallery.jpeg,Meningioma T1C+,798376ed5413f84d7affd41403e50a59e8bc00d70ea4ae8f701ca37f50e98ff1,train,1
86626911785108ccb63d6ddf5b6f7b_big_gallery.jpeg,Meningioma T1C+,bc39e20b4b141391234d6c86d3a682bc674fe7072901afb2f08ec56e46aa0363,train,1
2022-05-30 13_13_58-Meningioma _ Radiology Case _ Radiopaedia.org - Opera.jpg,Meningioma T1C+,b36454db45c6dd906c463ab3ddac811f63cb364d4c914b0279e4449e0c547261,train,1
2022-05-30 15_28_53-Meningioma _ Radiology Case _ Radiopaedia.org - Opera.jpg,Meningioma T1C+,27ef4a8f45dfe683de5adf2bd323c77f08944330a3446a7a748fecce974ba9cb,train,1
172f421c2ca32f24e9fe158f34616b_big_gallery.jpeg,Meningioma T1C+,f44660a849d4ca9ec04ceff94698b061207ba29198546effca4092dcbfdc929d,train,1
6dd70750a48772b0d1eec08713aca6_big_gallery.jpg,Meningioma T1C+,7d4c08a0044b7bcc8e1c88829dfc55335988b134baf8023ddac34d0a5b94077a,train,1
afb2a04e455809c87d132a8428a063_big_gallery.jpeg,Meningioma T1C+,4d43c6ab8f58a7f20224c5bd71b439d2b6302630b15ca2c6a20abd6e4dbfac45,train,1
2022-05-30 15_20_55-Angiomatous meningioma _ Radiology Case _ Radiopaedia.org - Opera.jpg,Meningioma T1C+,f89a90e429e497d3e9e14b2395d3cf0cce545f1299ceab0d3f4180a7ae0871f9,train,1
7d9b971db8922a56ce01b9e14c95bc_big_gallery.jpeg,Meningioma T1C+,bfdecb6c85f9da2ca56f58918d91bab0d87e11eee7634e631120ea1e37cdcf4f,train,1
a6d95d246903230735734ae653a896_big_gallery.jpeg,Meningioma T1C+,f32c7b0f4573084378b1b8b3247444ac150b0b3d4c45fdb5f0102cf2f68b7e54,train,1
2022-05-30 13_14_09-Meningioma _ Radiology Case _ Radiopaedia.org - Opera.jpg,Meningioma T1C+,594cb9a33f26c50f02c9dccc31e8762fc2c2638d8a5d9500d989812821c6c878,train,1
2022-05-30 15_23_42-Meningioma _ Radiology Case _ Radiopaedia.org - Opera.jpg,Meningioma T1C+,514404f0d45eb6d41569b9ebecad64dbfb637ed0e4d57a17312c1c9a76db786f,train,1
2022-05-30 16_52_22-Angiomatous meningioma _ Radiology Case _ Radiopaedia.org - Opera.jpg,Meningioma T1C+,ba46dcb000c2b334627962db8b2cf8da7776a511cded313398440282e1d0ef1d,train,1
2022-05-28 10_55_12-Meningioma _ Radiology Case _ Radiopaedia.org - Opera.jpg,Meningioma T1C+,1845f1225c78cbdfb5d78795b1dd26227345f19a0c4f0a008e8e75e9c087d42a,train,1
2022-05-30 15_20_58-Angiomatous meningioma _ Radiology Case _ Radiopaedia.org - Opera.jpg,Meningioma T1C+,86b2723b99da6756616b0e746f8e53b354bd66b49b51e1c04ff686b0ca05fd7f,train,1
2022-05-30 16_59_11-Intraventricular meningioma _ Radiology Case _ Radiopaedia.org - Opera.jpg,Meningioma T1C+,6a42f97ccc455a8ba017eb328e803c2b80482040482668e02eee6baba69b9a7f,train,1
2022-05-28 11_01_43-Meningioma _ Radiology Case _ Radiopaedia.org - Opera.jpg,Meningioma T1C+,6cedbddb14b00c9c2d86a7546a6c453b500e05d9bd27fab47fd68ede2f264887,train,1
c96bc494c270a2fb655b994c5861ff_big_gallery.jpeg,Meningioma T1C+,fcf2b48732c5ab75de68634ff0d537d71960432361cd9039052ad2f0ce5a4b52,train,1
2022-05-28 11_11_10-Intraventricular meningioma _ Radiology Case _ Radiopaedia.org - Opera.jpg,Meningioma T1C+,e79d09d803eb36c93caa0061ff46ee331a6370f97f981cada831c1a7e788094a,train,1
2f5757d85e7ab61b95be676e84a0ff_big_gallery.jpeg,Meningioma T1C+,2f2a647121327fde992c083ad8ca33c872729968e9e52982e0fdcccf5673ab63,train,1
2022-05-28 10_55_02-Meningioma _ Radiology Case _ Radiopaedia.org - Opera.jpg,Meningioma T1C+,6bdef4af90480d986bbf1214292fca4b72c14789c9658b6dd1769cb385a026d1,train,1
2022-05-28 11_01_42-Meningioma _ Radiology Case _ Radiopaedia.org - Opera.jpg,Meningioma T1C+,43956cbb8396551f6cc13bc123391d331eff70960a899d6d5ba1f7695c82f784,train,1
2022-05-30 16_48_26-Angiomatous meningioma _ Radiology Case _ Radiopaedia.org - Opera.jpg,Meningioma T1C+,32d3ecd6cf1fde0eb6cdee1a29357b27db56c5fb154cc05e6e60cffc6bd3e2e7,train,1
e3c2e6728697f6269cddb65e9b7c1f_big_gallery.jpeg,Meningioma T1C+,c19e67098688fafaca6c917d35c830109f0ee049cc46e778480ce64036735308,train,1
2022-05-30 15_18_06-Meningothelial meningioma _ Radiology Case _ Radiopaedia.org - Opera.jpg,Meningioma T1C+,fcb50090b2c7c835144ecde99b3b6e2a20ad188b42e4f94eee4ed2cd7fbe6efb,train,1
9e8dd80a856adf36f201181a2f7f2f_big_gallery.jpeg,Meningioma T1C+,b91ed29336a857571509c04205e368ea89d41611efdfeb40e9b0a86a5bbcd1ea,train,1
c9d0e8545d6e59a653775ef440034b_big_gallery.jpeg,Meningioma T1C+,b6627c9f0e7ea5c6330030de4b54a198fcacdbf6766a0741ae4cfb7f08c1de02,train,1
2022-05-30 15_20_54-Angiomatous meningioma _ Radiology Case _ Radiopaedia.org - Opera.jpg,Meningioma T1C+,fd274eb9ee3290aea56edfe766bb52ad7657e3186037c77386b0bfce200a605a,train,1
2022-05-30 15_21_02-Angiomatous meningioma _ Radiology Case _ Radiopaedia.org - Opera.jpg,Meningioma T1C+,ff720307733b7e5f77ab1c4be44f4cc50feb9f0dce3e6a453aed006b77b0118b,train,1
2022-05-30 15_43_19-Atypical meningioma _ Radiology Case _ Radiopaedia.org - Opera.jpg,Meningioma T1C+,e2aed49e4067234ae7c33f729719af95e7a5dfdab4a8844dd85ceff7923a4a2f,train,2
2022-05-28 10_58_13-Meningioma _ Radiology Case _ Radiopaedia.org - Opera.jpg,Meningioma T1C+,2eafcb6b17c70eb60bde916266aabe46b417516eecc01f938e51503ce6b909cc,train,1
2022-05-28 11_01_45-Meningioma _ Radiology Case _ Radiopaedia.org - Opera.jpg,Meningioma T1C+,0feafbad518653356061bee03cc01191f5d512e454a7be7d9df7915255a4c177,train,1
53823717ab200059f869508e77dc7f_big_gallery.jpeg,Meningioma T1C+,a64070131d02df5cc03bc4be361ef16ea685f4a6391f3be63932105305cffda6,train,1
47161fcba2750b56a3f7d516123b90_big_gallery.jpeg,Meningioma T1C+,7de0bbe94aaea61301daa967a68252de4b1ac4b16b3ef064a12683e11a121194,train,1
2022-05-28 11_11_25-Intraventricular meningioma _ Radiology Case _ Radiopaedia.org - Opera.jpg,Meningioma T1C+,00ea9a77c67b945197c34e28831459cf8cbe5c85b14d2ceabd78182a2d800580,train,1
051233f251fba8afaca7e7f230b98d_big_gallery.jpeg,Meningioma T1C+,c5bf6a680381f79ad8c8fe71fad0170a2f78fcb43ffa4c1677c034f29fba629e,train,1
9b030eda9c71f31ee768b981bd0039_big_gallery.jpeg,Meningioma T1C+,b008b2e392a8d36046e8da023b928dffb184ee14114b916283d0df3d04a6022e,train,1
2022-05-28 10_58_16-Meningioma _ Radiology Case _ Radiopaedia.org - Opera.jpg,Meningioma T1C+,e402fdb225c7ec83e6760196239c80f08d9a5d6048139c7c8a500473951d5980,train,1
2022-05-28 11_11_29-Intraventricular meningioma _ Radiology Case _ Radiopaedia.org - Opera.jpg,Meningioma T1C+,8879303eb24d8b165a24b6e74231088ba06facc0f12432b11b989a3eb86c0a27,train,1
3d8a68cc3fc37abf9d60a2db2c8cf1_big_gallery.jpeg,Meningioma T1C+,53931a4359bf77cdb1c639a235e0febd8bb75a40f743c6ce89a99a32fd817806,train,1
2022-05-30 15_20_56-Angiomatous meningioma _ Radiology Case _ Radiopaedia.org - Opera.jpg,Meningioma T1C+,d9d5399e64771ceb9f35ef791ce5f05358791f8b5634517f6e7f5d56ca3b1011,train,1
0fc9fdfc99368e997ca16be05b5c46_big_gallery.jpeg,Meningioma T1C+,082c3810dc585ebefa852cc96dc107f4fde2f95da3a48e862d07f5f4ca4e5fec,train,1
9f1a8ff97e290e92d3b759a3a10e19_big_gallery.jpeg,Meningioma T1C+,86b0fb95407f74760d6061403823f445bbc042beced4e9124c5003b7f973c101,train,1
f6c9580fb02c9c023f6424f916a181_big_gallery.jpeg,Meningioma T1C+,2ca22c487dfc1bcbf7cd477d0fe58fba0b97c4cb81c7ffbbd077c464710b82a0,train,1
e636b76a19f91346f4007c593ddbfb_big_gallery.jpg,Meningioma T1C+,4cb03d6d73fcb4cff81766dc354873e3e6037c016a795c1ff64d8e59072f9b63,train,1
05209007a069a3ed61868cdefe4686_big_gallery.jpeg,Meningioma T1C+,37de3c52cf7ca5c5cd419202f5f6f67809ce3c6f40c998cddaa4fc8fc11d688a,train,1
2022-05-30 15_14_30-Atypical meningioma _ Radiology Case _ Radiopaedia.org - Opera.jpg,Meningioma T1C+,2365e403d9b54b3ea2ad30e95a9207af8088c1a963f4041012d96ee715976e6a,train,1
489b30b847350a3b7d7c5344cb2532_big_gallery.jpeg,Meningioma T1C+,5a42a23cd855ccb34c668c9debefd20144cf663ce3e7da875922c63a8ad9aad8,train,1
2022-05-30 16_54_14-Angiomatous meningioma _ Radiology Case _ Radiopaedia.org - Opera.jpg,Meningioma T1C+,7d1b0102be2cd5759da4b26b8872d4f281bb5826199cebe3fb9439c7c81e9b15,train,1
2022-05-30 13_22_13-Meningioma _ Radiology Case _ Radiopaedia.org - Opera.jpg,Meningioma T1C+,86099ca3fdad840b3d0dacbbb36d08ce8c5fa8552f1fca8086ff1aa94dac8020,train,1
b98be341855c8663e573664fc2c317_big_gallery.jpg,Meningioma T1C+,36a15ea6d5d8a01d39a3cc1561b707747cb4320a58fc404af6a3a378a4afeafe,train,1
55c1de578b73691ea05470d2a9999c_big_gallery.jpg,Meningioma T1C+,25e2c1cef9396a09e9114c1eedfdaa94e3c8c35edbe4e5e1fa026fb2c1fcbf7f,train,1
4d8988d74eef3f5ea4864635d51e5f_big_gallery.jpeg,Meningioma T1C+,d7fa61c2e0c41b9616dc7d7866688b6b2b4301114cde5a23158e718abee50511,train,1
1a296ad1c3d811d5ba959f103f180d_big_gallery.jpeg,Meningioma T1C+,e6fda7e4a432640eae74529032093ad8e811bb49136199dc708a1d68318b46e2,train,1
2022-05-28 11_11_26-Intraventricular meningioma _ Radiology Case _ Radiopaedia.org - Opera.jpg,Meningioma T1C+,04fe407d20e561d770c62c15f36959b6965cf75caf84858119057db9ec23cb96,train,1
54e7fb0f35215f5c2e6b33db9b5c19e141b925850c25f82be25a9df7b0e4ca8a_big_gallery.jpeg,Meningioma T1C+,3268ac256de9bb493cc1f76220592c5fbb2c76e7bfc4fbb61c8514009f27a4ed,val,1
2022-05-30 13_41_59-Suprasellar meningioma _ Radiology Case _ Radiopaedia.org - Opera.jpg,Meningioma T1C+,e3b21b1fbcf73f0d3c7811fd913b69fd4c4ad353c05f7cd1b35ca031df2db6c8,val,1
1d72a2f4eafb580f6f33c4d1f78c1c_big_gallery.jpeg,Meningioma T1C+,8dfad94b67537f8dcb9808528074040abe2f3f6120797fd57ff3ead2129c69a8,val,1
8ceea3f2599ee82bed03f8194f996f_big_gallery.jpeg,Meningioma T1C+,f5e0b161925618aeb3f0a04641b78e6e40452cced63c6b8e9afa45f716424cad,val,1
2022-05-30 15_21_04-Angiomatous meningioma _ Radiology Case _ Radiopaedia.org - Opera.jpg,Meningioma T1C+,cd9ac15eb44035b8d27e5a2a0de4f54a937c732b473925792c0e8da60a0d2e1d,val,1
2022-05-28 10_55_15-Meningioma _ Radiology Case _ Radiopaedia.org - Opera.jpg,Meningioma T1C+,344815a402f1a14d2fb2bc9bb45452eb95a73abcc691fd86e94adcce8f90105a,val,1
2022-05-31 15_32_42-Meningioma _ Radiology Case _ Radiopaedia.org - Opera.jpg,Meningioma T1C+,1b8fb482bc6fa5b6af4679fbf7b20ded207f8d0c5a4587e839a3948d8bb958f4,val,1
b82bc573ecd0f92f8664d16d27f458_big_gallery.jpeg,Meningioma T1C+,89013473992a5b953d44c86308bd332eec863056609626ab74f30c8e63d9f1a6,val,1
2022-05-30 15_28_50-Meningioma _ Radiology Case _ Radiopaedia.org - Opera.jpg,Meningioma T1C+,7b71b65153b97cc2d8aad5e4dab3ba2fcd1ed45bf833d1e549b4631c0997dca8,val,1
0050cbda7dc3d3709039151cc80040_big_gallery.jpeg,Meningioma T1C+,2a0ae2a6be41a5e1dbc2b459fdba0daa5deea35bad6bbbd15acaae097cc57173,val,1
21af421e839f73a607a5dd3478f8fe_big_gallery.jpeg,Meningioma T1C+,116515e13b174ee717870d81bde693f9aa36a0518e51a989e0151ea7e906615f,val,1
2022-05-30 15_20_38-Angiomatous meningioma _ Radiology Case _ Radiopaedia.org - Opera.jpg,Meningioma T1C+,0c4d33b4ecb6322602bf932c0bf81eb1bb181d90cc29d07975725f861ed4c63b,val,1
2022-05-28 10_58_26-Meningioma _ Radiology Case _ Radiopaedia.org - Opera.jpg,Meningioma T1C+,214486397fc23201e13bf6e7736f1c994a61da3c8f13df9a8354ad580940afd6,val,1
2022-05-30 13_16_34-Microcystic meningioma _ Radiology Case _ Radiopaedia.org - Opera.jpg,Meningioma T1C+,b389904d4d392da95348f6678668b83d1f2922ee74c81b151fd4bcc9e590f773,val,1
66f6d32f766e2bb3d78103c58b84cb_big_gallery.jpeg,Meningioma T1C+,baacb2abcd1c84c0c98128c3ea5b2e1fa3f7f670ef6d4cf9f50bf6f90ff2f1b9,val,1
0a25e590df927bd4c1ecb2621779d3_big_gallery.jpeg,Meningioma T1C+,0dcd595ea38186e4519d7a7cb1b746b047591b2beae51dd3c6b5cecb63645da5,val,1
5b58d31ff57db47d898b683fbf5f81_big_gallery.jpg,Meningioma T1C+,9c68840657749dedc715c4acb9fe0fd776276b1790631e4fe8c01e2903336c45,val,1
7902a445f7896fc5642a2165825e69_big_gallery.jpg,Meningioma T1C+,6c208c38612005be2f945e4758c3e30ba3a0292a5c8af4032962c29448ca7cbf,val,1
2022-05-28 10_55_00-Meningioma _ Radiology Case _ Radiopaedia.org - Opera.jpg,Meningioma T1C+,3e279443ac08e0d4835262894df062f657cf0682e59f5089589e05b5b5afd857,val,1
2dbec49a22a538dff52cda95361cc0_big_gallery.jpeg,Meningioma T1C+,9b69b7ec8ba13be64682e01337ff0823924d35e4b67dae0483286d7e56059013,val,1
d58377321fd125022814a1eb000bd7_big_gallery.jpeg,Meningioma T1C+,f4e1e03777dfa3f6127c7d0df5f8a3209af4949859d98a413af75925af4dbaa1,val,1
ed618893dd0f6c91332964f412e4d7_big_gallery.jpeg,Meningioma T1C+,01cefba67a6681fbfeb0ed05a30c95dc19139881359ca7c33daf0af97edfe673,val,1
2022-05-28 10_46_51-Meningioma _ Radiology Case _ Radiopaedia.org - Opera.jpg,Meningioma T1C+,f364581321502f7f66ffa1cb752da93daa8d72266a7d123d8dd8daaec0fcdecd,val,1
2022-05-28 10_58_14-Meningioma _ Radiology Case _ Radiopaedia.org - Opera.jpg,Meningioma T1C+,68281071aed0eda1c50bab7ddfe4c0f5c785bf322b0b5868cb1051ca8cff3d9a,val,1
2022-05-30 15_20_48-Angiomatous meningioma _ Radiology Case _ Radiopaedia.org - Opera.jpg,Meningioma T1C+,c7e7ae0bec238b5624ccd37351f22b68adf2e2f17b2d86a06235ec55a26d546b,val,1
faba0f299216204cb70826d1cee5bc_big_gallery.jpeg,Meningioma T1C+,9850b60159fbcd3dfefd2913713a71918db4e3fc62a3a83eac3feed7ffc1ee0d,val,1
2022-05-30 15_18_05-Meningothelial meningioma _ Radiology Case _ Radiopaedia.org - Opera.jpg,Meningioma T1C+,67c4b8689f749e34dd173c52fd7c7f4d71c7ab298b06cdab080de6301ce9ceaa,val,1
2022-05-28 10_58_07-Meningioma _ Radiology Case _ Radiopaedia.org - Opera.jpg,Meningioma T1C+,ab573da29551df3e489756fe60660834359153ef8fa8f4ed5357104f21c7433d,val,1
2090fc835688338d1ab6f10caaaa011e6a428e31ce2e65acfe0c929c8573cc8b_big_gallery.jpeg,Meningioma T1C+,7d57beae654870ba6cf41fb8785ff6726cecba39a1808faf5b7af6d517a78ede,val,1
d8bf4e2304afee896e6646aa0d6a9a_big_gallery.jpeg,Meningioma T1C+,184cb39c94fadb4a35266a9e8f91573792650fd17d1ee17ec3204bac0b0609da,val,1
2022-05-28 10_58_31-Meningioma _ Radiology Case _ Radiopaedia.org - Opera.jpg,Meningioma T1C+,7396efdc54978cb0d8738825cac6238a84547a0785b732cb63eed638221fc021,val,1
2022-05-28 11_11_44-Intraventricular meningioma _ Radiology Case _ Radiopaedia.org - Opera.jpg,Meningioma T1C+,9992113c620821b3b15bcd19a94e17fb3c164ad83bdf0ddd0073a990127518ca,val,1
2022-05-30 13_22_20-Meningioma _ Radiology Case _ Radiopaedia.org - Opera.jpg,Meningioma T1C+,61c4dea79910e46dcd908a45f8cefbb76b7da7c527ae744e9b1cb5205355afd1,val,1
0d68661c2c35f282cce22558de5488_big_gallery.jpeg,Meningioma T1C+,ba4cff8ff8974344c703adc037f94791c84a1e7e1f4c5b7f01b7ea884065a5be,val,1
2022-05-28 10_55_08-Meningioma _ Radiology Case _ Radiopaedia.org - Opera.jpg,Meningioma T1C+,4dfaac1120239d8438356e6d227ff391030259fc64335879b211a96115b0e016,val,1
0268b86dc78b0861e1b339ce9eb127_big_gallery.jpg,Meningioma T1C+,ca41bd80c90c3b71936b8854b7e4bec1c580288109e7469b9d939a76dfb5ea12,val,1
f46509277baa7eefeb14d23230a7a1_big_gallery.jpeg,Meningioma T1C+,887af4141a685ddaf56e11488e939d65f76b8febed0484922c127ef34f00f762,val,1
e6df77f0f9471eace7ddb63c0fc99f_big_gallery.jpeg,Meningioma T1C+,b872b5afe4d2ae253c5a46b338c5f8fb4d8178604fa3a1e3406ecf9bf7da3180,val,1
2022-05-28 10_58_23-Meningioma _ Radiology Case _ Radiopaedia.org - Opera.jpg,Meningioma T1C+,4d8a050c73dccc78f894da80402c1c3ab0001a916881709b704128c2d378eddc,val,1
40012e9234d427cc45c6a10c9b784f_big_gallery.jpeg,Meningioma T1C+,9baa149b2a89c9603e6d87ca9b1527187237fad9033d8c6b13d1afe44e456241,val,1
2022-05-30 15_18_04-Meningothelial meningioma _ Radiology Case _ Radiopaedia.org - Opera.jpg,Meningioma T1C+,5e4a430b92be32ec97dcab9c1052f539c6dd2b5f46111dd79ced7c7a06f60f80,val,1
1cc9263ce5e9b6a312719944f66691_big_gallery (1).jpeg,Meningioma T1C+,bff0f40339f36410c5b4b860838268dab1a626f84114a66521d1ed4de590da0f,val,2
cfa57b713f222465bfa742a78a9409_big_gallery.jpg,Meningioma T1C+,eb473ffd6488b8390461f5b5a9417e4c3e022b157b8c14f4de906faf89e2cc04,val,1
2022-05-28 10_58_27-Meningioma _ Radiology Case _ Radiopaedia.org - Opera.jpg,Meningioma T1C+,f4699b804c0c4f58aac3271e4254f3277ef389b7564c369104bf19765a57d8b9,val,1
2022-05-30 15_21_05-Angiomatous meningioma _ Radiology Case _ Radiopaedia.org - Opera.jpg,Meningioma T1C+,2a007fce4335df9e442dc407d68d31cfb0a5b8351d2f5ea335198c564edd19fc,val,1
2022-05-28 10_58_01-Meningioma _ Radiology Case _ Radiopaedia.org - Opera.jpg,Meningioma T1C+,92c9758b05b6d185cab42274a9b91a09e666230a7fc4b8503bf544350c003c19,val,1
2022-05-30 15_20_57-Angiomatous meningioma _ Radiology Case _ Radiopaedia.org - Opera.jpg,Meningioma T1C+,a159a004d5da3a75eb93d913cf30bc36b81acca403a00011019f37b59194649b,val,1
145bb375ed67fed60ea6e0c483e03b_big_gallery.jpg,Meningioma T1C+,4d75ac12e0b1653b6b1466c644ebff95a22d955a500faee553dc6827d3355535,val,1
2022-05-28 11_11_48-Intraventricular meningioma _ Radiology Case _ Radiopaedia.org - Opera.jpg,Meningioma T1C+,1de3ddcd73334d4fef80212f7a2ea1d751221191a6e6410fe1fda97643bc73aa,val,1
9ffb1b08cf5b696f90c62640c96d09_big_gallery.jpeg,Meningioma T1C+,8aa1d2c29180e20165ee1002aefedcfcc4661b0814f1507ed186f7a03611bf2f,val,1
2022-05-28 10_55_09-Meningioma _ Radiology Case _ Radiopaedia.org - Opera.jpg,Meningioma T1C+,c64071552cd3afde4be9d4d533fbc91ddf1d0aa2aef9907d177895343b5e6b42,val,1
2022-05-30 16_48_38-Angiomatous meningioma _ Radiology Case _ Radiopaedia.org - Opera.jpg,Meningioma T1C+,7cb568b42f8a4aff5ceeadc1a59c82b2d80d97d08abaa71f3b330d283180896c,val,1
2022-05-30 13_14_11-Meningioma _ Radiology Case _ Radiopaedia.org - Opera.jpg,Meningioma T1C+,45a9380634ec598d7023da9779ca89796a76dfda68049d39e59b1762f8540275,val,1
2022-05-30 15_43_33-Atypical meningioma _ Radiology Case _ Radiopaedia.org - Opera.jpg,Meningioma T1C+,d2fa045c4f782b73d1063ed63822a223825038a2073e695d962c342f02857d9f,test,1
db7abea94fe7ae16bce6ddfab3b4b2_big_gallery.jpeg,Meningioma T1C+,5f6668b30dea75f3319a85fc2f5da37c48ee26ca52ba966d2eaf8bb54007661e,test,1
2022-05-30 16_54_15-Angiomatous meningioma _ Radiology Case _ Radiopaedia.org - Opera.jpg,Meningioma T1C+,1d9c0d22f1f5fe66f367a8b9e95cc20f2c4f8feae55c6043e1efe83f7f08e5ef,test,1
2022-05-28 10_47_05-Meningioma _ Radiology Case _ Radiopaedia.org - Opera.jpg,Meningioma T1C+,9fec5cf8350206e9b9d7dcf6181bedf59d4f1571919585588b5e2e2324a386a9,test,1
2022-05-31 15_32_40-Meningioma _ Radiology Case _ Radiopaedia.org - Opera.jpg,Meningioma T1C+,51e28cf7c2c3b3b82f074225c8de3e06aa5760527ce3cc6a138cc22e30f486dc,test,1
1453e36d73cdf7dc5c53ebac62f632_big_gallery.jpeg,Meningioma T1C+,5cf73d60ff182deb71fd8a5e5ed8457f0b76c51f50da6479eda74edb0491bd36,test,1
2022-05-30 15_23_50-Meningioma _ Radiology Case _ Radiopaedia.org - Opera.jpg,Meningioma T1C+,3dbeed0442f8f32355927f23cb8032619ac6f40c033e5ee0765f7c6d68049c50,test,1
b968025fde9c3094978dedf9dbfc1e_big_gallery.jpg,Meningioma T1C+,ae8e7ebd01f26d043f894434a7135a7abc7a18c2e3206584911f1dc740c2b999,test,1
2022-05-28 11_11_47-Intraventricular meningioma _ Radiology Case _ Radiopaedia.org - Opera.jpg,Meningioma T1C+,97d27461bc53e003e5c82cc189cf902f086308ec467f23d22e0d7587b628487c,test,1
2022-05-28 10_55_14-Meningioma _ Radiology Case _ Radiopaedia.org - Opera.jpg,Meningioma T1C+,0fc7afc9923fa4af3581e28f73e786895e095c13c4e7457d4407646442e97a01,test,1
2707daaf6500e371aef8c71c495cd62af48c3e73aa2ef1faf53481d5a01a45a5_big_gallery.jpeg,Meningioma T1C+,414ef3bec96d4ac66840ce57c9a5d41ad4da159e5c2cf09aa7cd14f13340b100,test,1
2022-05-28 10_58_29-Meningioma _ Radiology Case _ Radiopaedia.org - Opera.jpg,Meningioma T1C+,f25f2ed330c1eb310576c4f3cf8f785dfb05c5385edb5f4c8b27114aac5575bc,test,1
645b3a4c51565143357286f1933887_big_gallery.jpg,Meningioma T1C+,835f7729d5e596da1736e98ef23d2a2d4a24fa44321177b741182fd30e141f70,test,1
2b6c06396bfcf3bb194128e6b4c8be_big_gallery.jpeg,Meningioma T1C+,6461204ab0654be7d323c9d5173e8185bac23a028a60f72da0920c2dcebd6fbf,test,1
2022-05-30 15_14_28-Atypical meningioma _ Radiology Case _ Radiopaedia.org - Opera.jpg,Meningioma T1C+,864398819f9e9f3ad845bdf99f931a7cbb1fe1aec5ffb1ff9071142b70d67010,test,1
d4774af5c20e63a485fce4dc535107_big_gallery.jpeg,Meningioma T1C+,fbba71c65ee39130d65943f15827530dc65305df213ebb74d3fc47162bef615c,test,1
2022-05-28 10_55_10-Meningioma _ Radiology Case _ Radiopaedia.org - Opera.jpg,Meningioma T1C+,257794cc7297ea6b8a3444b0ce7bee418625af4e32f4ba4950574504c86921a0,test,1
f5f34120edc311af730f4184c68726_big_gallery.jpeg,Meningioma T1C+,34e185a85fd92f29a862813b8d2ccb772541888294606eb89c3ed25f75aa65be,test,1
2022-05-28 10_58_15-Meningioma _ Radiology Case _ Radiopaedia.org - Opera.jpg,Meningioma T1C+,dc1af7ebda4ab25f8c478616a54313a9dc45c22a0c5c1fc6e79bb1314d7f4e50,test,1
67abeeb87dc9b27b76ae13895e1331_big_gallery.jpg,Meningioma T1C+,ad53089f8f3d5a125c3e197f8cdba842be388ab18d62e077043d559d82782728,test,1
2022-05-28 10_58_03-Meningioma _ Radiology Case _ Radiopaedia.org - Opera.jpg,Meningioma T1C+,aac19ff95832bc5ae2e1f6f3933dd7cdc31174cd64f45c27575f57085c70c807,test,1
86b8ec07fc67a18191f94f2124f240_big_gallery.jpeg,Meningioma T1C+,bfbb7267f706c19b4c38030d68cea2a16ddaf49f37fb3c7ae8e5b3e2df3da099,test,1
2022-05-30 15_43_32-Atypical meningioma _ Radiology Case _ Radiopaedia.org - Opera.jpg,Meningioma T1C+,1ef304f680beb99e21ec5ef95b0d4a13eceb79fa3b75572dfea4097c36303527,test,1
5226142fdd75b1311298c13c4374b8_big_gallery.jpeg,Meningioma T1C+,303fb742e9d6fffefbc24aa974b3651db25c8ff70b6bb4d69f79f27a7d3ea02e,test,1
2022-05-28 10_47_04-Meningioma _ Radiology Case _ Radiopaedia.org - Opera.jpg,Meningioma T1C+,e405c5c7e8cc8d9ec216acdc678acb03c16c4db71ca050e6e8bbbb78287c5049,test,1
2022-05-30 13_17_04-Microcystic meningioma _ Radiology Case _ Radiopaedia.org - Opera.jpg,Meningioma T1C+,af25833db310a5f48850035bc78e06b1e87d1f6575f48eaff840aec16f8e42bd,test,1
2022-05-28 10_58_22-Meningioma _ Radiology Case _ Radiopaedia.org - Opera.jpg,Meningioma T1C+,f52da1e0f4b73cc3b930718298a8cb30c34e34086df926966391d0b9575823ed,test,1
a79eb336051a4ad33b1616bedea56f_big_gallery.jpeg,Meningioma T1C+,db7d9f3b36431c37f8f10559c5315f26f17bc24bf38219ed8db0f07ead3a7a63,test,1
2022-05-28 11_11_36-Intraventricular meningioma _ Radiology Case _ Radiopaedia.org - Opera.jpg,Meningioma T1C+,30081a0c14065d79aef2c698171446fd287d237b3816bf0f3f3597b20d73c76e,test,1
2022-05-28 10_58_38-Meningioma _ Radiology Case _ Radiopaedia.org - Opera.jpg,Meningioma T1C+,76d3ce726d30ac86cbf58ce19ccf96234ab3ba9a24d6f1bf48b1d0013f582f94,test,1
2022-05-31 15_32_45-Meningioma _ Radiology Case _ Radiopaedia.org - Opera.jpg,Meningioma T1C+,a7b26c3159030b597f82c05e73bd8438cee9ed015e2af8529356cf2fbb92fbe8,test,1
6fe1674ab40c79fc55d5d207efa19a_big_gallery.jpeg,Meningioma T1C+,e671504efe89e3994dcac007a6444925ecfc664edd3da614f301804e166cb710,test,1
5ff64c11db80e8fe97d1aa50ec58ca_big_gallery.jpeg,Meningioma T1C+,0147b29310984812a743ea06b8bbfacb7fada00b1d8a193aa1bb5a87b8b8072c,test,1
2022-05-30 16_48_36-Angiomatous meningioma _ Radiology Case _ Radiopaedia.org - Opera.jpg,Meningioma T1C+,0df65d2db666bcf4fb46b21b3b13b356660ba1ce2a4a54af0f4b2c983c6b9641,test,1
2022-05-30 15_18_02-Meningothelial meningioma _ Radiology Case _ Radiopaedia.org - Opera.jpg,Meningioma T1C+,e8952d3b5dd2d480b29580ef87a088adc31a23b955ad3c9291da122d8cb031e3,test,1
37bf311a1e6edf80480943b8c42f49_big_gallery.jpeg,Meningioma T1C+,6d7c084fb4fa775e4ef90ffe4aaf88130bc0b7a2196fb176f6a30ac887f72e54,test,1
282c30ac1f4dcc5d48c4766df90309_big_gallery.jpeg,Meningioma T1C+,ab0e70267c772d237ede4870b7fd66e19e79ea66925826e7136da966e816db17,test,1
8b6d61add0ead8ba8e4edb8509656d_big_gallery.jpeg,Meningioma T1C+,adc7944bcab301fa93bfd6c27de9c809821c914ee2ec5b0a31150b0185cacb35,test,1
2022-05-30 15_43_28-Atypical meningioma _ Radiology Case _ Radiopaedia.org - Opera.jpg,Meningioma T1C+,8df5f75510766f872c090108f13d37ec13b054b67e4546d3bc20eafd27feb88d,test,1
2022-05-28 11_11_33-Intraventricular meningioma _ Radiology Case _ Radiopaedia.org - Opera.jpg,Meningioma T1C+,0c48620e1b7241fb03938123c402732b17f34e2ccb85aeadb4b5e163275b68e7,test,1
3fa6c1b0123f0c619c498776e7f653_big_gallery.jpg,Meningioma T1C+,71909332d55373b9a7385b184a2ae07b68121ce789017212a2bc702f1a10edaf,test,1
2022-05-30 15_20_52-Angiomatous meningioma _ Radiology Case _ Radiopaedia.org - Opera.jpg,Meningioma T1C+,b71e59e1d4ea7f4dd9ff7915fc135ea635baaccefe5947e6bea4f04c4cb9ad2a,test,1
2022-05-30 13_16_33-Microcystic meningioma _ Radiology Case _ Radiopaedia.org - Opera.jpg,Meningioma T1C+,9632e212f859335723610760ee491523b07cf12e0064abff439b70c01ffedb03,test,1
75a8e0d4b37a36760a7951dcce95e4_big_gallery.jpeg,Meningioma T1C+,09527b8c8dceeef84e6992c0ea8d7f10c7a9279fa6b563ba77a13f14790f5ca0,test,1
2022-05-30 13_14_10-Meningioma _ Radiology Case _ Radiopaedia.org - Opera.jpg,Meningioma T1C+,a9e7d9790a9dda3bace252949205678fcc025253ac23272cf347cc07938252fd,test,1
2ae11d46feb24944e47cc6736461f2_big_gallery.jpeg,Meningioma T1C+,8705e77f5de5c897883ecb0101e4535090213964b60fd059458a77cb6a5ed0ac,test,1
2022-05-30 15_18_03-Meningothelial meningioma _ Radiology Case _ Radiopaedia.org - Opera.jpg,Meningioma T1C+,0ab38eababb15402890a6b4a5bab9b7fa392a48a2527d47211126a6f59325c5b,test,1
afeba59da80bfd51e2da47304e3312_big_gallery.jpg,Meningioma T1C+,cb02af2b96f37c4b987f439d2e3fd2f9c6a4adbb286480eb562fcb5b8588592b,test,1
28ab3c6bab7680eca422f864652cb5_big_gallery.jpg,Meningioma T1C+,9a9be2e41a1d1330b047c1f816161b2726b964dc978894411bd48687c5f61bf1,test,1
2022-05-30 13_16_24-Microcystic meningioma _ Radiology Case _ Radiopaedia.org - Opera.jpg,Meningioma T1C+,74754dade19d9d82dcb95fca63a40a4f892d0936fe1cfd9dd56651be1955bcec,test,1
f06ce8e08821fffd2d1fc44f283039_big_gallery.jpeg,Meningioma T1C+,33b85245f9a3d2db0c317925f11c26d337d0cf20a4fb84cc5ac7036f2c456261,test,1
2022-05-30 15_31_16-Meningioma _ Radiology Case _ Radiopaedia.org - Opera.jpg,Meningioma T1C+,cf07df6fd452d71e0883e7b5e33879f15128495985a4e56cd381d0744b2cbe44,test,1
2022-05-30 16_59_13-Intraventricular meningioma _ Radiology Case _ Radiopaedia.org - Opera.jpg,Meningioma T1C+,2876f29309c6edfda82a2fc8138b37c1af090d0b0853f038c5517055fc7c8227,test,1
1fdd01e3bb231d70d83634e3443d8c_big_gallery.jpeg,Meningioma T1C+,eb17101ba41bb84b25e350a5ee5247b597949b9f91a3b44a340862648180fc58,test,1
2792236d10213bf25aee7f4c6153c8_big_gallery.jpeg,Meningioma T1C+,a5225def13a77163d67e57442cc7ed3ca4223b897adb3244c2aa566dc5797885,test,1
2022-05-30 16_56_38-Angiomatous meningioma _ Radiology Case _ Radiopaedia.org - Opera.jpg,Meningioma T2,3e8c07377b6df37ff5aadedd0eabf71f098148fa51e164810715c0b198be9681,train,1
2022-05-28 10_56_56-Meningioma _ Radiology Case _ Radiopaedia.org - Opera.jpg,Meningioma T2,918be0d730d8f0a0986edc3af1c79c1c865187bcfa53bc968e9000e46ae730a4,train,1
d4d281edba13981fe6f5975efc1e43_big_gallery.jpeg,Meningioma T2,bff62243b8ab7beae8eee82a64f23970393f367ee64e9f920e4e9b5017208b26,train,1
2022-05-30 16_59_45-Intraventricular meningioma _ Radiology Case _ Radiopaedia.org - Opera.jpg,Meningioma T2,03f92aa823e9cfe7501af89a887719d118ecda402071485c947457320dd94524,train,2
2022-05-28 11_04_13-Meningioma _ Radiology Case _ Radiopaedia.org - Opera.jpg,Meningioma T2,3485d435c7e61c1b1cf5f42d056ec414701ac231b9e1b83a8c0c98af826e6684,train,1
2022-05-31 15_31_19-Meningioma _ Radiology Case _ Radiopaedia.org - Opera.jpg,Meningioma T2,9acf0713bf4b940c1ea7897f2872f73e016a2365f9c442b16f5b5c06db632a14,train,1
19b7652566f204067c7f2afb22f4c0_big_gallery.jpeg,Meningioma T2,d29e350b892dc556f7d21f379490d65384ad8ca2af85cac61708244dd468e2c7,train,1
2022-05-30 16_56_37-Angiomatous meningioma _ Radiology Case _ Radiopaedia.org - Opera.jpg,Meningioma T2,78485935c5c6e98f099086a48e010017653a40bc8bc56806abbc5e390fdc35f6,train,1
259ec48697214bb8f2d6b45b5b3fed_big_gallery.jpeg,Meningioma T2,5107621097940a5352b5dbf5585d1292044e62b6b4fd9e580050572fb6fce46b,train,1
2022-05-31 15_42_15-Pineal region meningioma _ Radiology Case _ Radiopaedia.org - Opera.jpg,Meningioma T2,f306ae8a59961a539e76f3a8158ab8bd8c7a7654c6332178e822d93b2d62fcc4,train,1
2022-05-30 16_49_22-Angiomatous meningioma _ Radiology Case _ Radiopaedia.org - Opera.jpg,Meningioma T2,aff94c7adb70fd0a372acb4b1c4b5fb38059cfa792935a7346ecb8b439d125c9,train,1
0633eae4957870eb366f1567de4570_big_gallery.jpeg,Meningioma T2,0981578a394266bedb6c30f6c86e4bc3e140ecddba12d3f02cc1d7804001f9ec,train,1
eeabd0c34fbde0ecef97b9d66d0881_big_gallery.jpeg,Meningioma T2,162e7a07c3e6ed29ac9c568767db52a6c990b68b0903af9deae4e4b9c17ce5e3,train,1
2022-05-28 11_02_22-Meningioma _ Radiology Case _ Radiopaedia.org - Opera.jpg,Meningioma T2,2a9ce47fa73e8cf63cefc66617f96b1d13029c3026774f73a362f8caaff1a7be,train,1
2022-05-30 13_13_32-Meningioma _ Radiology Case _ Radiopaedia.org - Opera.jpg,Meningioma T2,3ad818927b3d7d286153f1193caf4220b463d1b47913708d3278e938a40eac41,train,1
016bb36845ba9aad1049d4aefd1bfa_big_gallery.jpg,Meningioma T2,29421d24d8be8eda6ee03657e2d660d6c85c2c4bd633473a85dc9ba48d995cb7,train,1
2022-05-30 16_59_53-Intraventricular meningioma _ Radiology Case _ Radiopaedia.org - Opera.jpg,Meningioma T2,114d45487a841e49fdba8a9f6c0cf7fea418aaa6c48ad67b80d7ea6926e6f6df,train,1
2022-05-31 15_31_16-Meningioma _ Radiology Case _ Radiopaedia.org - Opera.jpg,Meningioma T2,69b5b30891f1e605fdf6d2f15f68e111349d32bf79dcaa04af54883f02b79b98,train,1
402e4fcd6fe8b38cf0e923b6aaf652_big_gallery.jpeg,Meningioma T2,5f3ae432ddbba0ad61489ce05b666822fd8814ddd1a06a0d2aaedbcc9977e84d,train,1
9224e66f9d9d99a9050c7f8174f868_big_gallery.jpeg,Meningioma T2,9195d8f50b05ad29cf872017cb012594fb23f969c8fb4af638aa3e6f16f12487,train,1
2022-05-30 15_19_45-Angiomatous meningioma _ Radiology Case _ Radiopaedia.org - Opera.jpg,Meningioma T2,fe1e13271f9f5edefb0852d92ec5f82defa0028ae3b1cebdd49c8bc1c9db877b,train,1
3bc80e18ce2b0117d35111c3260059_big_gallery.jpeg,Meningioma T2,234b0afa601c685be0b1ae604dadf678ff079c87456e6d2eb52f36dad5c1559d,train,1
2022-05-30 15_25_59-Meningioma _ Radiology Case _ Radiopaedia.org - Opera.jpg,Meningioma T2,6be03894ce403b5462ddfad33ee569f3bdf28f74d040df7b949e4eba88157234,train,1
2022-05-30 15_42_03-Atypical meningioma _ Radiology Case _ Radiopaedia.org - Opera.jpg,Meningioma T2,2b30c5522c8166751c129682ca3689a7afdb92a0c1361093fdcf7f7c6e3fc749,train,1
acb9814dab7e06ee377fddf441faee_big_gallery.jpeg,Meningioma T2,22b88ece633d7321cf0567c6f661f0cd5f71bea3c006b3a56984450e353279a3,train,1
2022-05-30 13_21_20-Meningioma _ Radiology Case _ Radiopaedia.org - Opera.jpg,Meningioma T2,f01654e13afd4c0e17e45d2d300226ff42e1486c9d371607c67ff8ceef852267,train,1
ff4d1c01122b2935c02d8cf0c6ab82_big_gallery.jpeg,Meningioma T2,32b23cfb3bb9fa2522ea12886350f73f13c10ff6fb1e918fb67616d4eb515e73,train,1
94cf1534f429c1b8a01d4d453967f2_big_gallery.jpeg,Meningioma T2,d868887f46d2ac58754185b2f5ff8b29e88ccabaa3a992009f691a6984d7c0b7,train,1
7e3985615e63d4632ddc102d023d2e_big_gallery.jpeg,Meningioma T2,9a31031d03fa895b58d860473127d353a9b70cbf86e0469b4a4c9fc51fffa041,train,1
2022-05-30 15_42_05-Atypical meningioma _ Radiology Case _ Radiopaedia.org - Opera.jpg,Meningioma T2,bd4ee9065ae3035462df7bb9a8bbe92d304465dc73c58cc73ff671582951ed68,train,1
2022-05-31 15_42_07-Pineal region meningioma _ Radiology Case _ Radiopaedia.org - Opera.jpg,Meningioma T2,a09b819bafec0ab19482f957729aeb6e8653dc9a155d445915026b6c666b9857,train,1
07633eeed8372d4e6f911a1de58db2_big_gallery.jpeg,Meningioma T2,a9b347e2dc981550763a84aebd57f001446cc7bdbc3c7071349bfc48174f6573,train,1
2022-05-28 10_46_03-Meningioma _ Radiology Case _ Radiopaedia.org - Opera.jpg,Meningioma T2,506f8a3b501e7fbdfad90197bead363e5ce99a5a82d51861b1b68890b88c4444,train,1
2bc7293a9b7a2c36ee5a17bb1033f4_big_gallery.jpeg,Meningioma T2,b7b7d31d48e3bb716a67cb8a00b280a7fdc237ab17e378d3b10d2e6e39022cdc,train,1
a2f8cea7ae9a4be73a07ab426eade8_big_gallery.jpeg,Meningioma T2,0341dd6767b7a982b8058ae478e030d4b324e0c0975ac03653c3ec5aa1f34874,train,1
ce17d457e3b9a0ae209b84e73979e6_big_gallery.jpeg,Meningioma T2,aeaf5cf33af71358a231045d0ad64d2633990621f1b81b9b1884dc467f5f4e77,train,1
2022-05-30 15_10_56-Atypical meningioma _ Radiology Case _ Radiopaedia.org - Opera.jpg,Meningioma T2,bdf0918e6c7f24fa375ed9837da43100a399a4f44d3e3b9d5d08a2a8f1830f6a,train,2
9323dd3403a5efc4812ce372ba61fe_big_gallery.jpeg,Meningioma T2,08b604ed0e423a0222309c54e92ced5cd525f67eb998f5a0efe79ad1ffd4a910,train,1
2022-05-28 11_02_20-Meningioma _ Radiology Case _ Radiopaedia.org - Opera.jpg,Meningioma T2,65a3cf33e1ee58f5c62051e8c5a8a726bbb884bc339e18b7d16636fcf78815df,train,1
b6ecc3d16b1f8f23dc9c7d9798061f_big_gallery.jpeg,Meningioma T2,ddb7931f673680d8052049eb33f7961869f7e3150f1ceae969db7453574612c3,train,1
2022-05-30 15_36_09-Suprasellar meningioma _ Radiology Case _ Radiopaedia.org - Opera.jpg,Meningioma T2,9d313edbb21b0c7d40a465971cb62a7aa4e57b7f8c18b76b28cd0c56c700d1c6,train,1
2ea723f7a924fe09847bd2905296af_big_gallery.jpeg,Meningioma T2,3fc2c0e74cfc3e3134ec5ea4ea9809a3e4972e4ca20a15db80ee88652f34fff5,train,1
38fee85afab19a9bba43c942210e6d_big_gallery.jpeg,Meningioma T2,f2f331b51ccbeb680d69d00ee898f730060130c10b261d2c902c930911f98807,train,1
2022-05-28 11_04_22-Meningioma _ Radiology Case _ Radiopaedia.org - Opera.jpg,Meningioma T2,87ad0043a94ec3d46a5e634df33f98b9407c3af2ee33a4e09e28289e6659c8e5,train,1
2022-05-30 15_16_14-Meningothelial meningioma _ Radiology Case _ Radiopaedia.org - Opera.jpg,Meningioma T2,d62144149776d742b8036c73ca82e656f77a614ac04da0f2646c92b7a86f88d4,train,1
97401fcf215e8e219516ef6139614f_big_gallery.jpeg,Meningioma T2,772a8ed7b14256fd84411b808814e0d847192a90eb61f4109a97f904233ca982,train,1
257e742536436df195a69d712dfcda_big_gallery.jpeg,Meningioma T2,14dd211e12219c29e12d1b9ff24b2aa47e5f5038e12fcc52789a6db13cb9569a,train,1
8964ba704d9084d3227ef0988105fc_big_gallery.jpg,Meningioma T2,858f73d8f1241299890e018e6219d90fbf26801ccbbff8fc47ed92bdbc3c8740,train,1
2022-05-28 11_04_26-Meningioma _ Radiology Case _ Radiopaedia.org - Opera.jpg,Meningioma T2,ffd4e697ccbc4e2b98e4335e7e735a94f78895b15de7dff30f6c6d46768aa44c,train,1
bc050aba9f05e6ee71550dc7009d5a_big_gallery.jpeg,Meningioma T2,d3c699818b264ac2551463c78cfb7da696d9a0588f889d868758854860a5c9d1,train,1
2022-05-28 11_04_24-Meningioma _ Radiology Case _ Radiopaedia.org - Opera.jpg,Meningioma T2,f4fbee6d537076864ef558bc5f470dad5c1c39093f2625298b085a2a9ad75c28,train,1
2022-05-28 10_56_55-Meningioma _ Radiology Case _ Radiopaedia.org - Opera.jpg,Meningioma T2,7ccd05f647dc9be0bf19e66f2f37e9919041c5cfc7839c58c67ac125a7ee5131,train,1
2022-05-30 13_13_31-Meningioma _ Radiology Case _ Radiopaedia.org - Opera.jpg,Meningioma T2,9924e371e3b39396c9231d4b94b74b58b50cfaaa6c0578f8f844f085cbb2bc30,train,1
cf901309d3ad94c196f784b599903e_big_gallery.jpeg,Meningioma T2,d953be94153eb621c90c0033e5cb645102660bffcf7c6f54ad9ef9425d5b4efb,train,1
cc1506b643d85fe785c300c0efa9e1_big_gallery.jpeg,Meningioma T2,eeec4510ce3d67546fa3a8bed90ab1ab7b5e63ac7f30ff5200b9af2cbf96e189,train,1
41b583cce86f9f2fdcbb6cc6bba4c7_big_gallery.jpeg,Meningioma T2,cfa1b5cbca21e776752056bab0f7afbc3be49da7e5d5e693cfc07efc81e85cd1,train,1
2022-05-30 15_23_07-Meningioma _ Radiology Case _ Radiopaedia.org - Opera.jpg,Meningioma T2,6663481948f5dec76ca79dbe2c5b78dc2ebfbbafbe488748eca63c9d07b40fd7,train,1
2022-05-30 15_36_26-Suprasellar meningioma _ Radiology Case _ Radiopaedia.org - Opera.jpg,Meningioma T2,3e0f2a1e263e807d5443566cf476201b5d27de4d6a416974cdea358520f89bdf,train,1
db622542693e6ba8ae91949ce52998_big_gallery.jpeg,Meningioma T2,4fbce268c6c39beac52dbd0555d68d08a6876a4b59b7869bb000c60837ba0171,train,1
eda8614983fa13457b1378a8cc822f_big_gallery.jpeg,Meningioma T2,ea460c8b460fe0e945fbec4d3ad5e0d09890b33af0240f504ee1f5971f845b08,train,1
f24a769bdb4b5664731b482243a6ad_big_gallery.jpeg,Meningioma T2,7ba9acfe1d4ba61e99db9191937fb5a2d6122242b8cb3ff25d85110d2238294c,train,1
2022-05-30 15_19_53-Angiomatous meningioma _ Radiology Case _ Radiopaedia.org - Opera.jpg,Meningioma T2,a708468ed3802b735f15c52c637cbbd3b435210a66241a77839cce0277e9cc0e,train,1
d6fd5825b5bbba0541e0ae0fa51e53_big_gallery.jpeg,Meningioma T2,2bde36a5a86540f07f43127fcdfb646f7cb1f9ab2bf40cecfda4dd0c689b3791,train,1
2022-05-31 15_34_26-Meningioma _ Radiology Case _ Radiopaedia.org - Opera.jpg,Meningioma T2,7cf156f170f81b486e2dcccd3daeb36ef22b4595029fba18111a1a4ee31256a1,train,1
2022-05-28 10_56_53-Meningioma _ Radiology Case _ Radiopaedia.org - Opera.jpg,Meningioma T2,6eefaef73d02991824a785c961c85358fa75290072a0d2c1559aefee3b5e8a7b,train,1
2022-05-30 15_19_52-Angiomatous meningioma _ Radiology Case _ Radiopaedia.org - Opera.jpg,Meningioma T2,14d4c0ce86746fa4253b3f970515280b1f1481e608c38386a7139fe5499bc3a2,train,1
683d03c9cc8d90a85d1530d18fbfe3_big_gallery.jpg,Meningioma T2,a61feae908b6df8767bd761b8d3e8e415c5958689dd5148f4b0912fe44eb5fab,train,1
2022-05-30 13_21_29-Meningioma _ Radiology Case _ Radiopaedia.org - Opera.jpg,Meningioma T2,d4e3ebc0ab255b290fbb7351cf4345643d6fb468b6a7c1235486ad38e094cad2,train,1
2022-05-31 15_31_22-Meningioma _ Radiology Case _ Radiopaedia.org - Opera.jpg,Meningioma T2,48ca4d1502044cc0a455219519e3d35192acc3a4254a8354db771eb3951b6a34,train,1
088916d8d9dd0d06a87d022480158a_big_gallery.jpeg,Meningioma T2,f27289f5ee59c94ec8e5695ea531099a39283d55f4982d9f6e2d6ff585db5020,train,1
2022-05-30 16_49_13-Angiomatous meningioma _ Radiology Case _ Radiopaedia.org - Opera.jpg,Meningioma T2,f30e1f1c5e4ed77718d124ea1cbd844080ce68faf2e8ea3451465df9dcb701ae,train,1
2022-05-30 17_01_46-Intraventricular meningioma _ Radiology Case _ Radiopaedia.org - Opera.jpg,Meningioma T2,818fdbf5ef57a669233f421dc381b59d67c0c076f0efc6134ab12dc1c2340c7c,train,2
2022-05-30 16_56_31-Angiomatous meningioma _ Radiology Case _ Radiopaedia.org - Opera.jpg,Meningioma T2,241bac389af7cc6964b8af940f6ebdedba9398935a0df5b061608ddc69bd2cca,train,1
39dbac979f48201f02ba2e453d1c5e_big_gallery.jpeg,Meningioma T2,7536078c16173287370fdea0025009b83817e289e2d9d1c1743d9621437a3268,train,1
2022-05-30 15_23_06-Meningioma _ Radiology Case _ Radiopaedia.org - Opera.jpg,Meningioma T2,98420fe5ab340730965a358a759a4f5a6d1910c018729c4b25e3fe0cbd9d2007,train,1
2022-05-28 11_02_19-Meningioma _ Radiology Case _ Radiopaedia.org - Opera.jpg,Meningioma T2,1102122bc18a63ef8407e85dd74d5fbfb6c1c9658a34c078374aaa4cdc3bf7e3,train,1
a2cc221d7fdc9a820692b2c43ea29f_big_gallery.jpeg,Meningioma T2,b79da2212b3025baf7476eec29f3a31d7264a673aab8e51cf9fc4048a082f815,train,1
2022-05-30 16_59_40-Intraventricular meningioma _ Radiology Case _ Radiopaedia.org - Opera.jpg,Meningioma T2,c6537818d6e7066168f347fdaeb1a5e688dff635624bc0b9fd4e56d66cec3134,train,1
2022-05-30 17_01_50-Intraventricular meningioma _ Radiology Case _ Radiopaedia.org - Opera.jpg,Meningioma T2,a71316f8a76391c17b1ab6f90584048c1ed33f4653dc2f19f18503bbbcce9a09,train,2
f12997b4b6019854e2f3c723fdec01_big_gallery.jpeg,Meningioma T2,8ca433a8d5f025d54ff9cbe2c3c686dc29af75da5a5b77b74cd814eea34f1cfd,train,1
2022-05-30 15_11_08-Atypical meningioma _ Radiology Case _ Radiopaedia.org - Opera.jpg,Meningioma T2,87a005439f2087841598644be25b1328bda636daa86f96a343169243c9d7c4af,train,1
2022-05-30 15_16_04-Meningothelial meningioma _ Radiology Case _ Radiopaedia.org - Opera.jpg,Meningioma T2,2fffa6f10fdc1861916b227bbad0aa20d74d554091d0db998063c58126170d9c,train,1
603e3c9bf53519adbc9dacc6b9bf53_big_gallery.jpeg,Meningioma T2,0f942c18703140e4424712930acdf792a222bf1c81c7df245f5210606679bd6b,train,1
2022-05-28 10_46_18-Meningioma _ Radiology Case _ Radiopaedia.org - Opera.jpg,Meningioma T2,50f1a80f3a05daca34d56caf0d595aa076080740e46626c35e8d58c2d51c9c8e,train,1
9fcacfa5a3e71d77119a7659c89055_big_gallery.jpeg,Meningioma T2,4328633756d195b6844d548a2448d8e031368cee4466ec89defc70b8b6f23b6e,train,1
365bf77c474ea8b270ab8cf9a39cd1_big_gallery.jpeg,Meningioma T2,32edabff13db705de7be8d11c2efb0425c1c55fec3a55d0a73916086c84071d8,train,1
2022-05-30 15_36_30-Suprasellar meningioma _ Radiology Case _ Radiopaedia.org - Opera.jpg,Meningioma T2,50ef7470f6dc96c0e4a5dda653429f3e75d3ad55224590dd54a84044869c95f6,train,1
2022-05-28 11_04_27-Meningioma _ Radiology Case _ Radiopaedia.org - Opera.jpg,Meningioma T2,53f163af6bf1a486409cc4c98a89dcc7c415ce3888e37d1482ea3e2d66957fe0,train,1
7aac5280a1222f8f94fd0b6660915e_big_gallery.jpeg,Meningioma T2,bf19365866ce47f5b5740bcb8c0dbefc2e3f76df0960bcbbab07c309df96bed4,train,1
2022-05-30 15_19_51-Angiomatous meningioma _ Radiology Case _ Radiopaedia.org - Opera.jpg,Meningioma T2,25764fc1b5f1d6570e31a4366968e7523e2e46d098ddc740736779f11688f07c,train,1
2022-05-30 15_22_57-Meningioma _ Radiology Case _ Radiopaedia.org - Opera.jpg,Meningioma T2,336f905cd1c66a5e35a265a34d0c96294a64c61b95ac9461abc20d847c7c4217,train,2
2022-05-30 15_11_10-Atypical meningioma _ Radiology Case _ Radiopaedia.org - Opera.jpg,Meningioma T2,c88bba334641a9db472f24f28c23aef1e36ad1ef5378a1de2ecc976758d0f5c7,train,1
1c6fe534a93df73c5131aeaa51bd17_big_gallery.jpeg,Meningioma T2,1fc6f3f25238d88183add75f87802eaa4adff88e6df85a75bd9c3654c3387fd9,train,1
2022-05-31 15_34_30-Meningioma _ Radiology Case _ Radiopaedia.org - Opera.jpg,Meningioma T2,356ca17e07b1ca6e8c03a00a1c1a7828f908bdda73447447033f04950037267f,train,1
2022-05-30 15_26_00-Meningioma _ Radiology Case _ Radiopaedia.org - Opera.jpg,Meningioma T2,0a569fe82ab7b56d4ec1c78ffbcb4d9e7a356f980f27a9845a20ee560c922db7,train,1
b2c00284c8006ddf40e7b9773df2dc_big_gallery.jpeg,Meningioma T2,98cd65e97e1595b767fabe7e30099d0d35747f0ea56ec801271063318429613e,train,1
604918142a5a1a7efea2edd05126f9_big_gallery.jpeg,Meningioma T2,cd90131a47ad27d949b180077777b16d543b3a16ffc650a231e64b8dcf062cca,train,1
2022-05-30 15_26_01-Meningioma _ Radiology Case _ Radiopaedia.org - Opera.jpg,Meningioma T2,0f7cc33622849a10c0d6e0c71333e85285c84acd0668c674727e0d0c1ef8def1,train,1
2022-05-30 15_26_02-Meningioma _ Radiology Case _ Radiopaedia.org - Opera.jpg,Meningioma T2,f8d994aefdacd93e0107d593379d37d7ffdc8927cf484b011467498920503f69,train,1
96c177f11d562f4bdd36bd45493b05_big_gallery.jpeg,Meningioma T2,12efdd0940d92a3133e7549a35de9ca5a221cb6299e3608dc98a6f065c0ecfd1,train,1
a8e99f5c80c74fbaa53a57e2543bed_big_gallery.jpeg,Meningioma T2,f14c4f8a9e48d2a3d1009a6b69a304c0bfd11eb25c1e868d0368c497972ad41d,train,1
2f08dfd49c89a75671039e5445b536_big_gallery.jpeg,Meningioma T2,2bb4a43129f35243f256809a993e824c64b5d0011e5d1a13f974c2df66a67fda,train,1
2022-05-30 17_01_51-Intraventricular meningioma _ Radiology Case _ Radiopaedia.org - Opera.jpg,Meningioma T2,842b265047358cfb2377ee2eb968d340c936eb94f20b1eb095739ab17615d177,train,2
2022-05-30 15_16_11-Meningothelial meningioma _ Radiology Case _ Radiopaedia.org - Opera.jpg,Meningioma T2,7fbcc8d75ffca121dd6e517824d07a6187f556a842cff4bf25896ddfb349eb22,train,1
2022-05-30 16_59_46-Intraventricular meningioma _ Radiology Case _ Radiopaedia.org - Opera.jpg,Meningioma T2,4937773638614f1792de3ce1e52d67d5e695a00252b982d8f14ba35fb692eca0,train,2
2022-05-30 15_11_07-Atypical meningioma _ Radiology Case _ Radiopaedia.org - Opera.jpg,Meningioma T2,f23a046cf2f22e9bb8c97129daa16a03a8e6de8747ec1c81af812da1910897ab,train,1
2022-05-30 16_56_39-Angiomatous meningioma _ Radiology Case _ Radiopaedia.org - Opera.jpg,Meningioma T2,165572b51e81874e49713bec3004b280136ab622cd2a5c0ffe7975fbbbc31fbe,train,1
ba2cd83ec6fc29868e6529ea41d1d0_big_gallery.jpg,Meningioma T2,0881c61c49ba8f5b5def8c5f38d268481d09a0633d9d28533824cbc1538b615b,train,1
2022-05-28 10_56_42-Meningioma _ Radiology Case _ Radiopaedia.org - Opera.jpg,Meningioma T2,bc4cf6c03429aaab41921e7e86d914505010a2dfe23c597f7e38e58d4c3b2896,train,1
360bfbbaa0785d79d06c3a11e2229a_big_gallery.jpeg,Meningioma T2,cadec6e71711ba353aaeb1be659410d9be8f0b23a5122a15e10d0e0236329d75,train,1
201c77f79d85e2fea7b854cb65fae7_big_gallery.jpeg,Meningioma T2,672dfd725e7693594f12cc836330466acc3d8db2eda8b02e8f504502f479622f,train,1
2022-05-31 15_31_11-Meningioma _ Radiology Case _ Radiopaedia.org - Opera.jpg,Meningioma T2,fbf47aa968d827be6e19f8dc8871d0caee5919de0e23f8f6364bf7923b651601,train,1
01f05a1aec2026c602f9673e83929a_big_gallery.jpeg,Meningioma T2,f1d4ae743e0dee217c18df24e40fa49106e70d49de8e83fc27720431101eb169,train,1
e7881efeb7714bc19b8744d7cab625_big_gallery.jpeg,Meningioma T2,b43dfa33e6d05e12008f3d4466cee4d15d13ddf8a5a6ea9c7a441bd7e4fd697e,train,1
2022-05-31 15_42_22-Pineal region meningioma _ Radiology Case _ Radiopaedia.org - Opera.jpg,Meningioma T2,ca78697fbadd2b02812b788c1a95d0b31a8ac29b2a3bdba8e87c0badd50e0225,train,1
2022-05-30 15_19_54-Angiomatous meningioma _ Radiology Case _ Radiopaedia.org - Opera.jpg,Meningioma T2,459c4bed8effb456cb8e2df562543c887f3d5656091307882bd68b2e7e1ad2e3,train,1
e58367941da30ec1c63b94c787fd22_big_gallery.jpg,Meningioma T2,224e46c78a40e7401ee6dbe8d6751cb481327cb370d05a16409e9a36134261e5,train,1
b4e127ec8590ad8d182d49fad21f97_big_gallery.jpeg,Meningioma T2,80a32f16fb32b273729d26484af30c09e96840e3f19e99199bc989a192cd8d0d,train,1
d04252c4a53751e1114e2f5e553889_big_gallery.jpeg,Meningioma T2,2489a3d4a83e9963f94e4b62fb48a35131e3a5bc86b209168f351967b4d68ec3,train,1
a8faf24583e9b09389771824e0ebd5_big_gallery.jpeg,Meningioma T2,d312d2ba843b87450870c82e77b24310d84e17d9d26bd70c3c9cea9a3c6ff636,train,1
a57fa5c87eaf9277fa93a9f15576cb_big_gallery.jpg,Meningioma T2,2ab8872b4dccfd80ae5c09f31151060f02cc9ad533657d614a3d7100a6fab7dc,train,1
471c16fe2bdf089b77695239ec80c2_big_gallery.jpeg,Meningioma T2,86b1424ee50bf4e8c50ddb3154b826b1b1d6116b4e9460d7ca60f7d8a44c2c62,train,1
fadf72dcdc3788572af5ef8a02c455_big_gallery.jpeg,Meningioma T2,3a3fccd6fabd1ff0c110ae2baa76e4895cefdbc2bbbb6bff85c7154c518c8418,train,1
20f654f6a8bb8d149b1a237c218ea4_big_gallery.jpeg,Meningioma T2,07f3dd312c22bbaaa6b1adbfa3230ba3d5959d2b99893a163055dbbb8215cd2c,train,1
171774412777c09eab1b9c34d26d6a_big_gallery.jpeg,Meningioma T2,ec7530e4fc8aad3c1cc62c29c3c5b7b2f30727a9c2cf2631befa38bb8f4d994f,train,1
2022-05-30 15_11_05-Atypical meningioma _ Radiology Case _ Radiopaedia.org - Opera.jpg,Meningioma T2,9bfcd943222fd5917274d534e75bf1ec03100cfb8e1f668b01b0e2a6157abcd2,train,1
f78568f79f83dfbfcc4f7ac410dd73_big_gallery.jpg,Meningioma T2,cc83c5d97a1fd25fcda849c7d05bfdf6347eb797ca1a31bea853023e57733602,train,1
2022-05-30 15_16_15-Meningothelial meningioma _ Radiology Case _ Radiopaedia.org - Opera.jpg,Meningioma T2,066320efbe73383df22ebd2b7e41dfe9e6f859dd474499d61da5debce8c8a809,train,1
IMG-0008-00020_big_gallery.jpeg,Meningioma T2,3be7414883a448873075a926f2929cf307ff86f468efc88928e65744bb7dd905,train,1
2022-05-31 15_34_39-Meningioma _ Radiology Case _ Radiopaedia.org - Opera.jpg,Meningioma T2,9552daca95b2fa6ab818dc305436e61abf1237d0dc6e3d4b4656b20ea0ac5b21,train,1
28daf76b58f9c55ec6a90f6b7becab_big_gallery.jpeg,Meningioma T2,9eabe85191c6f917f6e561b2bac6797ccea61e9af35adc5f6599bcf366453c76,train,1
2022-05-30 17_01_40-Intraventricular meningioma _ Radiology Case _ Radiopaedia.org - Opera.jpg,Meningioma T2,0e7c0df099258079568ed0f3ae095adc158fcae9d888d50c69a1023af67ce9bc,train,1
IMG-0008-00018_big_gallery.jpeg,Meningioma T2,54b2e43b2dfcdd414db4bcfef35b85dcab8f47808b450012674d6732f33d39b9,train,1
15e0f46e8b537905a6a68d197f84b8_big_gallery.jpg,Meningioma T2,d0a51204951856320006bf55f5d408e813fd5c0a91d6c4f227b6a5b4c52a3efe,train,1
IMG-0008-00019_big_gallery.jpeg,Meningioma T2,ad9a8cd7eb4de7f45beb23691741f988eb7f9bc8e7e322d1f080dc84e8e90317,train,1
2022-05-30 15_36_29-Suprasellar meningioma _ Radiology Case _ Radiopaedia.org - Opera.jpg,Meningioma T2,8078aef48b128173a85a99a71bbcddf932cf6d8b7b54040618e63d673392c433,train,1
b330fff11d6426fbac2c67ecc30bf1_big_gallery.jpeg,Meningioma T2,94d4d7dec25da410bac8599e211ec002abeaa9b1207b81ea043edd19212365b1,train,1
6f2562557259e1823a7e8acc8e560d_big_gallery.jpeg,Meningioma T2,09cb0deebc1252d5b4da79c3a117a45c62a52025c54c5dc8b7203bf88b0c87b3,train,1
7a46cf3d89519e5e2052a3d2af0a06_big_gallery.jpeg,Meningioma T2,1f548ebd5a110f0a83b58d4cead6d34a5a446542a668727d7e06afa0fcedebdb,train,1
b554ff05c7ea5d48604d27f31d438e_big_gallery.jpeg,Meningioma T2,c07588303ed24b9556dff9381690f5b773d655e4b354f883d2ab2b3287a4a484,train,1
e50f0cda51e245c244ab841ccbb047_big_gallery.jpeg,Meningioma T2,466495b96181adc1cfcd6abbfd78299b0adf7629501cf5766969215b8aaf64a7,train,1
2022-05-30 15_11_09-Atypical meningioma _ Radiology Case _ Radiopaedia.org - Opera.jpg,Meningioma T2,1b9ab569d1034509b0937f6d6665bc7744aabf432a8f7b816ec5f2f432727683,train,1
7ff5cb76c7ce528807f0be05807209_big_gallery.jpeg,Meningioma T2,b2d09112541d5fd16de84dcc50e76d5e7667f2c8db0c1006d70e1d982d2d5310,train,1
2022-05-30 15_42_04-Atypical meningioma _ Radiology Case _ Radiopaedia.org - Opera.jpg,Meningioma T2,d53631239e16c827976fe8b5086ef951828716e7b5506f03b728666099272b71,train,1
a21c9f36c13e76eb452507bd728638_big_gallery.jpeg,Meningioma T2,8db9194b56fc71fbd43211e670816307955a97253baab7c1f12ac2fc208c372b,train,1
647ff88ab032ca9abb2818db22a647_big_gallery.jpeg,Meningioma T2,6ae2d148bbf9af78d533ee6605cdd25efc46aa2178cfe5684ae3953eadad67f5,train,1
2022-05-30 17_02_05-Intraventricular meningioma _ Radiology Case _ Radiopaedia.org - Opera.jpg,Meningioma T2,ec961d17d312265298f21d60c0929954b85acdad6d121f20e1fbc13e9db20baf,train,1
2022-05-30 16_59_47-Intraventricular meningioma _ Radiology Case _ Radiopaedia.org - Opera.jpg,Meningioma T2,32ea2bd6515d5648c192554333b6c3de451c876d23ce747c2a5061bcd3e65d18,train,2
b30c1034740201ba2b2d673dce4f66_big_gallery.jpg,Meningioma T2,078d6c275b9c3c9f1647fb3165ac83b000798cf549c7c21209e1532393317390,train,1
1f409c5615490a7b71339ed82d7a9d_big_gallery.jpg,Meningioma T2,5b913b0779d9ba588d008c451fcfc8d2af571a539bb0538801f989ef6e19f334,train,1
2022-05-28 11_02_06-Meningioma _ Radiology Case _ Radiopaedia.org - Opera.jpg,Meningioma T2,269e07487a4eaee462e0fd23c9e21e67fc3cd800181973b7c3719000e7a57adb,train,1
ef6f58136b79c039060abc83ddd2d4_big_gallery.jpeg,Meningioma T2,b0512c26cd70baf3b782857620eb2803b4b8f9f9fa6feaac7bccb5d47c100188,train,1
2022-05-30 15_22_52-Meningioma _ Radiology Case _ Radiopaedia.org - Opera.jpg,Meningioma T2,57e2f5867ae41503fe21065364e861e60b46d336d5ce15bc2a990aa22e3803b9,train,1
2022-05-31 15_34_33-Meningioma _ Radiology Case _ Radiopaedia.org - Opera.jpg,Meningioma T2,33a266a44be83cce408e926e2ddb437fbf899b190c6eb484eb0b38ac149c305e,train,1
2022-05-30 15_25_58-Meningioma _ Radiology Case _ Radiopaedia.org - Opera.jpg,Meningioma T2,92c94fc6534a0cd42f1798d032bf64ee8ad8dc0047c35f97c610fe013380fede,train,1
2022-05-28 11_04_23-Meningioma _ Radiology Case _ Radiopaedia.org - Opera.jpg,Meningioma T2,b436a168b7b0789e8ee9edf723b5fa97ec50795f109774845958ffd85030f43d,train,1
2022-05-31 15_34_45-Meningioma _ Radiology Case _ Radiopaedia.org - Opera.jpg,Meningioma T2,3090c7498eb6475ebb585b0bd1f3df53380bfacebf30095c1e4f3a15965644fe,val,1
2022-05-30 15_19_55-Angiomatous meningioma _ Radiology Case _ Radiopaedia.org - Opera.jpg,Meningioma T2,8aa07a113c471ee81e180ecf9a2fdc46f177b472d60be05c50fb05760e957fd5,val,1
cd7737a0e7086f226545f46aa91347_big_gallery.jpeg,Meningioma T2,4b3e8ba3b240682af89ad8938d31026a6e92207b1e5bfd5d65ee9618744888c8,val,1
2022-05-28 11_02_21-Meningioma _ Radiology Case _ Radiopaedia.org - Opera.jpg,Meningioma T2,62ab667e0eb1d4e4304c74651c9ccb80d39499b6c0397fae45ae7a9732679b6d,val,1
427650ea2aad6335110fb58c6fdfee_big_gallery.jpg,Meningioma T2,bb9d0d96011ea60af506e42bc982c75ba454b7009a991fde984f140f72658d49,val,1
2bda126ff82406625f3fc9d9385dba_big_gallery.jpeg,Meningioma T2,7322a644af6d4f9dc8b694a9c3bf7c472c3251262cd7a8a466fb549817fed989,val,1
2022-05-30 16_56_40-Angiomatous meningioma _ Radiology Case _ Radiopaedia.org - Opera.jpg,Meningioma T2,381c7d7cbf1f63e18ee191d2f0ef408f0d9a9cf2a41d11258671c75febf96e90,val,1
2022-05-28 11_04_25-Meningioma _ Radiology Case _ Radiopaedia.org - Opera.jpg,Meningioma T2,80d7c07b053d6b53db04465c81fa61c143cb5cac73d8a7c264f7e19a889845e0,val,1
2022-05-30 17_01_48-Intraventricular meningioma _ Radiology Case _ Radiopaedia.org - Opera.jpg,Meningioma T2,bdd751dcdd7ac5817ce185ac75a9e518dad9ed2f49b52e4fb26ab5b2872b41b5,val,1
2022-05-30 16_49_21-Angiomatous meningioma _ Radiology Case _ Radiopaedia.org - Opera.jpg,Meningioma T2,68589bf1bd8e42b067e7b69aa8709b194d2b720fcf6a4b22312e3ff45201cfc3,val,1
2022-05-30 15_42_02-Atypical meningioma _ Radiology Case _ Radiopaedia.org - Opera.jpg,Meningioma T2,5c98562afb568cbb32729ec78c06ee52d85bdde4a6cf6689cdeefeaca30e1a8e,val,1
2022-05-30 15_41_54-Atypical meningioma _ Radiology Case _ Radiopaedia.org - Opera.jpg,Meningioma T2,67d57d48fcebc7654609d2f90753d69b15f6bc154ea4309a2aaaafab4b8c0996,val,1
2022-05-30 13_13_18-Meningioma _ Radiology Case _ Radiopaedia.org - Opera.jpg,Meningioma T2,829bb5ab407ef928ecd67b2901302fdfb2243c7cb619177b453c3a892d41dcca,val,1
6eb52089454d84b9c5fcdfcdfb5fce_big_gallery.jpeg,Meningioma T2,410218675ddb958c96f1f22b4389a5d1290d43cd8d62dd9b30babc0bff5e83c5,val,1
2022-05-30 16_49_20-Angiomatous meningioma _ Radiology Case _ Radiopaedia.org - Opera.jpg,Meningioma T2,80d0505ea76d918522edd0c71f250379f5d0e97b43794249f316e059d44c0a52,val,1
2022-05-30 15_16_12-Meningothelial meningioma _ Radiology Case _ Radiopaedia.org - Opera.jpg,Meningioma T2,fd55ece30a370a677af900662eab3afd1c7359e2582e7778d85a2182b606b011,val,1
2022-05-31 15_34_42-Meningioma _ Radiology Case _ Radiopaedia.org - Opera.jpg,Meningioma T2,f0da3b8acca96b2e10c1c8a4e3733c2ab845ce148ec1af04f4a365fa1847c85b,val,1
ac7a030e28358f1eb96921656fbbef_big_gallery.jpeg,Meningioma T2,d928a8d557f90fdd1972f6fe6028644a5a83f0728d97a00a83b01a2f488b56fa,val,1
c13041ba5cffe4a3910f7f4874c635_big_gallery.jpeg,Meningioma T2,5419c0cf1f6f8b1c503a50720754bee9baa96c06929387fcea5d49febb1b2d08,val,1
2022-05-31 15_34_22-Meningioma _ Radiology Case _ Radiopaedia.org - Opera.jpg,Meningioma T2,fe063e7961f26c7d358e2f02cb45cecf64fc1336c0d4f787e2709252e685b513,val,1
2022-05-30 13_18_15-Meningioma _ Radiology Case _ Radiopaedia.org - Opera.jpg,Meningioma T2,75b17c345522a74b67e9d05c531c0133acc1dc3c9d66fba7ef18408882263339,val,1
2022-05-28 10_46_16-Meningioma _ Radiology Case _ Radiopaedia.org - Opera.jpg,Meningioma T2,98cd8594777c63b2e2fe5f973c3c2f3db1f5013b74dec67e842a3b52a1f36017,val,1
9db2da6d20d9f9818d35c7b24ccb37_big_gallery.jpg,Meningioma T2,ac5f3a7033c3c6b63cca3a2ef817a433d1008488261097a94e5dc8aca5028885,val,1
2022-05-28 10_56_52-Meningioma _ Radiology Case _ Radiopaedia.org - Opera.jpg,Meningioma T2,4e364834890e4e758b94ba2a9fedd73efebf827a78c6a0ac80819e38c56caf2e,val,1
2022-05-31 15_34_36-Meningioma _ Radiology Case _ Radiopaedia.org - Opera.jpg,Meningioma T2,1590f182d5dd72e14cb740abc5f2d01c277f8d5cac69ddbdd521dc0d58fc79e7,val,1
2022-05-30 15_36_27-Suprasellar meningioma _ Radiology Case _ Radiopaedia.org - Opera.jpg,Meningioma T2,4d78f2e3b1e83f7473b5f146b520c70519532b9cffc9b9ee0f4de99908a3e497,val,1
2022-05-30 17_01_49-Intraventricular meningioma _ Radiology Case _ Radiopaedia.org - Opera.jpg,Meningioma T2,5eabde3d85cc01876fe5d1459c26617670e03bd5cc8c77d16cce4629c595a3cc,val,2
997517fe0b319db9363356e1fd1786_big_gallery.jpeg,Meningioma T2,d6d0cd42e4355fb97627629b3866244bad613cfeb335ec18f84acecfb5bb7432,val,1
2022-05-30 15_19_56-Angiomatous meningioma _ Radiology Case _ Radiopaedia.org - Opera.jpg,Meningioma T2,272030db952bfbb0d1da5e913855c975a47bc48b4da935d42ca151291230e14f,val,1
2022-05-31 15_42_28-Pineal region meningioma _ Radiology Case _ Radiopaedia.org - Opera.jpg,Meningioma T2,ff086277d648619dada8cd5f23aae0d403c18094769f2fb0b5f8b962ddfc12ef,val,1
2022-05-30 15_36_28-Suprasellar meningioma _ Radiology Case _ Radiopaedia.org - Opera.jpg,Meningioma T2,4191b654e37c2261e33a08a38fab77728914b28a7b72cd4f5aefa60928806cd8,val,1
d1768b954149fc3e2d979b057e514e_big_gallery.jpeg,Meningioma T2,935a05a00fdaf3e24bcab20509c2ab1b7f38965b5faf40dbf0b86f83195f7560,val,1
2022-05-30 15_36_25-Suprasellar meningioma _ Radiology Case _ Radiopaedia.org - Opera.jpg,Meningioma T2,d5d193495cb72e9a0a162953a8e3e8f3b008a1106e01cd19e84ded11087878e4,val,1
3aa3a34c0a4f9467296e0849555af6_big_gallery.jpeg,Meningioma T2,acca54c32b68627fcb8b8244ddb95bc8d39f7146dc5dc4f18852341cc82e3fd7,test,1
79eb6dd66b9494ce01a753d331bd70_big_gallery.jpg,Meningioma T2,38060f1818ae764ae1b851c9ef6dea15196192f0440abf2b68f9ed3b2d638509,test,1
25c1b957e20ca14335fe6ef1752892_big_gallery.jpeg,Meningioma T2,0ca4d4e862cb5e8698b8fd691291659eaf62299b5aa6f64faa9a0564e3ef5278,test,1
da128385c956ac6e0b5e433da94758_big_gallery.jpeg,Meningioma T2,3ba69df650e63e8ac5bb9753a47638d498b6d26e7fb86b7773eae7cb4883692c,test,1
7bb28f08373bf5d2b7737ce37dd269_big_gallery.jpeg,Meningioma T2,3db7c2153a13297b85799102e843c9a39b403836502077c3840b37535bc8e5c5,test,1
78a273518f72f34c0ef4962fcd02ee_big_gallery.jpeg,Meningioma T2,397811eb82c9ba0e1bfa97563d7c82f65214ffa6a4f6be8cc146aa6ae9721c26,test,1
2022-05-30 17_02_02-Intraventricular meningioma _ Radiology Case _ Radiopaedia.org - Opera.jpg,Meningioma T2,eb781471306049d438558076953bb2d4676b14ca21ea5cb9fd4f8e3841345d00,test,1
52382c53959ba6f8f2c1a60ca6039e_big_gallery.jpeg,Meningioma T2,3ef19e3c96a11920283751f3d9b3dd7d5d96de8459dc022f293ab0bd0e647785,test,1
c4222b445b4181e5f84ce531ae2453_big_gallery.jpeg,Meningioma T2,77a4a58b741924487c5b7e85837c49457a3a098cb6730c44eca4c5c5d456796b,test,1
2022-05-30 15_16_13-Meningothelial meningioma _ Radiology Case _ Radiopaedia.org - Opera.jpg,Meningioma T2,b349d96d002e4eb3d0f0b4b002732bb2a3da8de3cd7693cbdd4f8b75bd1aefa0,test,1
7f64a02699841a677305ad5dbe4a80_big_gallery.jpeg,Meningioma T2,e8cd645b78d75f26c9dc4739586a46c83145157d10d9465654ef6f48b7a6b8b2,test,1
2022-05-30 15_25_51-Meningioma _ Radiology Case _ Radiopaedia.org - Opera.jpg,Meningioma T2,f6df7bdc78c39618c250484d4a6cb9791e1d7cb40944162453fcb9593002ebd7,test,1
57b7e9f19961a186c402a02dfcc585_big_gallery.jpeg,Meningioma T2,734ab3f5d733dd197b2394ae72127eb8d8b55213c5891bfe06bea321b8502662,test,1
cc087992c74124a708c5e3df4f8ec0_big_gallery.jpeg,Meningioma T2,b526add9a009b7cd6698e663b22cffce73fef5adcd0e164563d079287c4ce2c4,test,1
fd8dbb7d33afd20faef20ed7421198_big_gallery.jpeg,Meningioma T2,1ee8d82bdaa240dbc61bec6e5cb9aff660c74b77bad50066ddffed8ddbc83390,test,1
1e9a1a4330f121d1357ec5f5fbfac1_big_gallery.jpeg,Meningioma T2,602cc8a1d760968e09f0bdc6d4cc5a1c4ff43a7337f65cad1bda8fb8ac483f0c,test,1
2022-05-28 10_56_54-Meningioma _ Radiology Case _ Radiopaedia.org - Opera.jpg,Meningioma T2,7aaedc0d3b2f494c237e42342026bdb06bef5b3af891c6bc835cfaee1e89f5c2,test,1
1734dbfc5361e0a8e347e7ba630369_big_gallery.jpeg,Meningioma T2,06cc81355ddf2b8ec6682093e9b144df8802b00f25d97a3729182d44dccc2c83,test,1
1e551f5cddc1b097a7503e85f81c1f_big_gallery.jpg,Meningioma T2,751eb8807c134bc9f96ef440a513c77cb62d4debe7c4e68049d55ea48f7f47a9,test,1
42e1634b46e1fc8462f01e2c5932cf_big_gallery.jpeg,Meningioma T2,eae38557a659e44987a2d3c37e0f59941023ac51e6bbbab3b3e97d409c7e9b30,test,1
2022-05-30 16_49_19-Angiomatous meningioma _ Radiology Case _ Radiopaedia.org - Opera.jpg,Meningioma T2,0b867e9dabb574b023ae13d187cb9c8c0c50011ade842136be0d39777d0790e6,test,1
6d1227192a25cae60787d4a2a55302_big_gallery.jpeg,Meningioma T2,bbf60821afa71c208d3c71a4911432fc98bc0be4ad104fdc2540d0231a1eb4a3,test,1
a97f65b89d78cf9688ce891e2479d0_big_gallery.jpeg,Meningioma T2,e34a44a9c5444ee4a6594be1253d117142a6a8f74c5f12e5d95e3ea33ecd7b08,test,1
790f215819b276c208893bbbb13743_big_gallery.jpg,Meningioma T2,10b837a4edf7853484e63f14e06727482a24f2af08f118873cd96dc88f1dd528,test,1
867372a4003ffc84eb363d535caf24_big_gallery.jpeg,Meningioma T2,1a357f381a3a5a3cd129d137803fb8408a9a5ad670191809d4676337a901f61f,test,1
fc6b9e2ba3e84379bf975260f6aae5_big_gallery.jpeg,Meningioma T2,c9be3a26b8cb3c43d35f9fedd5bea3dd9cd6adf269d3415afd80cda091ee670a,test,1
2022-05-30 13_13_33-Meningioma _ Radiology Case _ Radiopaedia.org - Opera.jpg,Meningioma T2,133fd72883b45ad59f79444b268000ca6eb1bcd959768eb01dfb3588a1399afe,test,1
588e2e42b1d405662a6ac3d73fe33c_big_gallery.jpeg,Meningioma T2,20bd79a47e62c94636c2ec41874d5f9e4b438ff40714e38665f833b1d615f105,test,1
61d7020b7671f9f077a3a47f969d95_big_gallery.jpeg,Meningioma T2,e98a6ce7c98b33932ca500b54df6b7cf0df543e17e268763507f6f20c5cd5b9b,test,1
2022-05-30 13_21_30-Meningioma _ Radiology Case _ Radiopaedia.org - Opera.jpg,Meningioma T2,0680756aecc19a07364177c3425061d050b88f224c625d9c4ae468544b33c2ff,test,1
7d225a49f51e0a48e7ba38cfa5811e_big_gallery.jpeg,Meningioma T2,844da43ed204b6fb96b20dab52ddb834c21ac9bbb83e4f3900ff60aa6fac9010,test,1
2802edd1acc15712c6428eed398e8b_big_gallery.jpeg,Meningioma T2,014931cec00106224da8c1e04e4de5797073a0eaa5bffe8db23f075f6ee44079,test,1
2022-05-28 10_56_57-Meningioma _ Radiology Case _ Radiopaedia.org - Opera.jpg,Meningioma T2,6ca4ee174933aee4827bd0b7666927d3a0fa7a11439ba08e2e0651c2ce5cf925,test,1
37cad955cb1b4cc3885c6195f93de7_big_gallery.jpeg,Meningioma T2,9b04fd46d786eee566fe5308a9d4bebc0e51e3dc665b18a355bde72b0c9ab5b7,test,1
76a930a2853d7acf19ca9e6b030571_big_gallery.jpeg,Meningioma T2,a303715899035e6b4139152a51201d283785166fdb4d58eab1cc2bd6ba1eb478,test,1
afdabb7c5fb6766d55cd5740e9f82b_big_gallery.jpg,Neurocitoma T1,2f82aa0d770121f8706cda893a30f20fbe33026c7047b6ff5baf6a099a1e480d,train,1
2022-06-06 10_11_10-Window.jpg,Neurocitoma T1,48e4a9543b4ae16df02a60a9b6a32184e19ee5da6294f19d04b5ba5edac7d4d3,train,1
05eab3e0b20676793088f574b9e09b_big_gallery.jpeg,Neurocitoma T1,e2f4db467651229ebd3b55a7cb8aec6fe2aa1f7275b71eb4e148c08c0aa8b6d6,train,1
5398285dd8e1abce87c96bec77d867_big_gallery.jpeg,Neurocitoma T1,616d58ef6f15771b331d92ca6762bc7025fe30dec45db4a0c353d5d3b7213b81,train,1
d45bb1ee405ec2f0b6d6f6fa0176fe_big_gallery.jpeg,Neurocitoma T1,49bd4630102784c0059fe17256cac4f7bbe030e81f19a97802ce1cea50732991,train,1
67e0d1ff2280c69276351619496402_big_gallery.jpeg,Neurocitoma T1,dd6fa2260f712bef0647793601da88d1d88e0a0ee4b9fcf142307b2712c44d44,train,1
T1_AX_096_big_gallery.jpeg,Neurocitoma T1,ee2889779c7deb16b18b61439f9a2998c137fe9ed71579d81d5c64f6784750e2,train,1
9031909cec1c4f39a87b59bd1006f0_big_gallery.jpeg,Neurocitoma T1,d4d3788500bcc06747c38ae6c818781fbeab0cd015f39f05262e7eb7e728da38,train,1
95d1d053b47a8f525efcb4d899a5c1_big_gallery.jpeg,Neurocitoma T1,4647243b955c64f732f34b4646a6da14cde22034cf38a92930dcf02318386da3,train,1
e3d107980bb23825f20db44176325de7e8709d1d9de44491828fb9408ae2470d_big_gallery.jpeg,Neurocitoma T1,856e716ac54fb23fd9a5a9c2161b1411b6678801e12962a4de1ae66042dc0414,train,1
829f43ebbb6d9bab0cab9315562968_big_gallery.jpeg,Neurocitoma T1,909354bf2b7a0af6360a12e6cf3da9a46acc21fa83a9af7d9e9ee65e00382e3c,train,1
b9e2b998e293c73596ac70a908a294_big_gallery.jpeg,Neurocitoma T1,9de285a2595a4a6e53c94249440cc0da8b02cbca8f83bda9758bdc1ba7dd29e7,train,1
52b24b4521f861296fe568a1fe11b7_big_gallery.jpeg,Neurocitoma T1,68f2143119a043395d7f54210b870c00bc3d64813d98d94245cff2357973161b,train,1
2022-06-06 10_11_03-Window.jpg,Neurocitoma T1,354a0183161cff22f99b509170f5a3a22b1a0331b3e89c58615099bf5929d69c,train,1
0c3685195c0e52660a334d97b28b18_big_gallery.jpg,Neurocitoma T1,fcfa64f78e558c493182ca19911123761ea8eb529c3bc26809401174ecdd8dcb,train,1
2022-06-06 10_11_06-Window.jpg,Neurocitoma T1,42d3b6204f8725fabb249e90a749fff3eb7ac03ff3629bd70da4f5b123d71219,train,1
c73c9520a7ef9b44ecdb7399c227ff_big_gallery.jpeg,Neurocitoma T1,a517870d1625d2819603146297153ed4d8231fd4f3129c20f93dc1a65a7969dc,train,1
66f4ae4d0c12bc77472f3062c5687498c7d6ff9221483809f2c0f86560c5996e_big_gallery.jpeg,Neurocitoma T1,5834cb45febe7a94611fb0048d58ba02c1c0d55032c48396dbd9f50fffc5f4a8,train,1
cf77ab9cffb7e3877971ff0865f55d_big_gallery.jpeg,Neurocitoma T1,f9c1dc61605c4d3835a8819e5d4e6eb7c7ce15a151670b4e94c12181dc89107d,train,1
T1_AX_114_big_gallery.jpeg,Neurocitoma T1,3d68cb1813b6221385a8132e08becdd3a5ead10c13eb496d1a21eb900d05fe91,train,1
4fc7074fa3641bc2c69b4970e9d769_big_gallery.jpeg,Neurocitoma T1,009c608f50bb67bc34227de9f527c0101c6ebe1ef04325933f640d097671df6f,train,1
2022-06-06 10_11_16-Window.jpg,Neurocitoma T1,81ee3ddb55c949fc0cca0d796d64b32b0a60e2a92066f382aa32c4be7a0d728c,train,1
10b5be2ecdf87c116822601cd425e1_big_gallery.jpeg,Neurocitoma T1,d3a953dae8d7af36f06ef356ebe9b27b2949b1e7ede263fcca4c895e4207d414,train,1
f4c222532cc1f88ba9dc6529a362ca_big_gallery.jpg,Neurocitoma T1,7b3d7ae22a0ca1be012572138b6ed010e89e68c589cb65c24be2a0937fb19eeb,train,1
T1_AX_107_big_gallery.jpeg,Neurocitoma T1,e61b23fc3916e4e16422e8430b090b0a9aaebd4499694d7fda263a8a0a8d2b7f,train,1
2d1ef555555138ad7391fa14508d32_big_gallery.jpg,Neurocitoma T1,ae2ee5dde1027bac0d7cc76fbd026f19e227e237d985db77dfae0c6f42aed7a0,train,1
002f03bafad9a7e273e104202b9c2d_big_gallery.jpg,Neurocitoma T1,13c15f19ee4b4b79e89dad79388e0dbe14724860f8751edd1232b7e22e6ebed0,train,1
b32aea4f6d59b29140e2c3cc0cfc1f_big_gallery.jpeg,Neurocitoma T1,d5df09b60537343247eacbde1e13c5aaffa349acea8bd112ac707d779fc52ac0,train,1
T1_AX_119_big_gallery.jpeg,Neurocitoma T1,35c13de5f02422516692cb482cac0624406dc1a5774d3446e2b475885f7cc9a1,train,1
T1_AX_091_big_gallery.jpeg,Neurocitoma T1,efa5146b15b3f521fa55c2e1724416d847813281e809d0294792739deca1ab69,train,1
a56500b3bbfc0555b15d2780fff093_big_gallery.jpeg,Neurocitoma T1,060f832c12dac2a198f49c9a518cd726a38728da3cd3a6a86deb727625718d2e,train,1
1a3a61ae74aee4ec610fc030e02ac460f74b70b720dabb47edaf973355ee7c0a_big_gallery.jpeg,Neurocitoma T1,c4b270ec9d48fb02877f65e9b3792f4368aac37909cbbc02b35d761c6d9246b8,train,1
03b065d45fb249a409a2a49c7f3813_big_gallery.jpeg,Neurocitoma T1,2d5e74ed5a101b7196305579f5fc1b3be2ea14d7bda6403782e4891cff42a843,train,1
c26e4eeb39d522dd17dab839a2511e_big_gallery.jpg,Neurocitoma T1,05fc7bfd90aa9117689b16cf1dfd0bef523765b6cf3fe8a74b877e6b3fb8af27,train,1
T1_AX_098_big_gallery.jpeg,Neurocitoma T1,159e9c38a59ea5aec874894183dcefa2cd022999b78bd47be97fa2365197dd6a,train,1
6d00eccecefe4bce136161cf6600c5_big_gallery.jpeg,Neurocitoma T1,eee66d3a19411eab030653367f1c14e972947daa70d99e8e6130990ffce10412,train,1
T1_AX_090_big_gallery.jpeg,Neurocitoma T1,8fa6d6f84cfe89bfba9b060fa90f8a1d64f87dc6b318bc3b04e960ad02a2b373,train,1
2022-06-06 10_11_07-Window.jpg,Neurocitoma T1,5d1f174e862c5edef9a7b38d535c6177f2854a93e2f884e3081b90547720008f,train,1
d5b5f8ca557baa219dce8ec9ee5e1a_big_gallery.jpeg,Neurocitoma T1,8949f4941137f07993d90dc66be18bcbcb8370af6b8ffcbdc8c81af5a7b6f1d8,train,1
2022-06-06 10_10_55-Window.jpg,Neurocitoma T1,b5c1a4662514b8736e56750e8569369136cf77afa72b82a30765fca57fa25cbf,train,1
bd588fdd7b02c8adb52f81d6aeece4_big_gallery.jpg,Neurocitoma T1,feb4d87e3cf7d3b5b9c19485043c0b112b82f26b0538140c02d4bbf044297106,train,1
T1_AX_102_big_gallery.jpeg,Neurocitoma T1,f9cb41f6ac5396425fc64cd2f37afc607fd06eeab300ad092828024d43f160e8,train,1
31cb69bdbbcaf0fa5d78a60790155e06632b100715e41e943864bf7a25b1997e_big_gallery.jpeg,Neurocitoma T1,1e6b860a666308a0f699908342b450ae017ed74d6c558fadc17838e8fdfb14d1,train,1
67eb7924d2b313445d2dd997e16cde_big_gallery.jpeg,Neurocitoma T1,25dee3a44d1d82a1a110beeed90f54052218cf9ded0dc85eb740fde667d9ce04,train,1
cb0c4e8aeb6f1463a547bd41332db118a3aa28f8ccce91ecd27c8876c84d2d28_big_gallery.jpeg,Neurocitoma T1,745951288d4aed059be1ae732214443dd80dc3f5e61f9ecaa5179b69619cf4d0,train,1
T1-11_big_gallery.jpeg,Neurocitoma T1,5e8477d3f8b1a8f9bf3532874e21b0b4cf29e42eb3755754bc505219cba5b0f6,train,1
00232c762627857aac0b196c7158eb_big_gallery.jpeg,Neurocitoma T1,385740d3ba47914f255bc3361aec49535df264cf7803cb989e41508a94c3c292,train,1
0f1917b5a05394707527c79b0faf74dfcb46668ceb96974345e5e955f63cde4e_big_gallery.jpeg,Neurocitoma T1,68a8578d0607324ec6039c0231d0f89d417db8f0a0f30f55fc2a16ddbb102925,train,1
T1_AX_110_big_gallery.jpeg,Neurocitoma T1,2ed975f6b5ef5732b06de284c29c0fa96459a8b279a860e16fcb8a1aa83bedce,train,1
6842c7a208ec3d20ee08821f108dfb_big_gallery.jpeg,Neurocitoma T1,3e6dc162364c21c8b9b0cd806566defb2d6fdd372d02b6f027e0bf371b1e0997,train,1
9ec2efb5258b8932e19ff458a1c317_big_gallery.jpeg,Neurocitoma T1,02e9e62693d15358a03e499f84da28233629e761c2065279b464aceb88a1519d,train,1
T1_AX_108_big_gallery.jpeg,Neurocitoma T1,5d3229de936c3438fddc390cd7ad40cecef3221b49750fba06a024100db98887,train,1
2022-06-06 10_11_08-Window.jpg,Neurocitoma T1,4cec75d715d314c9403d5365a868af39651032fde70deffe18cc9806eaaf434a,train,1
T1_AX_117_big_gallery.jpeg,Neurocitoma T1,6e77031fb9e9fb3343007821824cc4782aa950c38260fb4e430084b886c21fd1,train,1
0baeccc84cd18aa26a7ef56e9394e0_big_gallery.jpg,Neurocitoma T1,93b654046842b3654d9c204885fd066fe9959af5890f3569c2107e9b4094f8ef,train,1
T1-09_big_gallery.jpeg,Neurocitoma T1,6ba1e2ccd441337996b2ca7807b06dbd8342b2e28cd8d3520aabe185d3064883,train,1
T1_AX_113_big_gallery.jpeg,Neurocitoma T1,e6854cb347f612b25f59403d9bddb0b719de5417cf9217120a89e867062baaf8,train,1
T1_AX_104_big_gallery.jpeg,Neurocitoma T1,8ed907afff4fbd6e084f62dd9cbbf00254c16b671eac6132aea81ad8540b69b2,train,1
2022-06-06 10_11_01-Window.jpg,Neurocitoma T1,f930895844a9ffe281122288713ddc5eed8334e792618a6268f0d14441ed8b17,train,1
T1_AX_099_big_gallery.jpeg,Neurocitoma T1,fec3c3bc5782bd0b3e93360a92e0fedcc21ccca82bb802a73ab47460b99441ba,train,1
7155a5a4965388db3e34815a955abb_big_gallery.jpeg,Neurocitoma T1,6f5d577b3aebc3bacfff9775ac0b31d4eb3292258eac6c6e0a3124c1e6cc302d,train,1
3b0b42837c675eb9ecab8d0745265d_big_gallery.jpeg,Neurocitoma T1,8c43129a095cb0c78d26893cc4392f668392d024a59cdaf389731a2fa7784f0e,train,1
05e5d1b7be9313fbf742ac3d475982_big_gallery.jpeg,Neurocitoma T1,99e65595fffa1b06b58a402714e7e3a22f3708de265efabf33a7a7bbf279927f,train,1
T1_AX_095_big_gallery.jpeg,Neurocitoma T1,8da47cdd6a35673dfea3c0600fd120d823ee8a466398f52941f29cc7c387aa9c,train,1
2022-06-06 10_11_17-Window.jpg,Neurocitoma T1,93e230113d3a012d3dcd6fae781726a87f917ab19b1a937fad3c5d6237fce926,train,1
2022-06-06 10_11_00-Window.jpg,Neurocitoma T1,0c289a8618381807a51d564cb7bf589a07573d01f2fa4896ed3a15ae591fff30,train,1
2022-06-06 10_11_04-Window.jpg,Neurocitoma T1,c331b27e1d5cecc23155cb3b1445e84e4d1bb5ffeabeba61b7ee65ba2f83ea11,train,1
downloaded_image20211018-1662-19nteko_big_gallery.jpeg,Neurocitoma T1,743bd10147d264bef000ae18a7af348e95acb3815136d4aa7976d503d266cbca,train,1
2022-06-06 10_11_21-Window.jpg,Neurocitoma T1,3dcfd1f50e089899d878b7eb38da1a71cbc5601f4367c20a63e99968a2fff2d8,train,1
T1_AX_111_big_gallery.jpeg,Neurocitoma T1,47141c0db11bb2abc403c447d4490e9033f74dd16f2e809f30576364db8d3797,train,1
2022-06-06 10_11_12-Window.jpg,Neurocitoma T1,b78ba87230973c8aed2510a78e99de156be90ea4071da7087c46ce21668b94e8,train,1
2022-06-06 10_11_14-Window.jpg,Neurocitoma T1,bdf40aec5a7850b3fc25a843688942f1b7d3900ba3a3bcdd9b360ec9bf5e47f4,train,1
ff3cd48e42d97d5930433c11fbf42a_big_gallery.jpeg,Neurocitoma T1,2c903b60437e0a6000b4d526814c654385eac3d8156b06457e7668e3ac50bfd4,train,1
2022-06-06 10_11_19-Window.jpg,Neurocitoma T1,1b98d8cdba2f94e261503ba30d2afcf9cdc322012df7acc40c7ba73b0eb8ebff,train,1
6e0b3cb95ea6c41cfe657cd4192e2d_big_gallery.jpg,Neurocitoma T1,396e8568d0441085ed3e6703d64235435cf63bcac11ab10bcf7f574820428dc5,train,1
d8c9c04a58c1ec47830cba6f3e7c59_big_gallery.jpg,Neurocitoma T1,d391a17456617f33b784b4060c35f8f56f238dd730603ecc793c953ee28ba7f7,train,1
120a10f10b5ebf5d644dd20661312d_big_gallery.jpeg,Neurocitoma T1,8baabe630028ae716efeffca09f0dd892aa475a31428e1f26defcb144ee9acb2,train,1
T1_AX_103_big_gallery.jpeg,Neurocitoma T1,8fa67cda004b82167acc872ddc68bc176cf8c535a20db1b81e52dc625e20326c,train,1
0b17f841885cb4188f1c337ea5d2e03d3ad16c6906bc8b75829903a245dae7b6_big_gallery.jpeg,Neurocitoma T1,f778d34a733c542c2b8dad3dbdfc1d371fe238616b917e1fb21fc18e80fbc5b6,train,1
278cab906af486fa5372d594772919_big_gallery.jpg,Neurocitoma T1,917ef99c740ba91c302af56ef9a60b6cfb9f745e740f8412fa2a3b19a21fd849,train,1
2022-06-06 10_11_05-Window.jpg,Neurocitoma T1,37919b3643e9379d7c7d54ad72b2f735b8421f77faac9767b5eb166068c82a22,train,1
T1-10_big_gallery.jpeg,Neurocitoma T1,6af34534dc7439923b72ccbd8458b8a1ce3e952037d8ada179a41f4f60d0c319,train,1
5ba205e46dc4e8d3de9de4f66eeac5_big_gallery.jpeg,Neurocitoma T1,cee2d8561d34aa8be6e813658dd1dd38b988875d6614fb032311b2c015d6a65d,train,1
53403c7cd1f8a02bae26061c556cbb_big_gallery.jpeg,Neurocitoma T1,48c109b1dc81df2c48e4f2280ba5b9d65261bee5822c13984ad6b787fbe2c96d,train,1
T1_AX_109_big_gallery.jpeg,Neurocitoma T1,365a00b279b85f37282abeadc754dd6f69d5d1b1c4becc392ef08c191daa3c75,train,1
c217519c5ba0bdd18758f6e3b5f860_big_gallery.jpg,Neurocitoma T1,6c1b8333e90fd53b00dd3c340e47d8d3f51bcee3a5b782251413e0ff9f30cbfa,train,1
2022-06-06 10_11_02-Window.jpg,Neurocitoma T1,095ad82c211daa84efb855cbe2e075f7f6f0cca685b3d4193ced22ab6be0de81,train,1
T1_AX_089_big_gallery.jpeg,Neurocitoma T1,d109d04adaef13764f463da8a405ddce0e99de5e81148dd6fe3c5032d81310d8,train,1
T1_AX_094_big_gallery.jpeg,Neurocitoma T1,17e1c31e7a460c91478dd8f5945015345c4e369a279cd880a6d6702064b78918,train,1
T1_AX_093_big_gallery.jpeg,Neurocitoma T1,0ac4308e28938fc5c1624660919deb9c54719a492bf67bb119287e4bed4fd22e,train,1
4b39fc5d4236688bf39a7e323b4a77_big_gallery.jpeg,Neurocitoma T1,a6146e931464eebebf177ef257a05db0757bcffcd9dbf1512b405940ae56d9b9,train,1
T1_AX_097_big_gallery.jpeg,Neurocitoma T1,9645b68b865d994ab5ed2f6a2b289647706812abf58b7828e49f3c10ad681a99,val,1
T1_AX_116_big_gallery.jpeg,Neurocitoma T1,88d3b67a5487d32ac5da534ab303fbd47a9e2b3bf095b3332d2981b45417be9e,val,1
95051f32163e75f5ee7106fc5e7409_big_gallery.jpeg,Neurocitoma T1,188acced293e0325b81a4fd7be580b6b50ada8d0322467a8f1dd0073a8617e7b,val,1
T1_AX_087_big_gallery.jpeg,Neurocitoma T1,7f76a475435a7df5ac102a9ae9dae3a518c19143a6f93825f7ddb7fcbc7b8cc9,val,1
T1_AX_100_big_gallery.jpeg,Neurocitoma T1,398cc686d4e5530eb34426e32a9e5dad1b514fadd724b49c7b616831085024e4,val,1
2022-06-06 10_11_13-Window.jpg,Neurocitoma T1,b583406a269caa7ffd32a2936e807ed0c164e53c5d5ad193858edd266906bd99,val,1
f510117cf0aad6ac06ed0e425a5f50_big_gallery.jpeg,Neurocitoma T1,3ca66bcc6911262e57562a3e66f5657bb928e5346062c160c09c12ffa7da2ce3,val,1
2678a636bfb62618a39b40b15349237df82f19067fc03b77caa3aac4aa19941d_big_gallery.jpeg,Neurocitoma T1,80ffc6942659305f703e47b9536efbf7243cf1eb48fef67d423236933df5c945,val,1
T1_AX_115_big_gallery.jpeg,Neurocitoma T1,f7315b5db6818831a085057c7086515a1ce8def8113e8b9a39fd1125f413aa8f,val,1
T1_AX_105_big_gallery.jpeg,Neurocitoma T1,b79039af3681ad13c08583753f0337061acf32f392450f15efa78e00a721d5d7,val,1
2022-06-06 10_11_15-Window.jpg,Neurocitoma T1,d05a1db0ec238e54bc0e4648b1c8239ed79aa48fe27b1c3a99de0922780094ac,val,1
29812d600d221c81bd400b32d0b698_big_gallery.jpeg,Neurocitoma T1,43e549ff6193ad054fe03318dfb4007f5a8ba27bc7e45dffe105f32bb3e66395,val,1
ba5b64a6f0fa6e5c5e1fad2e72edb3_big_gallery.jpeg,Neurocitoma T1,b2d906592e096095300a7eef9c27bf166bbc28faf0959fda44eaceaa7c8a6dea,val,1
2022-06-06 10_11_22-Window.jpg,Neurocitoma T1,01276b2df1a66cd691f85093bf006ee31fc5535ca25e3545389d46c36cf36c18,val,1
2022-06-06 10_11_18-Window.jpg,Neurocitoma T1,132b43eac7af1b5e6f174bf6cf19747878806eada78673d286324c80a2566250,val,1
2022-06-06 10_11_11-Window.jpg,Neurocitoma T1,d98a9e8625458abe89a9e0f832e7c31404e8b3495e9aac0d7f635a91d85ee946,val,1
911ad9ff2cfe4565dc93e6dfc70ca98acdef66c8e5fe7ea5b11cb78d96d6e5d7_big_gallery.jpeg,Neurocitoma T1,42f0b0120df6e95f571583b0c3410923b564485ecbc68b26ada74082ceda3b8f,val,1
d3e9c2e6f63aaf040233f09e219cb6_big_gallery.jpg,Neurocitoma T1,934e00a7d295ec946bb20b6d022e11c157674e22361367399613e11a3ba27804,val,1
2022-06-06 10_11_20-Window.jpg,Neurocitoma T1,0022ca677966cb2b959365d3f43a35ab90353c9e58c54dd58c31f57b0915e58e,val,1
f384af943725cc05007819d10ead8b_big_gallery.jpeg,Neurocitoma T1,c6a43f86c7271734053ac9847182515e7a79489d6135e9d3b317baab43ef84b0,test,1
T1_AX_092_big_gallery.jpeg,Neurocitoma T1,54e26079bcdb84dcb52497687d6476687a896ebf5c276ab4c6a71cb8c738de4e,test,1
d903191fd84e36a3b0fb2c42400f18dee7e59b59a57b9fd1b74a8fb0345f868a_big_gallery.jpeg,Neurocitoma T1,967394a2d2762d3df3ca460a7d605fff6ff7e420dd2d55e42ebb7f84d3042cfe,test,1
f119acc12de9380a6765d65eeb8dce_big_gallery.jpg,Neurocitoma T1,60bdab6ced55ec46af1b823cf6237804f31f6a63009a487000cbb6b34efc5353,test,1
T1-08_big_gallery.jpeg,Neurocitoma T1,d7061dfcda65de59f20b654e3a36defa99a838ec485c366c39039dba7a7fe946,test,1
T1_AX_101_big_gallery.jpeg,Neurocitoma T1,0c52a45a480b0f4c27a339223def1440babbc1be016f0153996047d25969801c,test,1
T1_AX_088_big_gallery.jpeg,Neurocitoma T1,a1e9bf72be4313fe459a75e4ffa7aa54fa04843f1f87266dd99604575dffddf9,test,1
e9eafe8c9290f542598002819723bc_big_gallery.jpeg,Neurocitoma T1,54c53ad78b61b952883a6be7affc9c4fa37a323e2f206dbe53ee330126461b04,test,1
4cf24e09d40d138a8ca68f2bffe444_big_gallery.jpeg,Neurocitoma T1,c4bc84e90f72cff7159e21a27751a50ba1b293a3693c05acdfb08282e2bbea82,test,1
b74b6440ec4eb10cc41710c00071dc02ad66e69b2040c0e7fb490ac376351127_big_gallery.jpeg,Neurocitoma T1,46db6f547e2103d6c36086ecb2df28ec559f617276663c19fee4bcd843151ce1,test,1
48839adf4088de136917f1866ea32f_big_gallery.jpeg,Neurocitoma T1,a3937781d8e1d4fb0c73c5895b17a9d38f65e576e3245d1fcdebdf45c6de6253,test,1
b5830b2a6c86e083377cb85b729cab_big_gallery.jpeg,Neurocitoma T1,354bf4e99e31cc7793e1099f76eb56b5e3c1be29275cf7c0de1f2d278cb49221,test,1
T1_AX_106_big_gallery.jpeg,Neurocitoma T1,4d1f94a3714d5f2e3c1b877fee0f8dc95a933d81e0dc83e9e37b8f2e7c38c7f5,test,1
7f1f183e819375d2d68e202f41cee1_big_gallery.jpg,Neurocitoma T1,b775931c8b295222706dd817585e7d59b07952fb66e4da76751933aeb2276e0e,test,1
2022-06-06 10_11_09-Window.jpg,Neurocitoma T1,17ec60c2c41db5b6e2652b87cf45260dc9f72b66e32523af5ba70c1b2c34ae84,test,1
T1_AX_118_big_gallery.jpeg,Neurocitoma T1,6be66e55b86d28f5ad6134226fa577271e9bacea31cfbb220b5de0ff8b4c9202,test,1
2d2b5fe8ac0dd8f842f223fd790fb5_big_gallery.jpeg,Neurocitoma T1,b2f3bd1a128ef6f01d4f9138bab51ab68d2a23c0ed18a3a90771c051214dafad,test,1
T1_AX_086_big_gallery.jpeg,Neurocitoma T1,498d72189594104512a6ae3a087ab8d277643a10ac21095a9cb62a4d5b0cf289,test,1
T1_AX_112_big_gallery.jpeg,Neurocitoma T1,d01b495d7647955ca8c28829da309c77ccb3cd125e0f8194bc0479cbfa9486ef,test,1
de3b028fe1ccb0dcebfb43c97657d194aaef21bb107c29f475a9dcada82847d9_big_gallery.jpeg,Neurocitoma T1,72c8b0c304af564c4e39adc6c5eb6e6bca5adb01d1dad21f0860cad9735ddc3d,test,1
T1_C__AX_110_big_gallery.jpeg,Neurocitoma T1C+,cbb218ddb3f46658b52a6b1d4f9d2ac39d29ce0c88240b5ed01e42826e92f45f,train,1
a36d82c36900750ffcf6a9cdd0cb48_big_gallery.jpeg,Neurocitoma T1C+,aa84785c17b08fc97d42e4e3ba28319b7ae0f0348034df99b00d4ff2056feaf1,train,1
305c28b3ff704a9d602abdfc0f502c_big_gallery.jpeg,Neurocitoma T1C+,f55eb125ecccb5ba4661b71f42ca167652f5c920d195a2e6960beabbc298d28f,train,1
e40faf1fb4707eea0d5b0269bad4d6_big_gallery.jpeg,Neurocitoma T1C+,905f556af407314b313c93bed0992b22ff93ec574c33472f09367557161489f7,train,1
106._big_gallery.jpeg,Neurocitoma T1C+,f2b42fdbc30f15fbb67b7d4cbf7367480a41ec765d75c92819c61c19cf5b04b8,train,1
3591f5e334024d67ea91c64a462db0_big_gallery.jpg,Neurocitoma T1C+,57fa7acac0f64dfeab52bde53debe3afe1a662afbffc7696c401b1d3a030e56d,train,1
2022-06-06 10_27_10-Window.jpg,Neurocitoma T1C+,3b555d263e79da09f12a90ad538be55e6199bb079221079f0e7368475797c04d,train,1
b992bb00fe74b92c230f88b87337ee_big_gallery.jpg,Neurocitoma T1C+,bb2808781b9bd83fc10353d26fa40c75d24221096bb8cfe5e0a5c0c46229311f,train,1
2022-06-06 10_09_10-Window.jpg,Neurocitoma T1C+,09aeb6a9914dab5828e6bc2776fd39d60c4515442628e8c7c5f931c3a0204621,train,1
2617ff39de1033cadb56401ddffd45_big_gallery.jpeg,Neurocitoma T1C+,1962e24a1fabe6b193c9f6dd02dba47b4328e617bc0a8b26ceb4af01478529ab,train,1
2022-06-06 10_09_43-Window.jpg,Neurocitoma T1C+,1eede7f0f6e3f3266f34019c10e7802f12edd6641cc1c0fd86fd3ab482518d56,train,1
C_1-05_big_gallery.jpeg,Neurocitoma T1C+,f84e270f8d5f0bf7b6a811a3a7a0f93fa75b5e0eb29d31ac322455a60e59b274,train,1
15ff01befe2b9df61ee9892b76056a_big_gallery.jpeg,Neurocitoma T1C+,b5525420916803be07e1b0564a9f77bd6d22ffaa2cfb5cb43ada5d8721d7ae72,train,1
2022-06-06 10_27_31-Window.jpg,Neurocitoma T1C+,b33996e858706f4c1f2a007e2ca6aabcb438bb3b93dea451b03265699a137734,train,1
c7b8456f1ef222aa5c3ca9a4147af9_big_gallery.jpeg,Neurocitoma T1C+,476d481f348b3fdbbb5fe9736ae525c12dfe3dade9cfda5a06654daccd2af39b,train,1
2022-06-06 10_09_41-Window.jpg,Neurocitoma T1C+,6127e3e3fd00c41c1d483795429c63430861100c0aea35f6fd2d198ba0eb6d9e,train,1
c6675853b5af6655fa60aa06ed2f0f_big_gallery.jpeg,Neurocitoma T1C+,a312d693b938eaea6bf53c3c4644ce63003ad58ccb96af5931e06e51c4e94310,train,1
2022-06-06 10_09_22-Window.jpg,Neurocitoma T1C+,8418f87d8936ec721ed29a23fd0caff33a165f3ebf80e1699fc48c036b9844e5,train,1
52232e2a3ed055f0d44a355bfbf45e_big_gallery.jpeg,Neurocitoma T1C+,6f08e6ab89283a8bce3815eed543dbf8e3b314c878006a5a55147066a4697326,train,1
T1_C__AX_094_big_gallery.jpeg,Neurocitoma T1C+,ce6ee00bea37b593a038c7010233cb13dd46284c7dea74c54ba9ef0e3b4c6e78,train,1
T1_C__AX_096_big_gallery.jpeg,Neurocitoma T1C+,4772e0cfbe376875492b19136439b1986e838f8894a6591ed15734dcd6f58eae,train,1
116._big_gallery.jpeg,Neurocitoma T1C+,75f1cff25a1c7e6e579640fe6ab86cd40033d1d4e73f78028235aa6a4687ee1f,train,1
940490cc994d9c9fd8b0afb38dca7a26f5af13c52f27eef45a489a4cf3ced48c_big_gallery.jpeg,Neurocitoma T1C+,f3154b99966f5f8f593bb90f78acb3bc3b5a3c1cb76fc7047eafc5b2a2b43068,train,1
T1_C__AX_120_big_gallery.jpeg,Neurocitoma T1C+,6353c4ba9616a3cbddbe0ba8960817a77633aaa50573cb98ebc509f0f03956e0,train,1
2022-06-06 10_27_36-Window.jpg,Neurocitoma T1C+,55021fab2d316a013514fc48ec1cba5de2bd460fdb0c53e8d9362e57b6d36d55,train,1
113._big_gallery.jpeg,Neurocitoma T1C+,626cd45b0f4c36ce67cb39cac24d01b20f1eb4ecb182a280123a3b10bc1043ea,train,1
C_1-07_big_gallery.jpeg,Neurocitoma T1C+,320f53d53fc16c9a90f291131d4906aed2a389ed4fb4950f8bcd553cf90956c3,train,1
2022-06-06 10_27_22-Window.jpg,Neurocitoma T1C+,c68335ca36e134ca0c3d301eb92e47c55d0341b345b83d6c19712af8ef7f832e,train,1
a3ffe7e9be7d99498998c4f11e575b_big_gallery.jpeg,Neurocitoma T1C+,db92925d01d6e94cad8a042872e0c6ca036d7cd10e3404d1605f8ada23638452,train,1
2022-06-06 10_09_40-Window.jpg,Neurocitoma T1C+,97662864a2f0fb3378160377eb0b93ad5ba0fad9608255018da8a95a6d880029,train,1
2022-06-06 10_27_07-Window.jpg,Neurocitoma T1C+,83c1e035d8a50b69b9e4774f21134fdcb92d9e740c750bc63b6fcd549685af73,train,1
2022-06-06 10_27_32-Window.jpg,Neurocitoma T1C+,afc563dab7142fed774cfac2f2072915e6d94ac2a2ef1ee3c6adaa4ca41bd9a9,train,1
c39c5848609c35728dce1834daaac777a29744c43b4eb72d29dbe6125d99513b_big_gallery.jpeg,Neurocitoma T1C+,8035988431fb837b43d94f0982071773425e0764975c94d6fbea7855050060bc,train,1
2022-06-06 10_27_19-Window.jpg,Neurocitoma T1C+,da6f4729fddfc9168a7b5f3331afae964bdd37a4ccb3378654b5eb3c72527e58,train,1
56050c578a2682ec0ca98ab88dda20caa0f01a54139c89011c1e74a6ed28c1ef_big_gallery.jpeg,Neurocitoma T1C+,4985dc322fb269a1c99a88b0043a4ec796c0730c000d57f66dd74aac0335e582,train,1
2022-06-06 10_09_14-Window.jpg,Neurocitoma T1C+,a26386e4e8fe2e023cf8932d9e7274180f25da6e5467b62cc254142145f497c0,train,1
11e9e98224404a47b2da6c2ada9ea6_big_gallery.jpeg,Neurocitoma T1C+,f6bccf680b04ef590f013e40dc7fd6a8b51c7b0db7f4b3e916a33e584c84b775,train,1
2022-06-06 10_27_27-Window.jpg,Neurocitoma T1C+,100f4ac6125c9f4ac5014ab35742d8a00c9859aacec10b097e3d4ca48cf58892,train,1
2022-06-06 10_27_21-Window.jpg,Neurocitoma T1C+,df560226eef56495e13cae2c92a8451a5f57d5cac3e1b4b88d72f218363142e9,train,1
T1_C__AX_116_big_gallery.jpeg,Neurocitoma T1C+,afd00bc656011ba4209e1515ffb1d4e64860b4044f56931c5a6c3b38124fea47,train,1
2022-06-06 10_09_16-Window.jpg,Neurocitoma T1C+,80b4a02b945df638df77fd870391dbbb3ea3b7239eb6a5fabe872ce9b98a55ec,train,1
4e9c70bc08b44ae7c2d2bc2cd207a4_big_gallery.jpeg,Neurocitoma T1C+,9a9f0abd4aed5e36b9adad08a3380efcc9dc4e4983eadf1e910010efefd5dfc4,train,1
bb38c0cde239c937cc5fe08eb39a84_big_gallery.jpeg,Neurocitoma T1C+,cd9e2bfa2e2d4f41a2a6c0b57fddabbdd6f6f4c9b4fdecdda62282b67faacf3b,train,1
2022-06-06 10_27_15-Window.jpg,Neurocitoma T1C+,ebd30705eeef3892aa67bb0667a75db096226a212f9218e4da0515a76a7c9f37,train,1
101._big_gallery.jpeg,Neurocitoma T1C+,3dcf62379197c0a4f60a592404f8ed4d13c6f8475c353fea0ccd468bf6f4d8f3,train,1
2634a71418e0e593908f8b045d0655ffe02bb3735e0b9544ec704f5c81577eee_big_gallery.jpeg,Neurocitoma T1C+,2e85e590638867fa343f342a1fce923035a3cbff3ff664df6f172b6d8f4a3241,train,1
108._big_gallery.jpeg,Neurocitoma T1C+,238fe9b7dd281969a00068fad62252873bf0b98faef7dedd2717f9e7e903faa5,train,1
C_1-04_big_gallery.jpeg,Neurocitoma T1C+,8a8aaa24612aa0ca7ac08566871dcb37c48fc0447e5828a7f5a5d5c7373a9643,train,1
T1_C__AX_109_big_gallery.jpeg,Neurocitoma T1C+,51c30a1e79fb428a4a13a52fc0e997e15031a02be94502f9e0074bec0d822891,train,1
T1_C__AX_108_big_gallery.jpeg,Neurocitoma T1C+,753400563d195a3af56efca8c273baaa5f8dd107b75010e329e180119719d363,train,1
40f7b33b020e9063ad1118ef53cedf5c0485491beae87bad14e26b26cfe4b307_big_gallery.jpeg,Neurocitoma T1C+,e12b983be5196f26e66c72e702986b587552190f06b7dd9acccdbfadbf0f0bbf,train,1
120._big_gallery.jpeg,Neurocitoma T1C+,38a12a0254dd97970ffe8f227833d7eae451ce26352f880772f54ccf51a04ba0,train,1
7e004477fd9a3cff84db63a93a130eaf2b255f85bc8aab07804d28a8d25dbd7c_big_gallery.jpeg,Neurocitoma T1C+,a950f373decc5384648a0035f5a651aaadb87545db9b6444924a66c9a094f73e,train,1
866404d9f3701a582f6baebc7b33da_big_gallery.jpeg,Neurocitoma T1C+,8054ea1fc417aa22e1ab03d686f967010b1647313357eb32bdf2dab917188727,train,1
2022-06-06 10_09_49-Window.jpg,Neurocitoma T1C+,7c692128e48a688a3083e14fd91b4985b5cb71cbe0ec506d534ec37409040097,train,1
T1FatSat-07_big_gallery.jpeg,Neurocitoma T1C+,44aa5948ad3d009cd56de5938b1e6f3b4a71e1c85d82ca0d958bffa9f0a38b83,train,1
d8b7665a145329f30a481b7009067a8f720b927545c97f89f58cf95565e3212e_big_gallery.jpeg,Neurocitoma T1C+,dd0f7985db1ae3841ae4b7e6f5432f32e434bd99018357b0e5eda6fc59da112f,train,1
2022-06-06 10_09_23-Window.jpg,Neurocitoma T1C+,fce85342cf5c4cf9df99884a423bb0c471dea4aa498aeb21b1d2b00eb00bc8eb,train,1
ba6fdea01090c62f32f2711c794234_big_gallery.jpeg,Neurocitoma T1C+,26b487f65de7755a60f7ba3c4e4eae9016634659d7cdcdbd223033b0766916e5,train,1
107._big_gallery.jpeg,Neurocitoma T1C+,5b17e3edfb032864705c39eaadfa91b277ce869b206b76a2a5cedb75ccf813e5,train,1
2022-06-06 10_27_14-Window.jpg,Neurocitoma T1C+,a2303fc91c776aa61fe0b84328f88700672ffc2a1a26ce1fc182781d2e4f55ef,train,1
2022-06-06 10_27_41-Window.jpg,Neurocitoma T1C+,b6372cc26385d017a67ad0411023123839ffcae5f49190e0ce93b31ddb441af8,train,1
e9e2dc6e4e1a6661af9eb151c0c2d6_big_gallery.jpg,Neurocitoma T1C+,33d1df90f7cdc2b0ae1df4c9419769ea6bc8548311c8e98b83de131249d18c21,train,1
b59801ac7a4add84d042e2c573acad_big_gallery.jpeg,Neurocitoma T1C+,7c3fb1f206c7059b2c969a8ca17f33d26b652d7f6d461a02b265099614125180,train,1
125._big_gallery.jpeg,Neurocitoma T1C+,9fef708ae26788de8da4a679551018cbe22706b8ddf95f7fd850b59f68508f1d,train,1
6c111b43099cac5e55f62eed0c30596963c4ed91cd420b2e03cf613bec76dce6_big_gallery.jpeg,Neurocitoma T1C+,61d50ff3bb19a45496d41cdc36cdda0c5517ecba1e46f0922a695834da864ed2,train,1
db1720370b5ec58681f400f5aa972f_big_gallery.jpeg,Neurocitoma T1C+,dbc4a645e31fba7e6fe463c88a7c0719b58933b651f58aa929993901935063ed,train,1
ad5acb2085f683a7124031d986e2e3_big_gallery.jpeg,Neurocitoma T1C+,fb219b70f3dbcc22c901072cb91478742faf16aab4c90e159791013a24dc8248,train,1
44d1c23b175b94019e89ce2ff4766ec6f0abf31e63755c91df067b4e7fa0e48e_big_gallery.jpeg,Neurocitoma T1C+,4f9744bb8b9a4859810e9365f5fa9e0a69a616ea0930d5af733fa182be9319c3,train,1
83b659c5c08b379944338a4b5b34e4_big_gallery.jpeg,Neurocitoma T1C+,2792a1077b042cf8c284411b3882d571ad4d18608f5214f07965952617599e9c,train,1
a03e8692a4067057a9defa39d9888389fc13f1bd5767f26968c9b9e3cb6ebde0_big_gallery.jpeg,Neurocitoma T1C+,8daaac9fd698a8ac2ae98989cea0982fbd4086d7be6d01132283b2876c4cc95c,train,1
T1_C__AX_102_big_gallery.jpeg,Neurocitoma T1C+,a84e2848222bde090f6c3b94c7a1bda166d6e859fc62d7b3633073186d25dd53,train,1
92728680192d090bd57e3e73008a22_big_gallery.jpeg,Neurocitoma T1C+,b790e9e166e045ade0234a75724a88c577c888ffb22090d85a16564c6740f512,train,1
68157294393dd062133b813a0abd8b_big_gallery.jpeg,Neurocitoma T1C+,6981554284e6cea2863cce1dab2d8a445d682baae2deabc4041124b1a3aff434,train,1
2022-06-06 10_09_46-Window.jpg,Neurocitoma T1C+,802833f8936f0661cf3f5cd7410733671cb76364cb38c28a745a416ab9610940,train,1
394ef91d7507a3726619cc1906d7e4_big_gallery.jpeg,Neurocitoma T1C+,c02e976fd371d22bd084c4df0ce8a4d3bad4e2eea5a029b224d8f33c080ae02f,train,1
T1_C__AX_115_big_gallery.jpeg,Neurocitoma T1C+,457bfc8d2129e1c93a82e041160fbf9550bd5ed5a1d313e99a8780a7bd836618,train,1
T1_C__AX_113_big_gallery.jpeg,Neurocitoma T1C+,007471a3e5f2a627e57967221e57afe14a2dd975aba4d3b9ea74ee88ff07416a,train,1
90eaad02f53c1467d45bebc4dc95f802e61eaaa03a05cc85cdbbafa91591c455_big_gallery.jpeg,Neurocitoma T1C+,70dff87c8440bf2492d7a363116137b05bbae810f09d0f58dacec6d61866424d,train,1
T1_C__AX_098_big_gallery.jpeg,Neurocitoma T1C+,386b0c8ad6045410f65d24a32c6f3f9884ffd91267b0467a610f31e481a022d4,train,1
2022-06-06 10_27_25-Window.jpg,Neurocitoma T1C+,3597c64c5f77e32f1594f2c5fbb78878a74602ac1bb68c0cd0c234ebd8621115,train,1
2022-06-06 10_27_34-Window.jpg,Neurocitoma T1C+,5dbdd2c81bd4a8cbf624940385e54333c02f2d86207e88ac396dd7393d142b52,train,1
105._big_gallery.jpeg,Neurocitoma T1C+,4d4b9b343bd13ad4d59a960b0627a7e597897b000e0fa823b0e8cb14300ef85d,train,1
ea202fd2fb905b78a8d3bda5c8a917_big_gallery.jpg,Neurocitoma T1C+,c9df8f399b8c77c85a3619295b38024ce1cae7ce66e528629bfb77f64d5127b9,train,1
439deb69de6dff6578a215d53ec0ec4afdf23ebbf193e14696b374ae4c59b0df_big_gallery.jpeg,Neurocitoma T1C+,205ca148fbdfbbb8f894bd05d4f23fc44c0f4b6fe923f041b102d3f4dc56bc51,train,1
2022-06-06 10_09_35-Window.jpg,Neurocitoma T1C+,89c007f90f0545741331237ae04b3f5a6796b43cc2234caa1b2fb565dfde71c5,train,1
2022-06-06 10_09_25-Window.jpg,Neurocitoma T1C+,f95b8101e865d5cb9d140f9f9ea457ab8540301558a29eb1126a4d4375264640,train,1
T1_C__AX_095_big_gallery.jpeg,Neurocitoma T1C+,f1430a225db107ed55da684a5a2afd53a82474001d5e0860770842fb86cac131,train,1
50ab797e0721f4ffd71be027d00b3cfa88f971234bd65acadd923a0636b15d93_big_gallery.jpeg,Neurocitoma T1C+,f14c2c721b0921e287d61c857a2a8b55f9d26a198b42ebafc9e9794aaf5095af,train,1
2022-06-06 10_27_24-Window.jpg,Neurocitoma T1C+,041d34039e46c877c53c4f9a6faa3c0805c05672d253273c1f950cefdacb72b3,train,1
T1_C__AX_092_big_gallery.jpeg,Neurocitoma T1C+,47bc47fd3b597d74fd78622a68fec20d26582865a21e3d58a0118390ee429a3c,train,1
112._big_gallery.jpeg,Neurocitoma T1C+,8135b1ed5cab77b98e7fc4066cb627c0a0ee5fa354884d36d6ff7a4b433632d9,train,1
8bff8d5f53517cfd2ff372dc76169b393fe8eecd1e3b8ffecc5f6274d0cff2b4_big_gallery.jpeg,Neurocitoma T1C+,cdff0eea633e3d70c2ba47376d997465461949d9340bbc5643d41c3f75e3ac74,train,1
T1_C__AX_101_big_gallery.jpeg,Neurocitoma T1C+,e8e4ebe8eb09b140ba5ea63527020cbe668c823eb4bccc74394e400b37e7050b,train,1
2022-06-06 10_09_04-Window.jpg,Neurocitoma T1C+,7a8414cf764ae0cf5621c183b9e45190d0e3c85629c8c44033d8b1332d6dca39,train,1
0c5c700b253c919c8b44278b88c886_big_gallery.jpeg,Neurocitoma T1C+,6528d5d2423773540307655b9c6e838462ea5f251bd63b16ab8d81a746ec5c59,train,1
C_1-09_big_gallery.jpeg,Neurocitoma T1C+,ebc4164c8378886086b67b3c33d0c9c8f11b3a20ae24845b39209926bc9763c4,train,1
2022-06-06 10_27_35-Window.jpg,Neurocitoma T1C+,5b59fa3e406e51b57e09ff38079bb95abced6e68fb0158b1a8b1cdeacb1d9f78,train,1
a7c796b75baf7bb7039a48c1c11bb13fd810c8bfb69034ce5e43628a3c41d7fc_big_gallery.jpeg,Neurocitoma T1C+,9fc7cf7b998a5ea8678a5f29b4ff446a9790d346bef2996d21439da95f79ffba,train,1
2022-06-06 10_09_48-Window.jpg,Neurocitoma T1C+,56fee6652cbd37627c9c4f7dc3732ed181e635b0f4eca7534c2da8053fc581cf,train,1
103._big_gallery.jpeg,Neurocitoma T1C+,b949d46498cb5814ad864d2bd61f26e553f3c77edcf1d68125e6b6e37b9b26eb,train,1
2022-06-06 10_27_23-Window.jpg,Neurocitoma T1C+,f6f0fe799d142e63d46a1622bb2fe08155213822df0db3f0cb9e1fe387e6e9b3,train,1
T1_C__AX_107_big_gallery.jpeg,Neurocitoma T1C+,42d09994a1f06b41e6dacab26bc6201905b0275d5fad21e1db7d279fdee9d98c,train,1
2022-06-06 10_09_32-Window.jpg,Neurocitoma T1C+,124ed57b469b457e3854f6e2569ba477e475afe359833351e8299adb89f195f6,train,1
100._big_gallery.jpeg,Neurocitoma T1C+,dec4115b8d32091537ddcb50786a59ad0d98327fa0b6f41ee4b8eeed73b9ea56,train,1
104._big_gallery.jpeg,Neurocitoma T1C+,59aba9ce9077f92db35fa05940f4695f51161f4a6a142f33b3e62328b3d4d8d9,train,1
2022-06-06 10_27_08-Window.jpg,Neurocitoma T1C+,5dbebbbfd7c63bb2a1cffbba0c54d5c25ccb4aefff754a0331fca2cc538b035e,train,1
121._big_gallery.jpeg,Neurocitoma T1C+,fa6c83fbfda0a8d21cc635edd1c8bada23efdf78003bad4e9b1edb14b165b8b6,train,1
T1_C__AX_106_big_gallery.jpeg,Neurocitoma T1C+,b0496d8bb1e74698576d28a29589c283c06dc25edce726237bb48057ccb9f4f2,train,1
001280f001b71d3bdda18ca168b727_big_gallery.jpeg,Neurocitoma T1C+,6640de5bb5f4d8ea0e5e3c3ee53b199abc5a89678673b9718f302240641cea17,train,1
2022-06-06 10_27_40-Window.jpg,Neurocitoma T1C+,da4c274a54e15c737093a8e180b4a4faeebedcd03ae91ba9d3223941568ec6f4,train,1
1558bf2f283966e0fc34077a5be20de9cafd81e4264b790297df28aab2bd9f24_big_gallery.jpeg,Neurocitoma T1C+,69432b64d7dbddb7bf1a3533fabbe1c710448a86bf745c4e290e348edf73cc32,train,1
2022-06-06 10_09_27-Window.jpg,Neurocitoma T1C+,c79a59ec5241f16637c0fbae414aab2fb1456a62e3c94293ba50ff193601d13b,train,1
T1_C__AX_118_big_gallery.jpeg,Neurocitoma T1C+,1e4bcff50fc1d2d672d701f9520d5ca119de5879f6494ba342f81d6af7d507f2,train,1
T1_C__AX_111_big_gallery.jpeg,Neurocitoma T1C+,d90bba5bfdcc02afcda8cfd4667e7c0b336e11bacf87cc6457f1754f5f50f9b7,train,1
b577fb6a2d94ce62b42ee688802452_big_gallery.jpeg,Neurocitoma T1C+,95df9dbe93ee70dddf2c5fb5125a0b4455434dacf911ba4f89d56a332fa7b675,train,1
T1_C__AX_097_big_gallery.jpeg,Neurocitoma T1C+,336a78d031fb365ba05e7530ea1e93a948b68af01409f74067de4ea7f7141ed6,train,1
T1_C__AX_114_big_gallery.jpeg,Neurocitoma T1C+,5fa5356711be42ce49a2d91fef48d8e02af6d4ff28d0b3a61683ae44052cb504,train,1
2022-06-06 10_09_38-Window.jpg,Neurocitoma T1C+,ee97d7deae4a29b1d2cc722e903a7749008f4daa2a5575eff84629386859a8ad,train,1
2022-06-06 10_09_50-Window.jpg,Neurocitoma T1C+,04ab3d7e9bb9a80f4e49554221d570c6c470a5cf6358e9b3d4a3d6c8a12d5a51,train,1
102._big_gallery.jpeg,Neurocitoma T1C+,47ffb0f4fe6e845ba80799369f0aa3931dc9f095babdfadf37571f47331921f3,train,1
2022-06-06 10_27_00-Window.jpg,Neurocitoma T1C+,57fe5485c780ec350e8a50b8a75062810c2511d1db7057386c90f098be8dfc49,train,1
535891b4beca7935794f119c5e420fba52fb52d7fc48e00a819a53581682fda8_big_gallery.jpeg,Neurocitoma T1C+,45409be2204b20b427e68accc937d64e775d4bd43353607c2b6ddde4ba9f02fa,train,1
2022-06-06 10_09_30-Window.jpg,Neurocitoma T1C+,dfb89515fc6e3f2ea0f3a14ad67779bbbfdb3835a9c985fd970be0305a43d1a6,train,1
T1_C__AX_119_big_gallery.jpeg,Neurocitoma T1C+,16f1752a9274d43ab3d1c467284b5b70e7054d179a8afe21e11a2df8b3a773ac,train,1
111._big_gallery.jpeg,Neurocitoma T1C+,2d990eae2bf7e0da2f725da57817d193345eb04ec7b5b9766b6649e7ccea0292,train,1
2022-06-06 10_09_36-Window.jpg,Neurocitoma T1C+,1af9c7a5dfcf9a6616499f3e92bdf03dc5a782cc2665456e3690c029160dd8ed,train,1
109._big_gallery.jpeg,Neurocitoma T1C+,9bae5d1fe390835dd1743faa9b679ebaea1428e1c783d1eeb94d8300d3a4c6b0,train,1
9f1209ea1335ca7ec3cdf83a7f1e31234445ee0ce5a7d647f71ecfff15301f66_big_gallery.jpeg,Neurocitoma T1C+,044bd5eaa2be78fb32b7e6719963db1583c265098926ce61ec1a7d63fd021013,train,1
118._big_gallery.jpeg,Neurocitoma T1C+,929809f8fb5c65fe1bc28af9e028d5c5259b64c50c0b18b914082699dcb118f2,train,1
523ae8a55ac97b57013111928527cbb8fd7eed0a5a2e64f49733bb0165940df0_big_gallery.jpeg,Neurocitoma T1C+,a80d95a811498816261d6a7398629359de0232273fd6d1b65bfa7e11b5fc48f1,train,1
2022-06-06 10_09_29-Window.jpg,Neurocitoma T1C+,de3bf29feda8960fea317fc92133ab5932f59512c389724978c92b11696db38e,train,1
123._big_gallery.jpeg,Neurocitoma T1C+,43aeb68cf4d89e66a0d20954a977754ef32e3c29d021f1200186959eea0fc0f4,train,1
3e4a8037881f8913c81cd64d5c7ec2_big_gallery.jpeg,Neurocitoma T1C+,05d8da46f2bfe4ca67878849ccd99f354d2d92d1de1cb8401cefbc17dac6a558,train,1
6ed1525a98da86eb15e55dc85a38f0b871e6b399d0f4a46b81d780df65764190_big_gallery.jpeg,Neurocitoma T1C+,ec1d99c72d657d671974528e5bd68f564ff276e728f77b7f9ff0e674795e3f80,train,1
T1_C__AX_100_big_gallery.jpeg,Neurocitoma T1C+,58e661e4b83e21bfe20a30b41530d56059fa39afb6c2e5a36a9624b151afb442,train,1
2022-06-06 10_09_15-Window.jpg,Neurocitoma T1C+,c139d42b302b944c5aa1b5d9c48fbfade30f920afbb50736b7fe4e3df4a1aaa1,train,1
2022-06-06 10_09_11-Window.jpg,Neurocitoma T1C+,e79479cf20b6ad554ce820a384b5828ca6bdaeadf868895e9311b2150af00cad,train,1
a5499bf8ec8dee529db20b3b375aae8f8fe1039ae8017363710409749eefb0f6_big_gallery.jpeg,Neurocitoma T1C+,3983f858977a500c825e3fef250879eea46e430bd4d67ef343b0d31a3ba7824a,train,1
2022-06-06 10_09_28-Window.jpg,Neurocitoma T1C+,b738797ac18a6669057169ebeadbb41769e2c5489a2cce27d5e0e11512de6801,train,1
66795e2fc6404c923966fd4f901139c103b38426520714e790dbd86e518a1e2d_big_gallery.jpeg,Neurocitoma T1C+,ca94e8e250d8a8fea35f0dea99a06da14f2decbc2b986e7933c143ba08f60830,train,1
a82f002cf7340c0ef91570bc57d32a_big_gallery.jpg,Neurocitoma T1C+,bc6236f862191585e3ac11f1965953c6cc42fc9b62a4308c2fb1d651a34dd958,train,1
d06b66d192c3c8ab75f3bcc02dcb71a75bde39a9c449ab9ff85980533b983fa8_big_gallery.jpeg,Neurocitoma T1C+,81a68593dd7c541a59565d45ed488633a7360479011b3b716c7efb3be202469d,train,1
122._big_gallery.jpeg,Neurocitoma T1C+,58a12d4b7d3c0a67a2f54dddfc8c98bd696fb9adb1ba0e664c9513b8ba0ac876,train,1
114._big_gallery.jpeg,Neurocitoma T1C+,14b902051427ca7cc945f2ceeabcbe4648f9db2498e58434fd4c92de54a98241,train,1
d587a65abf9f6a271bdc1e820e46c4_big_gallery.jpeg,Neurocitoma T1C+,f63d90d0a9d3ef68b0f0b9c4ad0caa22b2437cae1bbba205cf03b791687859e9,train,1
7bbb01ff2a127f1bb498b975dca46bf5a5ec9371cb9edfed021972dbd4543fba_big_gallery.jpeg,Neurocitoma T1C+,55f0e49d659b920af3cfbb926301b7ff922e06522528d145c31bfa6060577a58,train,1
f75aab0262f6dedaa1bfb5ea1d17b2_big_gallery.jpeg,Neurocitoma T1C+,50b78c2bed3aff225f0a54f2f0261dc88652c7b0368b0021d17a1a076a53ecbb,train,1
7a6636ddef4bd770aa2a64a832a00a6403bc19f36cdf8a8f486a42e79aaf7d7a_big_gallery.jpeg,Neurocitoma T1C+,42b66a837bd90bc82101211aec3ce34c797ff80c1d2b687b777a67d18db0f558,train,1
115._big_gallery.jpeg,Neurocitoma T1C+,c4daea85d8e733b8903cff96167181d917296cb3d78f6f03662f5f3a479c229c,train,1
T1_C__AX_091_big_gallery.jpeg,Neurocitoma T1C+,ee7a55fae59f8ded7a150c1ac45bb31aa4a93d774f735f5af8b136cd42e128d1,train,1
2022-06-06 10_09_33-Window.jpg,Neurocitoma T1C+,8865caf8c7f5b0c2e43f61083b9644c6fbc34f8963813d771ce511f48ba358f2,train,1
8158e465de1880bb2822619770c95c59fbf65766c21e1e8c6ab8a0f13aab9c84_big_gallery.jpeg,Neurocitoma T1C+,6cbbff139b4de0491b0b7916ec7cb4efbb3258a907e93cd2d8f553c49084f7c0,train,1
4cd5445f796de83f493454f1b356e6_big_gallery.jpg,Neurocitoma T1C+,3dcdc5e94c6b69e44d20b148db79da697bf2bf5349bb758fca2d00f2a2a594f4,train,1
8b9987be4c7a40e139a8fbfa2009cd126db157f94e06f115a8acd7e1c58d9281_big_gallery.jpeg,Neurocitoma T1C+,c0a31a05023574a10532bec1f09d7d2e359631f06917500c8b2b5258cfddd118,train,1
242d080b7289899fdd4f29357668fe_big_gallery.jpeg,Neurocitoma T1C+,b0c7aed1a174b1cceca2e3f3f219d79c1a8c2c2b34950429eef73f06c38e18f2,train,1
2022-06-06 10_27_30-Window.jpg,Neurocitoma T1C+,a557d4c471a8ca82016d3d700efc60a8db34685dd89da9cc39f50535411868e3,val,1
a866b1f43242765f7150dbf354d50e1dcfe1c0bb9d9b7978652c9b56270f266d_big_gallery.jpeg,Neurocitoma T1C+,0a85f5b98ebe12008b96bb4d56f4cbc3c5801ffd2e88fb9e7c07129db61fec38,val,1
41883252532cc57c11f2c92dcccff5_big_gallery.jpeg,Neurocitoma T1C+,df55678dcedf7d14d9d0200401a936e8ec6e3eef9934de12f323fae1c526beed,val,1
2022-06-06 10_09_12-Window.jpg,Neurocitoma T1C+,c6f53b2a75d8033a280b8231019929ff4ced0b620062d01fa95c4343b7e42b3f,val,1
T1_C__AX_093_big_gallery.jpeg,Neurocitoma T1C+,b5697b566634e762f4aee5817ec70a6b8e7fcd2132ec7ebb62811c2f439d196b,val,1
17d3455c106e6ce7e913929e930aa98f9cc711d8288b7dade1db5a343c90644b_big_gallery.jpeg,Neurocitoma T1C+,47df25be6027999fcf5f4a389038218608f348f412675466d5998c49743a09fa,val,1
d5942b6c882ca99bdd6f19951e4f3b_big_gallery.jpeg,Neurocitoma T1C+,e2c811f976a437096c72d0007691813faf67a4cb4a3e9359112901d20865f5f7,val,1
2022-06-06 10_09_34-Window.jpg,Neurocitoma T1C+,ab0dff4dd0a50ec3624bbfc12129ed20a565bf8c16d5c3c859b48f58019422a3,val,1
ac79202922c900905e5e448688fa71_big_gallery.jpeg,Neurocitoma T1C+,9de1a09324f39c5f705a3191d7d175ec7df0755b0ecbc6772199950feda11eab,val,1
2022-06-06 10_27_28-Window.jpg,Neurocitoma T1C+,f8c6bbb3faa60feddeb4a3f2485f23ec503fafbd1d8d7ca12ae0e3fa41005457,val,1
T1_C__AX_112_big_gallery.jpeg,Neurocitoma T1C+,e976eff4c56c5bdde66b86af256526fc5da86be2a2ef3cfe3a10c6dc1e6d2895,val,1
T1_C__AX_105_big_gallery.jpeg,Neurocitoma T1C+,2a09dfc0db0aed1cbbacb6cd7dad64fad6994bacc70f5035ac815ae41e2adb74,val,1
C_1-06_big_gallery.jpeg,Neurocitoma T1C+,a09342361e1971182ed4025bff91165fec5facea52ee04be8fe8d9bb3e834363,val,1
2022-06-06 10_27_13-Window.jpg,Neurocitoma T1C+,3ea51120ebafb3e643b408d91be8bc6acb1293e3a4c435d2b7bca02a11727939,val,1
5b426a9196261cab3978154e5a13dc_big_gallery.jpeg,Neurocitoma T1C+,00e573bcbeab49f0cc8dcc2700dd754c35950b84e8bb0ed92ce371d3bd0d3c62,val,1
T1_C__AX_104_big_gallery.jpeg,Neurocitoma T1C+,7c9f121baef2052e2975b832c42c2253b9ff1a1707717717d19e2dc81b9d813f,val,1
2022-06-06 10_09_13-Window.jpg,Neurocitoma T1C+,d84a90ed7f344eb59fc2dc38ae15e9ccf8055fea9b33f177aefc90bbce33e097,val,1
2022-06-06 10_27_12-Window.jpg,Neurocitoma T1C+,c41a57c84ea9c536f2ad1b0f1e2b1184e14d9dce2234f5c8bd739576dee06738,val,1
4a57f7e9df4a0389b0ee21f31f90759bb1415194fe0baac7c94e05d606db2c2d_big_gallery.jpeg,Neurocitoma T1C+,5433e35e71c800bba37a9ceb419090590b73b887ef7737b9d7fa7fca70947ba2,val,1
124._big_gallery.jpeg,Neurocitoma T1C+,f853d291bcbc452ff2bf837e0eaaa78885517cebc480c0ed538d6b8741640b6d,val,1
cc0d59c55184d17ef468e9c230ff99_big_gallery.jpeg,Neurocitoma T1C+,f0a51a6235f5ab6bdaab50a6df85811f85d1e399e24d9c34fb3b71d6c8e762c5,val,1
110._big_gallery.jpeg,Neurocitoma T1C+,40e64b07115cffd3da905ff7c98446ae98bbbeadfa93b974aa78d7e8b16cbc10,val,1
f7916c6149ec07fb7438072752c7d4a046063b916881f867f325d91f17353a8c_big_gallery.jpeg,Neurocitoma T1C+,01c3337106ba3ed665cdc6fe2c5bcf7282267eaf8610b97808e1849f1abb49d5,val,1
C_1-08_big_gallery.jpeg,Neurocitoma T1C+,2e498bb520484435a3d515f7911d4af2592fd505b6cfbd237d8da55516242248,val,1
2022-06-06 10_27_26-Window.jpg,Neurocitoma T1C+,9c9892f7f6b42c9948ee9b321224cdd33fddbd88a0c2bba3578d5707e6947a0e,val,1
c39fc1a33bdfc913b884ad92725853_big_gallery.jpeg,Neurocitoma T1C+,f5d94c6d1bbdbb069c6a7ae285c51894ca6b342fd5787f810fc9d7c86c3ce6e0,val,1
T1FatSat-08_big_gallery.jpeg,Neurocitoma T1C+,3134d923ecbacbe1d737b4599a192b92ca32ff25776e91a3e31504dea2e8fd9e,val,1
04f54c96b4810af92fac00a8d3ab8a_big_gallery.jpeg,Neurocitoma T1C+,1c19b8b8fb1c97ec7c94b2424733c16c61c590ff57a49db2d4627143c496a837,val,1
9aa4e5bd2679f904a7e8efe8506f72_big_gallery.jpeg,Neurocitoma T1C+,9b10e75a0d36835c46d7c59ee9d8efbd6a9a3225469c3a54dee8ff66be11e804,val,1
a042ee30142f92d57d06d7b950ec486d0f9447d1212a5e3907a6fd0b68699ef1_big_gallery.jpeg,Neurocitoma T1C+,c1ad6ae152cc3af0f4621c456ac30fe9ae094aea6c78507c649623b57e796f4f,val,1
2022-06-06 10_27_11-Window.jpg,Neurocitoma T1C+,09d6fdf6ac3f25019dd408d2a86f9c01280d30fa7d4e1d2f85a8d483c650c429,val,1
2022-06-06 10_27_18-Window.jpg,Neurocitoma T1C+,3fda1663ed0744002b24ff590a4c39fa1c834321760fac9da58b46443ac1fe0f,val,1
2022-06-06 10_09_47-Window.jpg,Neurocitoma T1C+,5fb1cee707e4d4c865e6e8511ae768e116ede4783b523d9618ff56c42b893a03,val,1
3f04323a9ed5e3e6e8c0ffb5e7082c_big_gallery.jpeg,Neurocitoma T1C+,87bb01cb7e382492c01b497f82376a1af2a3fd150f16fd26258b147c54a9e582,test,1
2022-06-06 10_09_39-Window.jpg,Neurocitoma T1C+,7e48b1f88af9bb8ee3f0e9bd777048bdf160da5e68e4707e9bec697f3681c0bf,test,1
2022-06-06 10_27_33-Window.jpg,Neurocitoma T1C+,e52b8f52de6c4eceb04ccb80b3a28b76973c49f9339e62d980bc78ed20ae1a14,test,1
2022-06-06 10_09_45-Window.jpg,Neurocitoma T1C+,a9554bd9e26de287c30462a645f7d60ba6dabac93ce662f861f1da077ec8544e,test,1
020869c16a505ae2aa04236636418a_big_gallery.jpeg,Neurocitoma T1C+,d94784185c0fb00f2f54367e920620f14e45ee1d7c92c87185ace2b495faf667,test,1
2022-06-06 10_09_42-Window.jpg,Neurocitoma T1C+,cf9a59409368b4c595c76de618206041bf06d39a8a1b3f0020bdc700e4af2794,test,1
2022-06-06 10_27_16-Window.jpg,Neurocitoma T1C+,b0372937923b090a9ad18c1e33e678f5bb8afdd2e52768c16452f041308b527f,test,1
4f58f170a189eee8101ff0498fbdf0_big_gallery.jpeg,Neurocitoma T1C+,10db29707543f4bb2c16d273969419281b33a3acc23f80446078640d164d23f0,test,1
180b35f41be66b62ee56719926fdcc_big_gallery.jpeg,Neurocitoma T1C+,1feed59e013662c6eb85733c474b6aa02666f1ed43b18b693eae341f2f47b89c,test,1
T1_C__AX_117_big_gallery.jpeg,Neurocitoma T1C+,800f37f54f13a6e1811085809fcaec6e8d19f08692c3edd243bdd8b788824001,test,1
119._big_gallery.jpeg,Neurocitoma T1C+,05a533b9a3d804073ee6a0d6b95af2f92538118616fb4ccf5ebda00d9da624fd,test,1
cc5dc356eac72de4d28156f7e4d8d207c8e206c03355dfe5aab3c9ee90304ac7_big_gallery.jpeg,Neurocitoma T1C+,7bf0b63410907cf5adeead895b79bbb9d4d3e1163d37fd151342d5fb2dd6ce51,test,1
2022-06-06 10_27_37-Window.jpg,Neurocitoma T1C+,eacb432e1dce99b3101fa859cdc6c2d67a5156fafd4203402d5fa5b1987d177c,test,1
117._big_gallery.jpeg,Neurocitoma T1C+,777e67cfce0581acb311930cd8dce9a445fd3a60195307dcb6de2d2b088f9322,test,1
2022-06-06 10_27_17-Window.jpg,Neurocitoma T1C+,41d4532ddabfc2369ec755452994d069686044515adb179cc67601facb774fa4,test,1
6b4c69aeac0d939222d218fdb1760f_big_gallery.jpeg,Neurocitoma T1C+,f8638d131e8c584b897c398dc2f1caf1d53c2cc433ad98fae6dd900a9c7e80f2,test,1
2a413dc2ef78b26cc8b3108372a4e4_big_gallery.jpeg,Neurocitoma T1C+,6c11c78effeb510c0aedf0271eb5be01283e398373faa1208676f3c557f49814,test,1
2022-06-06 10_27_39-Window.jpg,Neurocitoma T1C+,d8f256e6ac0cf0d65ecd06d5b5b4150f14ba5af42c01da7e3c22ae7328e1e0e1,test,1
ba94b53fef9c16938b7ca4ccdf284b29abfd55f92b6ce48e1a884a22800b0e4d_big_gallery.jpeg,Neurocitoma T1C+,b62e9f313822375a4e1374a9965503959e206314756a668b25150f78bcf361d3,test,1
a8c010b9b375c25e7b0ca21ff867ba4ee9ef5bb0399f0a5eabc2736e648e1f62_big_gallery.jpeg,Neurocitoma T1C+,5ee2193a38f954ca96bf06218ac04c1568c0e098f71567492122da36c0d89298,test,1
2022-06-06 10_09_21-Window.jpg,Neurocitoma T1C+,eac78aef3770a5f69d475cd84d0fd1e43cbc5e469ec5bbbcfbdd9f9bdbb58b84,test,1
2022-06-06 10_09_26-Window.jpg,Neurocitoma T1C+,88a245d31fc36361a5c282e3c18553e6f4e3d0d174bb0149c7601d2fcbfa9150,test,1
T1FatSat-09_big_gallery.jpeg,Neurocitoma T1C+,ba15871c5c7901d810132f75d60fc8fee0359d43e34ed06a70fc173c86788e42,test,1
cf07b5c5c9ac49c851393f3071fc906c7f0ff6792a1d0c2f4805f794dafc8f28_big_gallery.jpeg,Neurocitoma T1C+,12ec2979d808dd7f6c5f29b29ab7fb03869fe6b108675a9e1e57084bae1a8697,test,1
99._big_gallery.jpeg,Neurocitoma T1C+,f7a2a4e6d0cea4ed89996946a13fdc47b8059424ffb5c76f08c189c4f399cabc,test,1
2022-06-06 10_27_09-Window.jpg,Neurocitoma T1C+,e4fa6c920e1bc4937b311a3acaf88630b6484e7adcec9c65ea4ceec2ece3b11b,test,1
T1_C__AX_099_big_gallery.jpeg,Neurocitoma T1C+,164fe952d18489c3ab1b0c56627565bcb9405876345d6a844c78c41a63fc22d4,test,1
2022-06-06 10_27_20-Window.jpg,Neurocitoma T1C+,178047c04bf2272080ffff48f464065aaede3ef9d4082f0e07faf8e5836970a5,test,1
f4d2b12494fb2671cfa389d499028bb5d3ae39a74b4e73d81973fffcf29ee50e_big_gallery.jpeg,Neurocitoma T1C+,830153b24f5d31c7289b8ab14e90ca2b8d2022b6242af27bd7c3fcf026813d1b,test,1
0b99dbaf2f8f234789b231b68a0217_big_gallery.jpeg,Neurocitoma T1C+,ac2d7668363e4697bbdb4f4f9f9b353f89793cfaf02c239e4efcb23a8cc6d495,test,1
2022-06-06 10_09_24-Window.jpg,Neurocitoma T1C+,f8358a97e66f46ff9478e4caa4089c0c78e029bab62a3a865be8f211ea1b1783,test,1
da39eaf9dd52ad01d6e00ed916bfe9_big_gallery.jpeg,Neurocitoma T1C+,552667c82af1cc25b28fdfdb097e688976fbffe66f4de88864cf681b823211f5,test,1
2022-06-06 10_09_44-Window.jpg,Neurocitoma T1C+,57725fe521e3dd687072c13aa25b93bda0e7b9871da059c25e58ce4d62081b87,test,1
be2f1b691210fa425fe54b054ff92cdc5c8eddcb407fa98c1e6220cdf3b6c2e5_big_gallery.jpeg,Neurocitoma T1C+,4c0895890c721d968bdaa7d70381af576ece0183d335ea74340542d1a6c60590,test,1
ed2c51f3d3fecb9220090ada67fd43_big_gallery.jpeg,Neurocitoma T2,fdf0febb5f9b24ae2cd3041b33c22d569e5d5c999d1d7ff5ab1e0413c6b62365,train,1
eb237715344f0b5afffd7ad57b35e0_big_gallery.jpg,Neurocitoma T2,dcc6273eedbb0a5d8cac0dbc0c4e4f398541a7b2ae4c2daab347ee76e2571101,train,1
c9381cbfab9a215a0be07f879c9f7d_big_gallery.jpeg,Neurocitoma T2,3958e80a382fccf41b857290ba6a465b3a9dd4bab2687d2e37d5d5715ec66e4b,train,1
794835cd7179d207765aa52a745bd1_big_gallery.jpeg,Neurocitoma T2,c324e4fe3b63591f827b69c9cc4c57095864084083186f185abfff002732b313,train,1
ebff627e232fdda50fd8c95cf002cc_big_gallery.jpeg,Neurocitoma T2,ed0d6d6ccfdd0facd76f8f72ac039047f553c1b843488ec7053fae2547a8202a,train,1
76ac173b0f8cbe8fecfe7ea568ef54_big_gallery.jpeg,Neurocitoma T2,223c8a1c9c30a424e61957139543b544b4fdbe3175f85127337ce387b8add720,train,1
eeb46cc1860af075b7713d39ca54cf_big_gallery.jpeg,Neurocitoma T2,c76e0a0575ba9b6b64664688eee17185493559407790252994749b08dbb88aae,train,1
0d9af2c66474226aeec6c3c6ab3695_big_gallery.jpg,Neurocitoma T2,03e23299e58425cd39dbf08ea70031b7f76617843f04389b2285ada25a8b064f,train,1
T2-10_big_gallery.jpeg,Neurocitoma T2,8dd9854873c3002a1b6f2327edc2a4f6b944e263dd033d9b0d337074a1457572,train,1
export--279557846_big_gallery.jpeg,Neurocitoma T2,bc81d6331ed133d76ee16697ac10aeccca91a0ea058a49ab208d53ce675d1aa4,train,1
7cddb295b95e9cda2105ed53831a629172cbe91fb043e22bc672915a89252edf_big_gallery.jpeg,Neurocitoma T2,3a93cee59aaba379ca3fbb666ead24288bb4880475b40b5948dc0ec57c5f3dc1,train,1
c8b0c30b371417785b08c36ead7758_big_gallery.jpeg,Neurocitoma T2,a827f2f65bb4aff6959146565b457099308a0503f96adb916800969355c13ddb,train,1
2022-06-06 10_05_56-Window.jpg,Neurocitoma T2,121cbe0022af4c326f6a07e958ee8ea0f62395c891ea0222306e636f4e451c2b,train,1
6cff2810eeff07de9dd4329bde06a2_big_gallery.jpeg,Neurocitoma T2,649519c9cafdf67a8be902abb48b5de63ce1a241878f09a465375c89b9655407,train,1
c0c4f2693f852284f42340268b1b92_big_gallery.jpeg,Neurocitoma T2,ee05960b80cb49f292640148e3b83c0c6c7746383854d2b6ba74fa9737276826,train,1
1a96879416949cc00fee798d07df79_big_gallery.jpeg,Neurocitoma T2,fd03f1e2d802902534df940d2953681b6e93c65d156a48eb798ae66594b5f72f,train,1
bb8cdbca023cb390b8b7212696ec01_big_gallery.jpeg,Neurocitoma T2,18b41e213ea859c3738b3a56f2c5f9e20ae3a8d2cf8ad6e244a8aedb72d6a726,train,1
070c0280992cd383582acde0937203343ee7773d8ac20537df23dd15bc13f953_big_gallery.jpeg,Neurocitoma T2,d670113bacafbab38b0a5908683f6f444c94e5630d177d1c73acb20728ab239c,train,1
b9a771c8e9696f5673766285aede04_big_gallery.jpg,Neurocitoma T2,8af992aca751847e0e04a7b4cd9b24ebe26a9ee4cdf81d6b7114821f9d298c83,train,1
65eab15671b7e213a7c47a855ff45d_big_gallery.jpeg,Neurocitoma T2,26df35fc4d6dc42366f37e2c10755a3364b871422e02e19e934cb257de77f39b,train,1
export--279557865_big_gallery.jpeg,Neurocitoma T2,07d1a19b353a53081022c9053262480abf584d001595b729348e660451e761ec,train,1
cf1d6924611a42d02c6fbcb6a78f15_big_gallery.jpeg,Neurocitoma T2,b7ee47463e0cd49fc7627ab05852a5bff961ea90b3a871f3194b05971c32cc74,train,1
e1c06fed820d8668b256eabbbf2dfc_big_gallery.jpeg,Neurocitoma T2,857df0e3dceb571fa8c19ac23bd7e6724536faa1369f9e43c9c33a2499d7f4a7,train,1
3f2d74e0940972ea15869894c8d4c4_big_gallery.jpg,Neurocitoma T2,2185c372b7c14df160109cb47919e02883dabc904e93bd00147596f6c94476f9,train,1
T2_AX_18_big_gallery.jpeg,Neurocitoma T2,8e7fbc98a5821f470fb9ef4f80314e13d4f99f859db76853ff7586f2500e2a95,train,1
17928e3569fa8bb908c31d41cbe193_big_gallery.jpeg,Neurocitoma T2,a9c0de2659f132750f108fd8cae59be7d25525501939fb5444daf4230ff94b71,train,1
2759f30c563fb4500d8b136fec1df3b5b16d651b8dec0bb578c5fc7113058bcf_big_gallery.jpeg,Neurocitoma T2,a5e1fe570f33f11294159a3437fb40b3ffedc87a0bed7b72ac8b7ea97029328d,train,1
T2_AX_25_big_gallery.jpeg,Neurocitoma T2,748b1f7170f4af03bc1538110c65c561600a61564a87c48d612f2263585e645c,train,1
fd7a839d7013b23610a4e415b0dd2f_big_gallery.jpg,Neurocitoma T2,b22182001c709f283bca7b22e6d94a476fd6c7d2d10a209f9b159f853ec8357e,train,1
ed23a15a22dbf6b9a0b0681fd2a76d_big_gallery.jpeg,Neurocitoma T2,20f63e5b19b599438abdab85ba6a11cbcdd1c4a05b7059a27dfaa511bb93e6e5,train,1
export--279557844_big_gallery.jpeg,Neurocitoma T2,0b0ce30b2a859d224892336aab7960ecf51ac66eca3f73db03f2a83b38751abd,train,1
2cb8a0cab57d525d1570b53aa85995_big_gallery.jpeg,Neurocitoma T2,597a98bd1ac1da90578433a9c774f2aa7c316cdfce23de5e883bd2f80ca333ba,train,1
export--279557848_big_gallery.jpeg,Neurocitoma T2,e57058a9f5035ed7dd24ed42a435ab1a3d6985ae8e67699131ed5de88ecb5320,train,1
3612dd92b9fda50c779a92b373da17a05be9384beb09212bae81bdfd5199de56_big_gallery.jpeg,Neurocitoma T2,0787b35ceadd1417d1d5579521f86dbefffe06c10757a071a9ffd4d78d2df15f,train,1
export--279557842_big_gallery.jpeg,Neurocitoma T2,02ec229042546065982aac49921a3d0458f84ecdd66de5e67095d50b1ce4c07c,train,1
484c21e249e114f903179a1867d2168faf7c9c08fc799d1abc204030bc255721_big_gallery.jpeg,Neurocitoma T2,bb90e8ffc9bdd366b98f2ce449f5bae21d1dd8353e827702d5d29d6064f95cd8,train,1
c2b25dc7ee3b9c2b748a2e82d66db0_big_gallery.jpeg,Neurocitoma T2,ac8fcfb9b569c334774e759d1d7ec6ec6547c8fc9b0ca7cfc972da576af2cb08,train,1
f6c6e15b6a85de5f74351d9f661197_big_gallery.jpeg,Neurocitoma T2,b6cb418c7ac9621618f151e6f542497f25fe3789f2516eb8ad74bd00870be08a,train,1
32b0036e19cb9ff771524dcf1a4300_big_gallery.jpeg,Neurocitoma T2,28a12ea91d73c9c127a79d7085e0b8eec798cb3736a826424ddcbbb85ea090ae,train,1
e0966a0809b71fc274fe124407a7133a2b7e8afc430736771d0f035d2822a3c0_big_gallery.jpeg,Neurocitoma T2,26168c6f18ea62e5798e434606a126893f6e6471e3f155fe21ba1728d8edb518,train,1
813873448fb71536772a81de5e592f_big_gallery.jpeg,Neurocitoma T2,7611f157c1d1fe7ee103f7a2eb59ca3dfcd2b85e83f1c8993eb200e55a0eba7a,train,1
38ad07e03be833001760214caf67a5_big_gallery.jpeg,Neurocitoma T2,ec2a39e65535837c699f411041c3ff01c0cf71c41df267bc10e8ce3da7a97c20,train,1
9a642790470ec909a56cf51d25029ba36e9f0cde652f42c9b0bb433515851315_big_gallery.jpeg,Neurocitoma T2,42161cb7c537f480f45f100d0bf4f7f887848e6bb2b995c5257e71a5e0e9cce0,train,1
T2_AX_27_big_gallery.jpeg,Neurocitoma T2,b12b58af79c3c34dc9a14e294bbe8a81e6569869b91ceae0277e5c442bcb99f4,train,1
7fa930ecbae382efa80762696ded32_big_gallery.jpeg,Neurocitoma T2,619a53ca0db31fc9599f75450de27bbc874d96670ff53471558082e8b6cbccd7,train,1
2adfa430cfef29830cf8b7979ec236_big_gallery.jpeg,Neurocitoma T2,4938adbc750eede9fc655d65dd2a66c22835b20a9280e2f28a3c105db7382645,train,1
aae7a61575b06c03ee54303ccc1a82_big_gallery.jpg,Neurocitoma T2,348dc39ab32ca6f9c4041062b5f4fd3c383cfea2cdc510c1bd6aeddea62945b5,train,1
export--279557863_big_gallery.jpeg,Neurocitoma T2,db2194ab1449838d85639013003f0052758fa2e7b183f751d46893320fc47b25,train,1
e01b51cf56bc173b767cbf0f991cec_big_gallery.jpeg,Neurocitoma T2,20a1a4b93c963b9ef8885504a849e7bc31b832cf74b777f1d514d8c66189c2fe,train,1
20c356d3e348a9aebf293d784b14bb_big_gallery.jpeg,Neurocitoma T2,24405b4025e5b8d3f117362b1ec99b6598d8a455212e8e94e4dc137761cc5db8,train,1
a8f6f74fd61c3331b68de5d11b7f47_big_gallery.jpeg,Neurocitoma T2,bbf776eb38eb40d6eac781b08f43d06401da49d7ed6ec3ecf88037b7127f0ec6,train,1
035adcb685310ef5bdc17f76e78d81_big_gallery.jpeg,Neurocitoma T2,99a5cb0be1390f7b071c1d3cb13893ba21af53a24ffaa3997592c03d7839113f,train,1
T2_AX_21_big_gallery.jpeg,Neurocitoma T2,7e198f70876afadb3e0b861a30cc49c091ba1106c3caf7a93b078db246b5564f,train,1
33d8517455105241f17d17beeecb6f_big_gallery.jpeg,Neurocitoma T2,acac634e57b0415573d65ed54f9d987642361e79c572b625e2eecb13e3177c56,train,1
adf2bc0c5f342c16550dda9bd6a74d8033fab4d4b562f8b49f60d2b26022f6c6_big_gallery.jpeg,Neurocitoma T2,310b7b8e2d0b8bd7196556c4835c5160334db35cf8c5f67999b237fae1169abe,train,1
T2-09_big_gallery.jpeg,Neurocitoma T2,75273be0a28136f9ee7eee8a7760e440b6ab82731cfd64cb016054b69c647183,train,1
22ddce8e19e0311e59e1d072ccf8e0_big_gallery.jpeg,Neurocitoma T2,634f3c709c3df2be231218d8c7ab6e1293b8028551140f33b634ac60e5702203,train,1
6babc77c3c813d82c03d4697e005b8_big_gallery.jpeg,Neurocitoma T2,3374965610d3ac461550c4eb5ca0bea8f83588a8d4e6baf565824733857f1184,train,1
e28a9aea07621ee479bfe075f128a349608269fce6e3254d43b4cb190bb5a67f_big_gallery.jpeg,Neurocitoma T2,fe461eb37882c1f4ef64ef3caa8c02772f322c27d151e353260d4a2e1c0966fc,train,1
87b9b46bc712cd8ee9a69e2ba54a03_big_gallery.jpeg,Neurocitoma T2,f8fd938ea46d622a6e7200c6c30ac99ccc42f1f563fb1535a0fc08250af61a3a,train,1
71760dae7008a476ee9c93194aa934_big_gallery.jpeg,Neurocitoma T2,d5a5a411d945344acca2bd732d112c215e5cb802077d9aaa21def3674c79c0c2,train,1
cb9b6403afc4ec02bf62e5d640ca8a_big_gallery.jpg,Neurocitoma T2,48e7370504f936813574a37855b900c951b1ef96eaecdeaff2868eb0e4f8ed79,train,1
9c9914c0a3c68054c84a74f5d1246c_big_gallery.jpeg,Neurocitoma T2,9d2ae7f3970a406dbbe1d60dcda882b065793cc15778d2bebd11664e85d6864e,train,1
cef6c5d43316a94ab9ec903dc5c777_big_gallery.jpeg,Neurocitoma T2,2199000c55d9120b078db51b3a1e5fddfa394067497e127611d63dccaeab4643,train,1
2022-06-06 10_06_00-Window.jpg,Neurocitoma T2,ca4da8c853f1fca51ec776322a5fa1a389c3878e84a8695b605654dc5d821ada,train,1
1d5ad97552beb0088b5c6a90256e27_big_gallery.jpeg,Neurocitoma T2,2172f886e8e392dd4b867700edb3436087b679137dd29717ca76bfaea5044198,train,1
T2_AX_19_big_gallery.jpeg,Neurocitoma T2,30e72ae8a41c987817cc8fa1db6ff6f671cda21d39bc86cbd6af2b1dd08518f8,train,1
6a2b551122f87f6a037c1d155a9b61_big_gallery.jpeg,Neurocitoma T2,c305474e6ae9601907aaa79a077e3e4791ddab44de1e5558276d62cbe001f280,train,1
1def35baea79305ee70a98efe7e8c0_big_gallery.jpeg,Neurocitoma T2,4d93322c8596c81109631f3264b0be71a0a6dfc9c63a6175f27388f1ecd7ee3a,train,1
3839a06de6215d62944df6d5cfbb61_big_gallery.jpeg,Neurocitoma T2,a402e7af9b0aebab6aad17251c53aceb1d05a3ec7dacaed500f5c36344ff8f94,train,1
T2-11_big_gallery.jpeg,Neurocitoma T2,35471558180f5feb80728ed050dbf21ac7968dcf2180edcae5f6bf16222c797b,train,1
2022-06-06 10_06_09-Window.jpg,Neurocitoma T2,516a60c9eb9e22033cc0f686a48506f848345f4a29f7878a2cc0adfcf18f2450,train,1
8a4cfac1902831400bc3bb38fc83b9_big_gallery.jpeg,Neurocitoma T2,170c1eaa8bd38275c6afb5c21bcc902333f5a1a392ec13130f748b80862f5d52,val,1
b0b173902d1ec1afce27f407d5b8b4_big_gallery.jpeg,Neurocitoma T2,29c17eef91d446af21d91ca4d45e31d7fd3ba8133c87068d5906a0a15a370c9f,val,1
2022-06-06 10_06_04-Window.jpg,Neurocitoma T2,0ca00fa63154754976bb1991b1f4de288e8db7373f949f7d5f3cdc02b3a3d0cb,val,1
7ca052af0adc941dad0ee6927c24d9_big_gallery.jpeg,Neurocitoma T2,7eec0953f0cbc80b3434ffb86d795bff8f0be517c708e4bf3c1fadbd8e04492e,val,1
3ca04b72f5efc15ba55ed7fb27eb9a_big_gallery.jpeg,Neurocitoma T2,cb0e9e57550fcfcecbd025b31db34629fc3e0a659867bcf261c81e041f4abd35,val,1
65c765a12709e2121e7bdbd0692202_big_gallery.jpeg,Neurocitoma T2,2fb4187b6ec90bd71bdacac0ccd1f8c1fad5c89ccf04b1726d361bb8c09355a0,val,1
5bc0c1c97ad628be3796631e92c9ca_big_gallery.jpeg,Neurocitoma T2,b5211da9b36e5ad97033aa3e08612f04d0d57cbd0e43eb81bef68c9a1ad14b01,val,1
904ccd21e7199e59b273583d537150_big_gallery.jpeg,Neurocitoma T2,3e80e161a27636a37e1b2a28d28d0ca64a421afb38eacaa0c1134be26bec7e25,val,1
2cda9fe25f01d58d20f0dd6b31de4a95ade2a6b89f0053412fa10cdcdbcab4b5_big_gallery.jpeg,Neurocitoma T2,a93520c0d710f1e764ab2959ff1f6b80972a47c975455b12b0a387ffb3465613,val,1
T2_AX_26_big_gallery.jpeg,Neurocitoma T2,8bcb144d2c39cf5894a33ecbf2ac8c279b5ddc5668d960b51d295eeb914dd785,val,1
export--279557860_big_gallery.jpeg,Neurocitoma T2,977210f4882cafa2f7e74213a8853c6666a6a59d203b03aa767af1a403c4fa88,val,1
T2_AX_23_big_gallery.jpeg,Neurocitoma T2,6df1501675cb5323c57f6e386914625ab74a47085ea98b54a46e0ab261edf2eb,val,1
T2_AX_22_big_gallery.jpeg,Neurocitoma T2,4fe3b01f261153b53e3ae615cd29ed784ef1a3238e99129276dfe332e239dd25,val,1
downloaded_image20211018-1631-1y7j6tr_big_gallery.jpeg,Neurocitoma T2,d674c897cfc8abd0399fa60bc14c2081e3b88155967ddd10bb6b9b7bfc42201b,val,1
2022-06-06 10_05_50-Window.jpg,Neurocitoma T2,72789e80d93fac4667f097a3f8000472f0bb750009ad927db6f07f9e9fe5b9bc,val,1
b9d5ccd062343102b6e8025088aeef_big_gallery.jpeg,Neurocitoma T2,375ec5813d9ef729cb924c2b3a57488f7d16406ab8c57aca373f72e44418e5c0,test,1
30803b4c4017a252c0e59e636a28cb_big_gallery.jpeg,Neurocitoma T2,5bc30267daf083191ae2088bbff149e099b8b4b1fd89e5b114b3db7647455062,test,1
T2_AX_20_big_gallery.jpeg,Neurocitoma T2,ecb7340cbbc3662b7ec43181656e7d8e342c4e820d280ef3774f897530940d36,test,1
3fc8e420fc9892b86670dfbf01fa08_big_gallery.jpeg,Neurocitoma T2,f5b58f1f0d328c1f7280e31c511e59749d0349564ff0d685433d216b8efaf3f1,test,1
50c25619f9eed337953a5cb91c5f33_big_gallery.jpeg,Neurocitoma T2,1f60f7dcb4b3d2623a77ffd1cc1462ffd38dc93c5a1df3b203208790c51295cb,test,1
ba5a34811b49b3c835e81296c90517_big_gallery.jpeg,Neurocitoma T2,388e29c5466c58db0379cf334607b4e1d1ece284ebfc5e6ca1f69864e0738067,test,1
cdc6f283e23117bd826c5a72240f88_big_gallery.jpeg,Neurocitoma T2,110520d7865e90afe9486a1f0827676d22cb4ad0c97377f86bde95154504f542,test,1
36a7a5dea11940697303384ab25e677b525c7dddc91ec812d384db3293f45fd0_big_gallery.jpeg,Neurocitoma T2,48a0bb9694066cf1660277287c90ca02383bd53a477520111ac99167db8433ac,test,1
8e6ea3bedacb258335237d4da36346d698c62b15bdab6941489446d78ac0c630_big_gallery.jpeg,Neurocitoma T2,1b37b8436b3db3ef145cdacd31d7ce82c548b8b733b58e4fa03761e81776c5bf,test,1
75f509a66890cbdf6ccbd14b78f80a6e7b5c1683fbc24f21a6307ae67f1d9c6e_big_gallery.jpeg,Neurocitoma T2,11270f5083f006506d91633868c40b23db773a668eb0549f045368a688413802,test,1
3214bca967eb3abcde57d61236cc44_big_gallery.jpeg,Neurocitoma T2,f531a953c40c372d77eaaa9daf51c741dacd747e86ac2b1294f0a712d5fa6629,test,1
a26f3a4f5cd6ed6e994c80216a8c53_big_gallery.jpg,Neurocitoma T2,f6b758aedd3e47de71160e59e47050400bf00fcf403150102d16adb722cc6102,test,1
a2ad1f0ee2c44409be52f90da9d90b_big_gallery.jpeg,Neurocitoma T2,5e77435503bcdf6d0f449ebf237e65cc61205ac79b267885a05f9c764897de5d,test,1
f8495126419f4d79d8b5661d265f5d_big_gallery.jpeg,Neurocitoma T2,2dd1d9b3ddf1701c35481afb443744cfa77b084d54947d7f104a8fba10bbab57,test,1
76b87c24017e764ac159653622c567_big_gallery.jpg,Neurocitoma T2,0d1b4efb6933eab1fa703394decdc8cda0c907464438d51284195c6a2861b071,test,1
cca2c0f24328f8ffe7a43685c1996b_big_gallery.jpeg,Neurocitoma T2,591ae12c105fee8210a18bdfd4c300bfa92e6640d2bbada839c0276acd2a49a0,test,1
T2_AX_24_big_gallery.jpeg,Neurocitoma T2,1eb368b3e9fbbfe45e154e281427c7d7333e5e637372fd12905c1bc145c3f832,test,1
ad9ca52af91afc7a2c82f0adfcc175_big_gallery.jpeg,Oligodendroglioma T1,9fd602558651a9496b8be9ba0890c00fddf3cc81e940420ab540da17b5aa9e41,train,1
3a1d7539402ebcd1f4fcc86040930f_big_gallery.jpeg,Oligodendroglioma T1,133eb7ef8345f8f283e9440391cf7108204dafe78d3ab16f1398989f8b630b04,train,1
58e21220192f31be6f80c8a9e8bebd_big_gallery.jpeg,Oligodendroglioma T1,ef045fea232cfb13ffa2adb4bc3235a9a08d42f0258e137940094e8fb8d83e55,train,1
Anonymize.Seq4.Ser4.Img16_big_gallery.jpeg,Oligodendroglioma T1,f3fbe78992247940d5c71444a6a39f782ab843a384336f1458cefa7bb15b305d,train,1
9500a1eb1147e7b0826d342fb2a2c5_big_gallery.jpeg,Oligodendroglioma T1,2e0f88d4397f279ea2bf498d5cf432cf82eb58b35e12addb6a40cdf55ae14555,train,1
b6805da6dc7de91b209b3d66cde6e3_big_gallery.jpeg,Oligodendroglioma T1,56e0a9142d3daf5db3b9f3ce3dde41eed644378560802c3eb007b9b4aca5e761,train,1
c65c00dbeda426ce5cf4f3c299fd04_big_gallery.jpeg,Oligodendroglioma T1,dd754bd282a0ac336ab453fa3b51799074d3069cebed0edd579b30b0ab3fc2ec,train,1
cca09b3158334b9aa5b0bb8ed5b008_big_gallery.jpeg,Oligodendroglioma T1,e48c768e7b0e477c40a01d48eac1370295f3ace0c073562697bb8ebadeb0db5f,train,1
6abb1b4112b0ca51df8af798656dc7_big_gallery.jpeg,Oligodendroglioma T1,e172d72f056f172945be1be24e548e3109b0b1689683a7b7fac8e9f72ec1586f,train,1
28c1fb338b90e9b57463bf21a18e1e6a891f6b7db916637181dde4ec59b79d00_big_gallery.jpeg,Oligodendroglioma T1,2222eaad833327fee7cfc3a786238ec00faa5daf66a5c1a5c5c8be2f6df2978b,train,1
9822272fba56d7fa229f8ec2b80864_big_gallery.jpeg,Oligodendroglioma T1,1a381d067adcaecf6ca0b52df47094aae5d90cd697398d931fd9f94a1699c031,train,1
c2c6bbb8883ed1e2dc2af6cc449c1caeb8f2349d3cf7a2a4b3e0bc132cc14b95_big_gallery.jpeg,Oligodendroglioma T1,819f56000cb1c3cc727c7e20bc46b04b0ff202b0fa19028f95810e7544e69b2e,train,1
b047df437bf0fe202bd2035d42d5a1_big_gallery.jpeg,Oligodendroglioma T1,90b9e7906e5c85d5269433d2ac260dac3bf571f52b6f5b148124228ecf7c3b38,train,1
6180e05b9250d6ba8794d652cae64c_big_gallery.jpeg,Oligodendroglioma T1,50c535839386aef10238a8c88fad7ed33ecad8b4ef2bb3966f113760c2b4c0c8,train,1
7786fd43d4023520cdd4c334e942e7bdd183bee6d9aa035920cd63c8b05a4a12_big_gallery.jpeg,Oligodendroglioma T1,fd51ced49935036729ce1f9397695a5b30bb84a09b764df005ce7df2e8849ede,train,1
0fe9e0ec01d926ca89b966fd7b2424b13121e2d113e6a17fddc3653bfb095e42_big_gallery.jpeg,Oligodendroglioma T1,184f4adb08e55e16cf237a13a7f6fdf5d75ed097d7571cd41542c9b721178408,train,1
331eec93b646cd2848eabc6fd34ae6_big_gallery.jpeg,Oligodendroglioma T1,c0e84f6837224a225e9c0a054ee09d3d69e42c2d3b83c055f9f14aa55a84f026,train,1
e631a6382e6ba6b3bf1cf7dd9cf3b5_big_gallery.jpeg,Oligodendroglioma T1,3ec3b978c99089ff7986a7105dda9d15e75239414080c1b248b8f62913f65bc8,train,1
304e65b9031d2355a3d7625be9056a_big_gallery.jpeg,Oligodendroglioma T1,b0fdf782f5cb74f7088f9726567387041830cf8ff647bb40a487cd5148b9c551,train,2
e188645ef1374a7307fc13c75dcfd5_big_gallery.jpeg,Oligodendroglioma T1,6dbd26edc1102ec4c4779ccfbb7610f77d6fc8423314cc4c509a67cf805eed87,train,1
c4631e5ca040c38d38c6fd5f38dc61_big_gallery.jpeg,Oligodendroglioma T1,d1fb2ad0c2fcf8c5fca6c20c1e9bf2f1d6fcd3d4388ded7ea167717b37f50c89,train,1
571d0349a1da388d79d88e0358ef70_big_gallery.jpeg,Oligodendroglioma T1,1494c115007ab6a50c0ebaf9b06b5f57d6494da978ae2a461ef490e28a79ab35,train,1
d719f5adcc80fd522e1ba116d5296c76060fb4ebcbeae290657d1dbb95453d08_big_gallery.jpeg,Oligodendroglioma T1,c606b01ff87a6007f63fd2c0ce8cc229d0562a80651df097c5ab405c338d7009,train,1
f5f69ba55552d9d722f082c4e010fc_big_gallery.jpeg,Oligodendroglioma T1,680ea044ae8b2f392454a7cedc8bc68bcb5e1be5e7fd29dd5615c9bccdedf8f8,train,1
e850af8c1dbc9db1ed91902607ae11_big_gallery.jpeg,Oligodendroglioma T1,1e3142aeceb2c1b37989c181d2f969bcf9b9839cf739f33c1b1843a2fbdde44e,train,1
4503ea472db1c5bd78336968206589_big_gallery.jpeg,Oligodendroglioma T1,172a2ddaea2fb6e89652777d86ad79c98f1ed58752a691e2844692fc60032ac0,train,1
f5202db840ac1ff8fd1be2c30f059a346fb2c2adc89877c8af3e9183aed33972_big_gallery.jpeg,Oligodendroglioma T1,d2ca9bc266f30e6e0f324c3b2c249618a8271fe3a8a59ec288c29c38b305d310,train,1
b023315497673a763e0e5e798ac31ab4b63536e0faf458880b99a3d2ab3d6e1d_big_gallery.jpeg,Oligodendroglioma T1,27803f21c7806f154215657ca0573b7e9e83da77ec62abce9cd37229782d6385,train,1
1b35d889374e653fa502552e3c202c6b7e54cd2364073fbc7bcf5837084cb135_big_gallery.jpeg,Oligodendroglioma T1,777f54140b9aec72f0949ba4160fadecd3f2d273d847a93e6f25e2dbef15d119,train,1
fb9e242bda71695b114d2d58fb2d74_big_gallery.jpeg,Oligodendroglioma T1,aac4c5551ca557e2a69eedc8c6f79d0ebd889198500784f3a3a87504f58e1c06,train,1
6abf384cc0e390f0f375d4dba2e1a2_big_gallery.jpeg,Oligodendroglioma T1,0fb3c4824ab12c9f23d7c9de7c88ad58585f3b84c5d489db756713c36c2d4e8d,train,1
7356c096cb746b08a486bca77e3fb2_big_gallery.jpeg,Oligodendroglioma T1,ff7f3efc751247e7c74420dac83c285f96a6659a49379af4d7bd7de7ce23b48b,train,1
904e2dcf1ffcda787f91238f769b7e93319ac79bed07cc6dd73fe3c11a376a85_big_gallery.jpeg,Oligodendroglioma T1,d5a8f17e3f03156ab5c5d016abdc77dc4017791ca4fd38aedbfe726f81a1805d,train,1
4b97f94768e36ee5e353b1fb0f4176d7f7c98e27fbbaf76038439f13b27de8ab_big_gallery.jpeg,Oligodendroglioma T1,104b2a5bbe56f7c6ac981cdfb12db62391cea45635a8acb6db9112aea497d724,train,1
e2a5b2ea3667a6a8f394362da9c677_big_gallery.jpeg,Oligodendroglioma T1,bddf390dcdf05e8948d66e256c14af6337c5381f2522e8ae362ec16380892822,train,1
87fa880c80ccc95fc99531265859d4_big_gallery.jpeg,Oligodendroglioma T1,d8855c109b5e66c6ac62762a382c333cebf97989c6cb130bc516372df7c4eae2,train,1
a7a00d176a7277ba39cea7940452d5252435909b9ed2d68e44db0ed207bd77de_big_gallery.jpeg,Oligodendroglioma T1,4e7dd7c46e51d6df8bf5a4c242168ee085960baa700c42052b12d22a00ae83df,train,1
a08daaf48d50f7b0d4e36316ed531b_big_gallery.jpeg,Oligodendroglioma T1,f003bde6bee5d8b130e17359110db85c46d02810d4bc20a8c806fc0457cd1766,train,1
6ae897029200a320bfe5fe1f94c4c8386c16be58ce8cce55bb6c52d8be62b8f8_big_gallery.jpeg,Oligodendroglioma T1,fef9f318a8f786d6f78167b4b69a7cfb56f7f48f8daec3a236abc24950f23e39,train,1
8f129f6ad3b707e8d76f861cb734ad_big_gallery.jpeg,Oligodendroglioma T1,64ba124b11b8625ca2718a68a1745f7d068ba542a5694093f043b539b3d11430,train,1
8a01c26ae3a1be8fd8fff0e2bb8ecb8ee78ac77c443aed0df76dded18c13059a_big_gallery.jpeg,Oligodendroglioma T1,baf3f753eda4472130ce3ac1f01ea6f008effb25f1629a6bf3d1c4fac2b427fd,train,1
bf8f3c551b1ea018cd2446465f615a_big_gallery.jpeg,Oligodendroglioma T1,7bd8dea8b8089b966521b72bf21824e9941f4e795276447f330bba97e44f47e3,train,1
07a5f7bd486ea7d383722f16faa734a85acb7beb150ca3ce6bf6f3f1d1b129d2_big_gallery.jpeg,Oligodendroglioma T1,7639b4781e8dc73c1e90b0f299a6d5fe36a8f0acd03e0a15510179bc5dba073c,train,1
8574807f3e3efc49d4ca849047749d_big_gallery.jpeg,Oligodendroglioma T1,5366ec81e48c3fa30c8de91e45e0c1e61638b434402bb35a074ece5a17803d00,train,1
ae0a42f588050a145a2fbd7f834416_big_gallery.jpeg,Oligodendroglioma T1,5515860c47c5c07e0e6e18687cc1bb8eb73f29dc380f60bc706259bcdf7b7086,train,1
7fe67b00955ee1174714c4e4fbd830f8e333617164da77d066c9f0527b9d8651_big_gallery.jpeg,Oligodendroglioma T1,4f8afaff0d81060f39d98a7a9cec4b595f162c8fec3e77edbb976873c68b7d15,train,1
Anonymize.Seq4.Ser4.Img17_big_gallery.jpeg,Oligodendroglioma T1,9996057b3c60ab3f46b12e7fc322a8e7acbe4a1ab4f049e1323372847e4bf491,train,1
a23c96c6b0ada1619c86bdc2f679259b4e4f10a76b57679090b5ac75249c854e_big_gallery.jpeg,Oligodendroglioma T1,2036b5a164723e7b7fcf05ebaf02de25dc735009ac1a7ce584f0a872c054fcea,train,1
c6609544d4d3bd77a237f30aa6ec43_big_gallery.jpeg,Oligodendroglioma T1,7832f16a4b031fc07981fc2ce39edee96af3e158b51ff6400da93673d96bbe4e,train,1
98344fad56ceaf46a62cb3e9b90aa0_big_gallery.jpeg,Oligodendroglioma T1,c764056a34108b1f92268dc9dab1492ffc6cd7c745e29564a90a6969d5ec5b16,train,1
13f63d618f155a544e738c8c75211fda972f02e4b578315ef9d35bf939ba5ed5_big_gallery.jpeg,Oligodendroglioma T1,15fcdabac94bd1ffe8b3666909f69272c15c33f21c6544f356e15c7cab16ab48,train,1
e11a31532dcb4f91c46dea8df9d0d5_big_gallery.jpeg,Oligodendroglioma T1,2647a49ac67fe073410ef69100f56501021616cfe14c23e16ca8237c0641d87f,train,1
7b0ca7164807e93bb476a433924deb788cab1d7128ec414c1b5b68624a819ac7_big_gallery.jpeg,Oligodendroglioma T1,065f6f2ebd698a939a643d530ad05254a569fe9a166bfd9511303ac0e65ac43c,train,1
f39c5f7df84e81c791b352b8599d3f_big_gallery.jpeg,Oligodendroglioma T1,aafa42a1cdfe32b66173ea988282da0d1cf3eab8bb33b46f219d3e949bb8eba3,train,1
360f2e980e483e442fc4fd24b1b917ab4785d7bb123bd9549b2c6f82e47dc6e0_big_gallery.jpeg,Oligodendroglioma T1,b360deb4e11c681c060ef7ea90f57387076142a0f40abb2e7ad6b52f7f24078d,train,1
d4f1fbca3648aaac6e3df5128f25918563e0f6bd35d39c04e94d2789c259a1b7_big_gallery.jpeg,Oligodendroglioma T1,0b6099a15e752f14015b77d19ad35b94a8a6e71cd2ccff02278a2ab5b0156709,train,1
d814da58a634b756a46bd6b8d2be2f_big_gallery.jpeg,Oligodendroglioma T1,a6edf758e2d462348726de62f6ac33cd3e68a6ace3b62218a8cf38dc9fed45f7,train,1
e749a00d5c0839b7a5f5bfa7e10dbd4a0c22d4227fd430fe34cbf7e43dd2fc0c_big_gallery.jpeg,Oligodendroglioma T1,e511288418e490da8b9c8c9eb2585368e691ddf9375c803e79a7a9e7cd49e1c1,train,1
dcc15e94aa3ebe0d9a1bcacdb2f80a12c2cd74507b20a3df5a17e25fefc9ed80_big_gallery.jpeg,Oligodendroglioma T1,cac5fa14a5d71e4209b84d6dee066da9bf08016383e38d6c5eb3a8e583c9f9c7,train,1
37aa994384adba2e683251d21466ca_big_gallery.jpeg,Oligodendroglioma T1,b3f773737bef5d759f420160c4479c43c73e37a401defa648005444505a70c4c,val,1
9f24c00adc9bfb1f4bd251c14287f3efec0c16ed111c60eeb1219928c28e2556_big_gallery.jpeg,Oligodendroglioma T1,0f916b08c34f95586adc246d764fbe9e98161fb7f4bc87b454f84f325786c53e,val,1
b4e2a8f738ad9bd1ca3026ff8bf799b96eee55d946e1fe3a11870d06d4c382e4_big_gallery.jpeg,Oligodendroglioma T1,2584e76c53b4a83537c8f125e376f3b2992ecd2bfccfe84336011d8b2012958f,val,1
287289bccd091f71a0e2f4116b038b_big_gallery.jpeg,Oligodendroglioma T1,be2af0bea7c08a667786f1a70a60dd193df3ca20cb1878f6f93c2f576b66fa67,val,1
b0c0988e5eb688010bf82e98d1084b_big_gallery.jpeg,Oligodendroglioma T1,570b753183ed8e3aa7f85af0637258d59f71d41c599fa8a027dee7a87ec46d5b,val,1
04aeed6b93d7442957cd92d989481e_big_gallery.jpeg,Oligodendroglioma T1,4061916bf833eea1caa37ff6843f367e473663d6184e67280d24bdfb00b72988,val,1
1d88e357a6de40207e64f4be20fff6cb895df675f219eea49de5c83c6eac9ef8_big_gallery.jpeg,Oligodendroglioma T1,b3326a699adf041b42d83d46ca504d9d53f3842978bb26f2c514cbe700de4dac,val,1
28ad99dc80508dadd1130585e1e7d24af8581f36b745d4bbe338c6f66a94a0d6_big_gallery.jpeg,Oligodendroglioma T1,8148e7d035f14949afea70a9d999481aba91b18bc96d6a1d53d7ddfc16b81ce5,val,1
191542251e86b12f83d5cb0ada0f6d_big_gallery.jpeg,Oligodendroglioma T1,2bb88aeec0b12f175a227090ac9f35bd51582b63bf297ee10d45712658059423,val,1
da17f596f5188b1979986403b4ede3d441236b698516a1fa4f0220d99e046576_big_gallery.jpeg,Oligodendroglioma T1,429a33b2f47cc3ed73e487e7a9a67a33d8efaf53d93064b57b70775f7d66e574,val,1
25b843e1c4b72b1ab855ee355d0e0c37f292a555e81644c094481d1327a3b233_big_gallery.jpeg,Oligodendroglioma T1,3053b46ee03c0015e76bd1c3f2bafd42e73880e8a26beec207ba9b3384b96054,val,1
e197bd3dd5b847359fa4824b73c258cea5bdda8f6d74a35443f783003e2cfcd5_big_gallery.jpeg,Oligodendroglioma T1,854e26477bb961c3cb75c0cf2c774956384c995eef267d892319eabcb16c9b87,val,1
63cf951a8ab48afee233edeff265eb_big_gallery.jpeg,Oligodendroglioma T1,dd83fc7e3d1916710bbaf9c42a386f74368e8507e75987638381785482129a49,test,1
ee2c1fab7e7773ae5d0ae56245b5286e113f7b7f9eb3e55d9b9638972374c39b_big_gallery.jpeg,Oligodendroglioma T1,bbf5a62954598408bfba394ca3f9103168272730191f6dc55436c1c9ac21f9f0,test,1
df67d6e8020aa7abf0dec82a7730cb_big_gallery.jpeg,Oligodendroglioma T1,e98aa6f37e664a85295e24d7386370c4173e2c927ab8b6655df9a5a2f52f16b4,test,1
4b2e204c34763f2dec13dfdf15430cc89e121521a5759b1f69910ecece5d80cc_big_gallery.jpeg,Oligodendroglioma T1,0808fabe3c1d686b776e70833652bb02d61961a97dd3581c97b06d9aed3cc6c5,test,1
e7fac031d9c89d1517b01025f6762d_big_gallery.jpeg,Oligodendroglioma T1,c6e2eb592a82630a2b3a67dcf7304a8dda43f8e0445fb08434021d8bacc9b46f,test,1
ac33014d3da5b6e9838ec687be7dda_big_gallery.jpeg,Oligodendroglioma T1,34bd62f5e55c72f08729e1befe90ccf3152c3b0a47625377debe4aa464bed6f9,test,1
608c77fa07cdfe9ba7e298a0ed1512_big_gallery.jpeg,Oligodendroglioma T1,06873534813f36fc721ecd5879c632bd1046eff322493a40f43aa30813011ece,test,1
c47b258e8968dbe54eca8f7555cc87d0baa070e13ea7781b569dfbc76acbfb11_big_gallery.jpeg,Oligodendroglioma T1,e7199d47515140cad11eb58f173c3d50d63a126e7ab64626972049a205193d5d,test,1
f269b99918ec27918e2084e5a43bb7_big_gallery.jpeg,Oligodendroglioma T1,4d65c1f7995cfd9a520c61b796294c6db679903bf15474d5b6ea9a0b19b7bdbe,test,1
ceec2dd8b64f119cd72f88f9a5fc8e07e8b04a32a2ec214290267470f81dd882_big_gallery.jpeg,Oligodendroglioma T1,b1f853305899491fd95f8438c1502c5b1da6ac3608808d9201964bb61a041cc1,test,1
85d78182aad6b1a43b79c56b7f9d7d_big_gallery.jpeg,Oligodendroglioma T1,c2ae0367d6efb54cdc848187e80ecfcad7d7d77344831a920e57d0d5a10c98c1,test,1
a692bcba1443b2f35a1b4b15fc97a6_big_gallery.jpeg,Oligodendroglioma T1,0a1da80eac11478527b768b4e18baf496342b44ce775a8c220613f6d787d9db7,test,1
dfb166528a7a65d4c8374638a56e2c2ffa8d9f7a20a1a4f848ed4840c20b0344_big_gallery.jpeg,Oligodendroglioma T1,179994a14123fe1b0745acc82674b641ede68c6d09a127ecc37696f066d64d6f,test,1
d2990a5529b863e85533661dc2b8c0_big_gallery.jpeg,Oligodendroglioma T1,87f808171be162a02bc0392463b4acb23da304ccbada1b9140eb38611498024b,test,1
115._big_gallery.jpeg,Oligodendroglioma T1C+,0b4efb6eb07a38d0d14ee0f196de668d4799ddafc8875f7c00495d500e3a57cf,train,1
101._big_gallery.jpeg,Oligodendroglioma T1C+,310a450293b01897754f3a77e7fa3c512942f9bd37e8c8899ee41c03fb61a10c,train,1
996594b504bce2abe8af78768b5796_big_gallery.jpeg,Oligodendroglioma T1C+,57956af9acd24fe4d75527bb9b5765f15874c09f598797d2715b083225c98006,train,1
4fa19f420f22010c21466c0b7a5442_big_gallery.jpeg,Oligodendroglioma T1C+,14ac2d8f19b3db2ee34aa575c7804882909e46a96b21a67c5e57ca712c5e17de,train,1
122._big_gallery.jpeg,Oligodendroglioma T1C+,f2a5059bebacf3d398670691fc316438112b868eaf3b97c81109d9b1c6005e26,train,1
1e39f9b22e85181e7e36254901ada3_big_gallery.jpeg,Oligodendroglioma T1C+,f0cbb1e686e58cd72d657c93c9ed5d150e253e223502d74b80b93b19b64c2619,train,1
019_big_gallery.jpeg,Oligodendroglioma T1C+,747042ca353dba2ac3d86d74aa45e588a85395abfe43b3c8465858b56861d937,train,1
116._big_gallery.jpeg,Oligodendroglioma T1C+,646b1b094cc66ae42142b3279ed7ab265a1fef4d9fb291a2dff23bfe786813e7,train,1
99._big_gallery.jpeg,Oligodendroglioma T1C+,bd2392b1ca123884005af90baaeb4914099b3ad9ba739b6bfdd410a941b8e5df,train,1
117._big_gallery.jpeg,Oligodendroglioma T1C+,4a74b61e1a4b21268f15ff10e84c99a6338bcef7db7d9e97dae872f05fb729cf,train,1
98._big_gallery.jpeg,Oligodendroglioma T1C+,35be1b26eec78f902e7e7adfff7063275596a5d67f8a1aa0e4f11a198083921d,train,1
9085126676a505478624787afca124_big_gallery.jpeg,Oligodendroglioma T1C+,99aca01319946b28c09220454c5334bd24b8911955b03281a79dbe67328268d2,train,1
0b2418abce80c6645a85caaf748fbb_big_gallery.jpeg,Oligodendroglioma T1C+,30d04ec0499bbfcb96c7197f99694dc83895d4ad60489d252c9aa5cfb9d5fdfd,train,1
Anonymize.Seq14.Ser14.Img16_big_gallery.jpeg,Oligodendroglioma T1C+,4e03e9c02040ac4ace67c68236cf3e1ef0f679fcc95b346c73d7444fc45f53e7,train,1
667e9b01ef280f7b478e33f05402e2_big_gallery.jpeg,Oligodendroglioma T1C+,052532ad544db18a98c143d7f057969155b1cbfbfafba1dcd5604e1ba0e895ad,train,1
edbca116595663650308dbaadac35f_big_gallery.jpeg,Oligodendroglioma T1C+,87294be9d94d2183779007344eabb195b711c35ef1c45a0d628af3c62e1b3f40,train,1
6589fd1310a800f2e34acaba2d313b_big_gallery.jpeg,Oligodendroglioma T1C+,8bee28aebeeeb0c9d0cd37a2a34b53d7c91213687d6a383d5ecc4f15acceb7c6,train,1
025_big_gallery.jpeg,Oligodendroglioma T1C+,db46edc925e822e268a9d986a7580b9c6ef08e36acb58913f885c87dd1ffe68d,train,1
658e7c160ed25b755b766ef8996752_big_gallery.jpeg,Oligodendroglioma T1C+,d70c7eb17cd177ae057822d6de6f16a401bd5841f681ac2a14613aeb8ae7bc3e,train,1
70293bea3cf3a46099e29547ee6fa9_big_gallery.jpeg,Oligodendroglioma T1C+,2bd6ad00e21a842f9e202c3eea2fff1b8a8640ac7573edfdba329a0cdb3fad11,train,1
109._big_gallery.jpeg,Oligodendroglioma T1C+,5404e9710c61e02320168856b032eae462c0837e4b21e01b9b0f302eb363c7cf,train,1
d00d05a90966f76613bc3515a26c42_big_gallery.jpeg,Oligodendroglioma T1C+,524ebace355e9e820f6dbbda20e428647a3ba2a6f60861706252e6cc29fa532d,train,1
9419968c91f2d0b710720a41cf7780_big_gallery.jpeg,Oligodendroglioma T1C+,96ff30c1945f7da9a8cea6f62b076736fe3a037bc54594a60ea89d190ad8c578,train,1
121._big_gallery.jpeg,Oligodendroglioma T1C+,16290cce0a83ef1e9bb0e79952b57c045613d67c644829a31794d8368a665f91,train,1
227e458fc885a6c018b8071ee00b13_big_gallery.jpeg,Oligodendroglioma T1C+,caedb81fdfdfc25d80c01f94d519b1b81f222315867c0f63258b689cd75c8ea2,train,1
8a8ee762a340e1bb82b44cbf53161a_big_gallery.jpeg,Oligodendroglioma T1C+,58d1a39baaf502c95a76e3cada402690d513da812e5608bb8b1d0be83c083a42,train,1
f0144eec936698b94bf1d9a7f4329b_big_gallery.jpeg,Oligodendroglioma T1C+,eebb68081b367eae3c81ef06e8c1fd4fd160c6978b22030b5d91fd36c83f4950,train,1
105._big_gallery.jpeg,Oligodendroglioma T1C+,73d7ed733ad365e2692b5dfa35ffb9dcd9f658434bccbe471080abbf40db79b2,train,1
120._big_gallery.jpeg,Oligodendroglioma T1C+,c9a7fc4674c3f56ae18182555019893e062d692c3f063a1a087a44ce3ca7acd5,train,1
119._big_gallery.jpeg,Oligodendroglioma T1C+,244bfd8acd1726d28985b504c1b71f3db8550d98b7d4475cec26e9890eee67cf,train,1
111._big_gallery.jpeg,Oligodendroglioma T1C+,f1ef44bf51ca2d787b52b86082eb26c40320e4ca3206083462903ddae74bde19,train,1
108._big_gallery.jpeg,Oligodendroglioma T1C+,af1e8c030d7e557b71a14dd86d3142464174e31a9ef3aa167aa4932ec617f7ba,train,1
e96228053238f5f9329997ebd08e81_big_gallery.jpeg,Oligodendroglioma T1C+,c04a39a165041e2c29cd6b80db2847488e1cde26b2681f6af486ae536179a3ef,train,1
112._big_gallery.jpeg,Oligodendroglioma T1C+,bb09f7695d2f5fca8bfb0b80fc3a1e5a00ebd58b074ab6d3f0725bdc078734f0,train,1
90bc2df6208e81cf42fba764e85f7d_big_gallery.jpeg,Oligodendroglioma T1C+,9acb84aebddac1f36030a647bbe9a5950274c894f7551d82ca69cd5da6000778,train,1
118._big_gallery.jpeg,Oligodendroglioma T1C+,2026657878dcacb6ced749973216a178ea9acc0d66f66f906cfcea2fc27ce556,train,1
102._big_gallery.jpeg,Oligodendroglioma T1C+,db56f7c98f5a581d01e6fafaa68dbb3aa6c3a4fe9630ef09601fbd205b46d9e4,train,1
95._big_gallery.jpeg,Oligodendroglioma T1C+,0ad62b65d646aad831022d58b0e9ccc9fedc6c459c93ba4cf08f4a4bc97b1c2c,train,1
ed7d416bd199b6e04797383083fcd4_big_gallery.jpeg,Oligodendroglioma T1C+,e3878f803cd5249333048a4f0d09d82b58e8e39c1fb73ba70a6abed6ac5217dd,train,1
113._big_gallery.jpeg,Oligodendroglioma T1C+,5b5ebb8edbefaa7042fece81e6452a5434a46d109a8ac948b83be94cf23b92bc,train,1
104._big_gallery.jpeg,Oligodendroglioma T1C+,f7cebbcc8842e477e2b48c7daf0c4222ba54da38b1052583674def96c0958104,train,1
f439cc80939f0c2f395ce628b997e1_big_gallery.jpeg,Oligodendroglioma T1C+,88b053625f4b78491de586909af16fde472223ca83d57e73d8c1adb5304c5a80,train,1
7a263acaaaa58ad76bc56bc409410a_big_gallery.jpeg,Oligodendroglioma T1C+,de9a0b753c9b6890be406a2da6d92c185b11e9621bee7f3a8f2a8e20283f35f3,train,1
94._big_gallery.jpeg,Oligodendroglioma T1C+,d62b4ca9a015ca590864b7912fa7fd3a845fc0e5da79e8cd5826b22742134b7d,train,1
3491d5a5cb7c1d965999e4d9ce091f_big_gallery.jpeg,Oligodendroglioma T1C+,17b236bf52515f171ffcc6813d0940783a22fcea2ad1ce8366ff0d645b36574c,train,1
92._big_gallery.jpeg,Oligodendroglioma T1C+,2d464aabb5abd3891bc31d4d49dd30bc0cbaf7d4a2800739f1d3e99cb0f1543c,train,1
7a3fbfbc0fe9d47630a8486a4a2121_big_gallery.jpeg,Oligodendroglioma T1C+,9e2c43ce05cd8cf1f77548cde7dc0976cb6054a8e728ddcaa1eae87d71c2510f,train,1
04df3be244b7e1a2bb0606e5e61ba7_big_gallery.jpeg,Oligodendroglioma T1C+,2f27fa162a807f3ee96c17f70211bcf46339ce40466fbded05e6322bef71a1e5,train,1
d6efcc44e4251c57e44fd7430fd4ea_big_gallery.jpeg,Oligodendroglioma T1C+,324f7a16142518c2520cbac70f59942094b9c2b3d0794d7712f8257bb0eb0e74,train,1
110._big_gallery.jpeg,Oligodendroglioma T1C+,464b4441579c0f17dce113924fefa6a0873417b947172572af446a82ac305d56,train,1
1bbd85c4528b7d161f0237491dfc60_big_gallery.jpeg,Oligodendroglioma T1C+,ae51f290ba5a9d098a3a210842acbbda85bcaad4d58d0d850504ff332142b61e,val,1
a6e3de2de870e5c52090312e6ab46c_big_gallery.jpeg,Oligodendroglioma T1C+,9b7b844b6c523419d3e1762efe78b80110e91f242ec9a8f09ea867086858283b,val,1
893c4ee68a24e99ab43983e45e54c0_big_gallery.jpeg,Oligodendroglioma T1C+,afe0ae27033e14e872edc1145e50d5ee982ef28333752bbb15dd34bdad7c3387,val,1
106._big_gallery.jpeg,Oligodendroglioma T1C+,684e359ad279d267ffb5db40c8dda65a8141992be50c2098be3025b259ab3316,val,1
107._big_gallery.jpeg,Oligodendroglioma T1C+,601a2380b0b00c505cf77dd2a05b846abf27c251a66c89171402f9d447fd7e06,val,1
023_big_gallery.jpeg,Oligodendroglioma T1C+,1af05b99f262d12b36892615d02abd1a9027e61cb8826aa7f8e0b347c1bc0bee,val,1
326520337e3141b20154468cee19ef_big_gallery.jpeg,Oligodendroglioma T1C+,dac76a89c6aa02c7ca422596685bbc5acafc80577e719b6cb1f13acbb483a8fa,val,1
0efd61cbc159d7be3662497027e154_big_gallery.jpeg,Oligodendroglioma T1C+,165c1e14dd895078b901c2dff6750366f0f91c4982e82afbc0f5d22b7d1ded62,val,1
96._big_gallery.jpeg,Oligodendroglioma T1C+,0767403224ed2d10adebb57c0d50223f089b563fc0ca271b3b02b1973015e3ba,val,1
6341025f9aef49e7665e0bb92c8e50_big_gallery.jpeg,Oligodendroglioma T1C+,a132f397fe43c8363169c6d6f903fa9b9017b941554257e744dc16f7bd356aa4,val,1
ea77b580add516a34ab104ff8cf15d_big_gallery.jpeg,Oligodendroglioma T1C+,f9de495c01d632687e8e637dcabe11290db2ee2ad2664dfaffb75b11148deed1,test,1
93._big_gallery.jpeg,Oligodendroglioma T1C+,4e697244717db832e008090f63cdc9f6a930554345c3fafb5eae193f2599478c,test,1
76781d94596d135e81237bb0ca2ecf_big_gallery.jpeg,Oligodendroglioma T1C+,df508f6be53ec7e672004c438d65a9d77019744a9c6423c5ba7559f0573c9f99,test,1
97._big_gallery.jpeg,Oligodendroglioma T1C+,dcc5f9c022c01233ac0d776872665349d1f7003f7277dfbfedc28eb53197d3a3,test,1
d67bcc96233c96d9895b38dbebbf2b_big_gallery.jpeg,Oligodendroglioma T1C+,73c5e98cb47ea3e89ec03c4171b5c05ee8e4f38c5a9a706bc4e2424ff3311e3e,test,1
103._big_gallery.jpeg,Oligodendroglioma T1C+,73b1627bcd592c3fbab6c337dc1787eb7f03d310900b34cdbb4c45bb474b4ca7,test,1
114._big_gallery.jpeg,Oligodendroglioma T1C+,fb9736b570cacb65990db9c7b298fff8630d629d991036ab00ca69166fac8914,test,1
021_big_gallery.jpeg,Oligodendroglioma T1C+,a334fcf28e602ef7c2f8bd03eb9b2794f29027c0c808b7577f787e4252fd46d9,test,1
100._big_gallery.jpeg,Oligodendroglioma T1C+,93db8f854a493020a5949126c9b714245a65279f5c01b0d66b8aff8add979d4f,test,1
ae2bb3390eea01f6db003b79e868a4_big_gallery.jpeg,Oligodendroglioma T1C+,ac0d70651642305bbf603445da68f81ff11b17e4ab7575d94679146573e16fcb,test,1
f0c1013145531ca44337a3c21bc817_big_gallery.jpeg,Oligodendroglioma T1C+,11b87da4f89c3e11cf01f688003d8b874c39f0a12888c1296642dc78f27ac8a0,test,1
91._big_gallery.jpeg,Oligodendroglioma T1C+,1d305436c5610d62f82d1b0a3a1db51abdb189f20d22a852ad4f2120129f344b,test,1
f272476a74a5e0b49f22c2418a1db2_big_gallery.jpeg,Oligodendroglioma T2,53c2136fb531d19b539262f2f333b8e88e6f304ca1a7741b4a92fdfc0356c05d,train,1
0293dca9776b80bfd003a2731cf3b4_big_gallery.jpeg,Oligodendroglioma T2,d352f23206b09280c7a9d55382c895c4e11d41fe761d88fad4ebbe78e1bab55f,train,1
68c330a9b8fd2abec44c72ec507140_big_gallery.jpeg,Oligodendroglioma T2,3d8c3b6ef72aa40a3ec7c765f5f9cdffbe2664c6ac51da16bb516d07c5874d2a,train,1
62c10be0d92169773fc3dd7c835695_big_gallery.jpeg,Oligodendroglioma T2,d6c1eeb3df3c85ee4cc8faf4b87e0bdf1851090e9da33c74595de24ee159b995,train,1
d94ce21f62eed49a76831d4fa7a86c_big_gallery.jpeg,Oligodendroglioma T2,b6d2eaa41224f2996fdbc423e471aa35c74bd197d9dcd04a38539b96b2d02e5d,train,1
ef5c744704eab493f595fa101578b8_big_gallery.jpeg,Oligodendroglioma T2,addcfb61570556459233165701d2ac7b2b18406711158c372e8bd89154cd769d,train,1
557a647913adb4ab462ed2b8386ebb_big_gallery.jpeg,Oligodendroglioma T2,a7456fac6aa28397944fa6a0942b494e61fb4c56c0287979ca705602a0e684a1,train,1
b1450815fcfadd170a97ba458dbc64_big_gallery.jpeg,Oligodendroglioma T2,869d335f8c12e120796cde4dbc95e8b0e243390ce8366be82d13757132a3a0c5,train,1
405af70fd1528b780171a5e7f37e37_big_gallery.jpeg,Oligodendroglioma T2,afd01adea441851b6b47ebb22c79322acd95b4c81afe67dd4a8f3a78adf9246e,train,1
583b757153748497af4a0daeb82605_big_gallery.jpeg,Oligodendroglioma T2,b18d324a8aeaa08a19a7855f151be55cb90537e132527bf96530f11416b247d8,train,1
019_big_gallery.jpeg,Oligodendroglioma T2,43d1a2f87eddf3005884c4b977f0cfcb96efd831a27ec3fb55ccfd06ac680efb,train,1
Anonymize.Seq9.Ser9.Img19_big_gallery.jpeg,Oligodendroglioma T2,17cfe80d93cd2a6bc3c6fbd41d9c2ef19ae4b580848c12cf16cad05df8b1faf1,train,1
5f46940586404f4340f55b01df9a45_big_gallery.jpeg,Oligodendroglioma T2,73742ca095e0ce2ce50615b4bc9e31e1be98cc7a9e34d7ee0f43065259882387,train,1
c42533ef7cb3b1ddeb276c3e41e245_big_gallery.jpeg,Oligodendroglioma T2,0b706c175931ad75f9910e87516ff694e4f42a84f74d026df641aa340350c9fc,train,1
3b8ff364ddecbf51c9ed1e6ba32029_big_gallery.jpeg,Oligodendroglioma T2,33777cb7e77037ef216b1fbd292b73fc0ed223bbfb9c1d4754ad5e7326f11354,train,1
0fea3eab7c8b46ad4503280d59da96_big_gallery.jpeg,Oligodendroglioma T2,b9a64470cfdeff3d886465f95305ee82ea8e5a41600b234d92c2759a10b5c104,train,1
09a04ec05ffe19b3ec0a59553404a9_big_gallery.jpeg,Oligodendroglioma T2,6a27c89a9d6d4e9004f714fdf5105d497e774c3c9a5bd938932543ce4fa280cd,train,1
7d81122f00c3db5aa7baac95707557_big_gallery.jpeg,Oligodendroglioma T2,57e8cf6503a7661e067354663d6edf621e44c4982d16db9177748a2ea0b448ed,train,1
47240c5feca715414539145095b3de_big_gallery.jpeg,Oligodendroglioma T2,34472b9175ecaecfc5b0b47d9d90e07298d021730a5ede9a1492b815d4e2788b,train,1
f0178120f4db6b65f117c6b79506eb_big_gallery.jpeg,Oligodendroglioma T2,5e854e2a0f6ce0694bd844cb41d621b4e3a81914ba98b3393948fcbb93adb4bc,train,1
570d889edbab8f666a163a3e896cab_big_gallery.jpeg,Oligodendroglioma T2,a56214e7eb2f4b367a8bf581e08e8f42a7ba27ffebc06814eda575e0640e8f9f,train,1
e8238e1d994d99b5d828f260b83d24_big_gallery.jpeg,Oligodendroglioma T2,9f7fb1be79a78a62bf0eb8a31560a5d1f907d46c0a54be385d9913aae35686bc,train,1
021_big_gallery.jpeg,Oligodendroglioma T2,0773c1c755e51076e07a6c6872d93fbfc65af6bcb87fb4b5bcbc9a635a7e2f09,train,1
64f1ac4559d73b0d978dbf261e4069_big_gallery.jpeg,Oligodendroglioma T2,d92c6969690c2d2bbc555cae622377981afda3cad23bd2443059876921e7c37c,train,1
246b895d3295c19593ec425e53a077_big_gallery.jpeg,Oligodendroglioma T2,054d8adcdb6bedeb44dd5e47664d7dcfeae9f0664dd718acdc8515902a03030a,train,2
47a81e63ed0f0d8dd0eda3ae7f2fee_big_gallery.jpeg,Oligodendroglioma T2,6172f24538e9f272b255b0eb91b27c364bbc5dd8b3ce827c8eb8e2a0ed49e7f5,train,1
604d1781d3f3ab309e8c4ccccc12db_big_gallery.jpeg,Oligodendroglioma T2,bba440b19e5686f9534a0be4542b7553c97ee4fcd95cce58e9090a6f377eac7c,train,1
1eca2f2a74c931e67be8909d62513c_big_gallery.jpeg,Oligodendroglioma T2,4f0301d836b7729c4bb86ea4deaeebd8f3a607ac27dedaac845a8fd46b111200,train,1
197227d23e999bd74c3346096f688d_big_gallery.jpeg,Oligodendroglioma T2,f9540b9b25f87ca656b841496497f49fee6cd0ded3b8b72fb2517dfd92460dd8,train,1
7873d52c3ece19c9ca33d69b55a73f_big_gallery.jpeg,Oligodendroglioma T2,cc9c8eb778d4e39745e845cb69f29aaac54789c39e1db04089a490c74c9dede6,train,1
01d8e5649a7c0e7fcf579bb4d6c347_big_gallery.jpeg,Oligodendroglioma T2,b029a91274e47f1067c35708c7e449d6adb4d00f1ebc74b048fe6ff9e2858b92,train,1
0513ff1868f676df42b623237a87d6_big_gallery.jpeg,Oligodendroglioma T2,c5b7bd8f6ed8868c8780b679ccb0a3cfdea7a5e3e3e13745979e9a021429857f,train,1
b90533379fa82d738b66766364d566_big_gallery.jpeg,Oligodendroglioma T2,30c847c727c44c1395f25817518eee4c49bd19bdad63925114ea2fdb6b6e64a3,train,1
a47ec16b7754465e85c1dc8f5866cf_big_gallery.jpeg,Oligodendroglioma T2,7c50ed061545f7aa693b8fdc3be934ef4c06f5adca0e7aaa08de76d067349d69,train,1
8d4bd159475d2a7f0a75cfcdf11105_big_gallery.jpeg,Oligodendroglioma T2,bdf0d60ffca5deaf307659199c46cfa368e3f6d8ff160084e417f20d3890fb7e,train,1
4ffa6e87b65d1d0c93782a23b24115_big_gallery.jpeg,Oligodendroglioma T2,0c33e2502ad952acfd258f4f1c72336594a70158007a6c26bb3039864c7b1078,train,1
35e5eea2a8c3495af9b3573d364a07_big_gallery.jpeg,Oligodendroglioma T2,d59056ab9026870fe4a111c6aa1be87dffb091eb9753e46224dc9df441f37dc2,train,1
017_big_gallery.jpeg,Oligodendroglioma T2,4eb67071e2c45dea59c1c67248cdc475ef64109f48498ae490c752e0f9127505,train,1
f481bbd18a960a4edeacecc0de07d6_big_gallery.jpeg,Oligodendroglioma T2,5e11299613ca5a2008bc54f328c0adf94626ef237ae22c1cc9caa85c6f85bb35,train,1
027_big_gallery.jpeg,Oligodendroglioma T2,17cbba28987b8741a52c21af535e7e3e7ce117fc621d2fc78c167153dab9e9b4,train,1
43f5678cffe095faa293c5f17f8982_big_gallery.jpeg,Oligodendroglioma T2,4af110de7cb5b864c52a3dfc6e43d7d15b8a898dfa345a06d2dfd97d820b72ae,train,1
3b08713c40eae124b1606c6a658c2e_big_gallery.jpeg,Oligodendroglioma T2,a3e8987aede32730d58dfc397ff2b8890378b19c803f073bdfaccd5ffdbd0971,train,1
Anonymize.Seq9.Ser9.Img17_big_gallery.jpeg,Oligodendroglioma T2,affccaaf1c53409fbca050c35c993dd35ea6eeaf2b5242f477a802ef3f0e47d4,train,1
a09c01034ae004696aec874d5ab534_big_gallery.jpeg,Oligodendroglioma T2,2f0d8755b4bfe07143ee631a65f56e2fc9aa568cf7c0ed743bdbc50985bce269,train,1
7d0ce81927b65fbd978ac020e336d4_big_gallery.jpeg,Oligodendroglioma T2,afccfeabbfb6e90351811eeb546ef32c24c19913920e814896a66c2e72419d11,train,1
d3919598e2555d3d3033127224f69c_big_gallery.jpeg,Oligodendroglioma T2,651a9e9f17a84d7585890d44aa717c02abbd75ede6ccb2dca404214116bdc770,val,1
094f171866448db8870db5f2c4e652_big_gallery.jpeg,Oligodendroglioma T2,da1f5f582263a6d5c426442ae51e115d9e485dc96804b7947cd2c593f4bfacb9,val,1
27c793d770e0d08a20d4f4f480e6d8_big_gallery.jpeg,Oligodendroglioma T2,d9ce9c11aa0aac0a5b06d72a5364ed91a5ac726c6c2d7af731dc2e793c6e638d,val,1
d19a0a309062a082e29c57b2b1379b_big_gallery.jpeg,Oligodendroglioma T2,9e92924232bbcb3f6dec703b8a8aba64003836d258789c94ad19156f9f25cd05,val,1
023_big_gallery.jpeg,Oligodendroglioma T2,b0fa07c771c65ca011754f513c2727c78fd38b12a112c0df38f24766094ccad7,val,1
ffa2e58272ac6934a6147b05776ea0_big_gallery.jpeg,Oligodendroglioma T2,482e994fc44544e01f7697ef03db021837c052ab805e7c061d85e36156bfdaa5,val,1
1f31b8172c2e8f8f182f7ba2f56fba_big_gallery.jpeg,Oligodendroglioma T2,9921f173e1a19cbd33edac167f30713b45630eb107408067d8139116f4f56444,val,1
Anonymize.Seq9.Ser9.Img18_big_gallery.jpeg,Oligodendroglioma T2,f04ba62af8055e0d4cb031540c71664441700ae7b3a523f2e8b9eb7c53d099a1,val,1
34b8af2d0a07221605affbd0efaa82_big_gallery.jpeg,Oligodendroglioma T2,0643775bf370690c99bee5ad3098096b172b4f7ac845b2a3ed5a6b7c8467a7c0,val,1
7c76f7f06f16d8b97476436f46b83a_big_gallery.jpeg,Oligodendroglioma T2,ff48ac5e58cef0cd97cb93addd82c8c820326aaa17266ac7486b726ccffd80c5,test,1
Anonymize.Seq9.Ser9.Img16_big_gallery.jpeg,Oligodendroglioma T2,511c990b23cac57a80bd58366b8998d218af3197a4306a52f06db9fb60ba4465,test,1
025_big_gallery.jpeg,Oligodendroglioma T2,2f269eae9d19bb0b852f8bbfbbb5c02c00faea374d42d41324f776ceae6b8250,test,1
445572b309c1d005a0b8831f1bab51_big_gallery.jpeg,Oligodendroglioma T2,d1be4893dc343eb0fe868e87e3d510a05e9b1e50454c1d3f847d33dcacbdf7eb,test,1
7f7f8a93553f05d76ecccb1b8130ea_big_gallery.jpeg,Oligodendroglioma T2,2b705db9daff7db78a54844a4a7750c85ef805f0d637430aa6913c7bd8a90865,test,1
6d2656f8bcd5132d56c6f29ed0cf90_big_gallery.jpeg,Oligodendroglioma T2,842b5c47c85bcb3501acbb6a855a0435024c338e423fc5f72f4221c07fa1c00a,test,1
8374e2ae958a556fe10caf7b7e8928_big_gallery.jpeg,Oligodendroglioma T2,ad203bfd04b1a4b1a64c8427e9cdcfb69aa13f283571fa0371621e9b64b38f3a,test,1
0a8725a3268ebc49e12b98204fe21d_big_gallery.jpeg,Oligodendroglioma T2,de67701b1773a796a003257d875bc8cf42b4cc8071687158511a6a6389658f32,test,1
4d8892979708360abfcd6aeb8c0141_big_gallery.jpeg,Oligodendroglioma T2,4b8969a7303c630b6bb6c4f24739a5fc74a50a38b021952b4ce288d3480e583e,test,1
ab2b042ec209a92b64bdba98719fdb_big_gallery.jpeg,Oligodendroglioma T2,126f02cc6e8e1b861ca63b006efe850b8cb11cc23508b29bb23ca0491f06fbad,test,1
9f74928bc54049d3cab61c7294f2db_big_gallery.jpeg,Oligodendroglioma T2,e4827350bcb3f5a8776a4e00301ec387410e5ed5cf9b914d3a98c7485b50098f,test,1
fd2418c40ba2c590692f8bd848d699_big_gallery.jpeg,Papiloma T1,fd720ed11b42467a95d6472c13f058cfe2b1de70ef59431a6d0c6b56beb6362b,train,1
2022-06-13 12_39_40-Choroid plexus papilloma _ Radiology Case _ Radiopaedia.org.jpg,Papiloma T1,dec019ca9cbc7c48df2ff569acbc256d2a1558db2666c77ac5c38d9e518fa2e9,train,1
downloaded_image20211019-1662-1ja3llf_big_gallery.jpeg,Papiloma T1,b510f66f9b1fda9391759e8224b19354d8026d1d9d9a8d38b9418f7663f3611f,train,1
22cfcd2bfeeb2f5e9887706973ebfd_big_gallery.jpeg,Papiloma T1,2143ffc8c2bf9db2df6e33b2cacd84cd49d496ff4702bca96e589f847c68eebe,train,1
84f75b9c31c3b457f6f5fec94f22e9_big_gallery.jpeg,Papiloma T1,c173afbb4f68e954aa2f09135a67c69a357203658d86349f9dc766638d706147,train,1
2022-06-13 12_39_43-Choroid plexus papilloma _ Radiology Case _ Radiopaedia.org.jpg,Papiloma T1,7fc612291ffa5264e99ecaaddb84f9a2d211711ede1a0fe28d0f866253a480b3,train,1
960e2415b72e2b607d7a658f21692e_big_gallery.jpeg,Papiloma T1,6f15e5451883de792550f5851ff7589b5574c33e17e33ab12110702b138dd7b8,train,1
2022-06-13 12_33_11-Choroid plexus papilloma _ Radiology Case _ Radiopaedia.org.jpg,Papiloma T1,bf46445a9603ff71cf7a86f57ab2252a92eeef0c44f0e3ebffdd9b0ff4110dda,train,1
2022-06-13 12_33_12-Choroid plexus papilloma _ Radiology Case _ Radiopaedia.org.jpg,Papiloma T1,6df0d355eac8d3eaceba29add6c0332d43f96c1f00adee77017d8d726ad13fff,train,1
2022-06-13 12_33_06-Choroid plexus papilloma _ Radiology Case _ Radiopaedia.org.jpg,Papiloma T1,9d83e39a6336abfcbb93f0296158668697276a5ddaa5b982451e3d93b29fa5fb,train,1
534e76046320805662912003194a2b_big_gallery.jpeg,Papiloma T1,39907054de32b5e5f3aec83f36a30618ad3c9bbac3a24b923e74a1179a7036c5,train,1
393429af16aaee7b7dcf251e15061f_big_gallery.jpeg,Papiloma T1,69e7f775d40c51a5c6ab9eca565f3c1d043987469715c87f2976bfffdb05c992,train,1
7d4ae80fb1568c36c21f994758b67c_big_gallery.jpg,Papiloma T1,4225755e972913c2c7e5826e4468b807d128eed2483dc293721bc1a30aab652d,train,1
2022-06-13 12_39_42-Choroid plexus papilloma _ Radiology Case _ Radiopaedia.org.jpg,Papiloma T1,17954cbf80175c92559dcd8fa5ac35fb6f8fc60a4a961cc14581667266f4a69a,train,1
ac97a064803690de86ae255a83df20_big_gallery.jpg,Papiloma T1,9a155bb33296c714fbd459fb276ddce6dada8a58a30856955239f0b82ec73f04,train,1
9951691b0829841b13355a26b8cd3c_big_gallery.jpeg,Papiloma T1,50059a0105a2113ed78ed34a249be9d2285f4e04c9b22cbc87c8d000d0369dd2,train,1
430ed4c491a00f2f185bfbd2ff2dcf_big_gallery.jpeg,Papiloma T1,0b6eb8797fda194d5587d694977614f8d9a608839f6426319d9e2a756adb4ef8,train,1
2022-06-13 12_39_27-Choroid plexus papilloma _ Radiology Case _ Radiopaedia.org.jpg,Papiloma T1,202b0f0dca48f6559a3b1ef68d1f438aa46202aa05b418b91ea38698a83290c7,train,1
e4a83e153440660c7bc846efe8568d_big_gallery.jpg,Papiloma T1,dda71edd86892a4545e21dd5f6be3b3cb17fe1a66bb4522d9bc409acaba6b6ff,train,1
downloaded_image20211019-1662-113guhi_big_gallery.jpeg,Papiloma T1,68119efdd9446e48fba969f22e472640eb7592f8f541c453df10472ca87a7d17,train,1
2022-06-13 12_39_49-Choroid plexus papilloma _ Radiology Case _ Radiopaedia.org.jpg,Papiloma T1,90102fec0140b5092cd6f7298be37033906998ac861c98569e2aa262c8b02c0d,train,1
2022-06-13 12_39_37-Choroid plexus papilloma _ Radiology Case _ Radiopaedia.org.jpg,Papiloma T1,4c5f91033340b553b835d0d19727e55d3f8903af35d44bfec2e434a355d5aa07,train,1
b6374f60553ffcee1f4f2331c930a3_big_gallery.jpg,Papiloma T1,ed7a75468ae3bf5fe6e40dda06119b812987d4fe0f8506e39cff9a1e23fe415c,train,1
7e21e690d1db9c33ecc886f5934889_big_gallery.jpeg,Papiloma T1,2e14730c53e5cf9eb08c9bf4d87c01becca3b854148970965e827b231fed71c7,train,1
2022-06-13 12_33_14-Choroid plexus papilloma _ Radiology Case _ Radiopaedia.org.jpg,Papiloma T1,2be28b9262bd4e977fc382ed16c57fcfd5337e326bc88d8b5aa1960a14da94f7,train,1
c5b5b810479fe128054a347cf3cc7d_big_gallery.jpeg,Papiloma T1,d5f2cf7879d62a78b4d2d49bd58f3b68f5591d29c3acc9886d337bdbf86cc5d0,train,1
91be036c9a23af10ed8cd6b1402abc_big_gallery.jpg,Papiloma T1,5686387bc551618421b93c285c368b422d50722637e4a6d50bb6b71ab88238b9,train,1
6_big_gallery.jpeg,Papiloma T1,77779baf8062116a81fad80bd7c4195ccf206c022b60574b6acb2f87f4de2486,train,1
2022-06-13 12_39_51-Choroid plexus papilloma _ Radiology Case _ Radiopaedia.org.jpg,Papiloma T1,a63ab00eb6ba84d0bdc8fc1666f51b46fa899c76fdaead83239c6bd5af005c0b,train,1
81f4a38e29e489d54dcffe46d31402_big_gallery.jpeg,Papiloma T1,e9857cb3329cd2d50d9d87b1f10868bcc4b56c80dd39489233e5c74fad164683,train,1
downloaded_image20211019-1662-act9r1_big_gallery.jpeg,Papiloma T1,7345c7838ae7d716f80ec7c2de91a5021c1bbe85e3d675edd4b39d75537caf77,train,1
607aee5f4dab066f4c03c3e2626ebf_big_gallery.jpeg,Papiloma T1,6483cf6f6383fbec9e3d74cfee6e82779c7fa854ca167c2659be7232121d46bd,train,1
6df9ee3ba7661fe6f102465738494f_big_gallery.jpeg,Papiloma T1,f7831dcd84b9b94f2e2faed167e518da80efe144166e4b5bdf9f361e2fa1b3a5,train,1
downloaded_image20211019-1662-1y93gdk_big_gallery.jpeg,Papiloma T1,8376af9b14050853d49a212c7cb0af963ee98482ecd0c28de8a0c357fc602825,train,1
4_big_gallery.jpeg,Papiloma T1,46ef32b9988a6cec11f0f174ad9f1b0f9f93e0408c7c552a3a87bee8a4b09d0a,train,1
2022-06-13 12_39_57-Choroid plexus papilloma _ Radiology Case _ Radiopaedia.org.jpg,Papiloma T1,127e5eb1bfce91aa76e01c689f1c0d6c3720cbc3af84e6c19d0ea9cad1048f58,train,1
7_big_gallery.jpeg,Papiloma T1,917536f92359263881c2ae8ca4e18712770eca042b9db8e1b84096aacb6db45d,train,1
2022-06-13 12_39_53-Choroid plexus papilloma _ Radiology Case _ Radiopaedia.org.jpg,Papiloma T1,3f92f1a2c5e1f4001fcb41119090240314c24bca965f4ca9e3cfdc2fb6934fb6,train,1
2022-06-13 12_39_50-Choroid plexus papilloma _ Radiology Case _ Radiopaedia.org.jpg,Papiloma T1,e2f59369867f6a44bb25eade89974098748d96ffa8d0970aba1d922af731a280,train,1
2022-06-13 12_39_54-Choroid plexus papilloma _ Radiology Case _ Radiopaedia.org.jpg,Papiloma T1,a7569ff68547f555c8a8e5f0f45df1f15b98ef3d0a5c9609e0e16014be1d9bfd,train,1
065ef16c7f56723d40c042d2c2cb2e_big_gallery.jpeg,Papiloma T1,5206f7da04b059eefb0de10c4cad1a60b518a4f0dbe066d191dea7ff563098ad,train,1
d3fc4b505f49ed30fc39bda1239073_big_gallery.jpeg,Papiloma T1,c5d57b7a17b548132a8bf47a8e85915a852220081729c8f4a31a37287c59f2a4,train,1
2022-06-13 12_39_36-Choroid plexus papilloma _ Radiology Case _ Radiopaedia.org.jpg,Papiloma T1,928a7735d25c1ec9988374e6c2469426f69f2eb877ef94d1499bc521664fdad4,train,1
2022-06-13 12_33_15-Choroid plexus papilloma _ Radiology Case _ Radiopaedia.org.jpg,Papiloma T1,4be874282951979a5b83d52b5c12ae8e3550b2147ab3a3bab371f5d6fbe9a10c,train,1
2022-06-13 12_39_58-Choroid plexus papilloma _ Radiology Case _ Radiopaedia.org.jpg,Papiloma T1,dfba23e7998c120f2f0ec1c2c890edd04647a081c8d983497654e0ec215b748c,train,1
2022-06-13 12_39_41-Choroid plexus papilloma _ Radiology Case _ Radiopaedia.org.jpg,Papiloma T1,04a1fa544ff6637fd38f8ffb1b8ded3b533172ca49454d2374b02d4b5b9349b0,train,1
59417a30954d59aeac0ddb26c697af_big_gallery.jpg,Papiloma T1,b68f867d221587b754877bfff7ce874f6675c96ff56ef8376f43b1854a92eec2,val,1
5449a09ab50fa75c85c4a42fcef5f9_big_gallery.jpeg,Papiloma T1,c247cba6a59a24a3cf76bb3dfa4c677d2818fedb131470badd0e59608a794288,val,1
2022-06-13 12_48_45-Choroid plexus papilloma _ Radiology Case _ Radiopaedia.org.jpg,Papiloma T1,9cf1bd325e7300d74a5fc8017e8a9c0932db550041cfae89d206511fa60e7481,val,1
5_big_gallery.jpeg,Papiloma T1,b259eb403b0b19354cf309672f975cdb6184c43c666de95d2c9b4d7ef480e959,val,1
7e81ab07013f72cd71a4351b1ec22b_big_gallery.jpeg,Papiloma T1,4a639cbcc2036fb26acfa30bf7a7c9f147c63ef7963416c377b03de5af5a6875,val,1
2022-06-13 12_39_44-Choroid plexus papilloma _ Radiology Case _ Radiopaedia.org.jpg,Papiloma T1,1a687e5dc350c7301184be415487907b22c1c4bf593990c5ec9230cfad68da58,val,1
2022-06-13 12_39_45-Choroid plexus papilloma _ Radiology Case _ Radiopaedia.org.jpg,Papiloma T1,0c43810ece4c2fb4353b75ad49bd4130b5e6d145d24aacb4679979f4394adfab,val,1
2022-06-13 12_39_52-Choroid plexus papilloma _ Radiology Case _ Radiopaedia.org.jpg,Papiloma T1,74d4f5aa10c1b2c67598c99f7c58746cc73b2f180e225f24dc1fb6e16ab20ea2,val,1
downloaded_image20211019-1662-hhbkt8_big_gallery.jpeg,Papiloma T1,22c831d0c236e4cb50469febe82153283481caf8deaf8005c02a5979ffac4696,val,1
8_big_gallery.jpeg,Papiloma T1,ec31ac91b8ba14adece3a39b15ca3fdde7222b8dafd6f2764814b678f2890b29,test,1
2022-06-13 12_39_59-Choroid plexus papilloma _ Radiology Case _ Radiopaedia.org.jpg,Papiloma T1,72dff2e4eeb5cf59103aaf72461f049d28eadb059cb896fe7c755cd98335b989,test,1
2022-06-13 12_39_48-Choroid plexus papilloma _ Radiology Case _ Radiopaedia.org.jpg,Papiloma T1,534325f7b51a9e7d96e542d1150a0f82213b817bae268870e179c654f5c83894,test,1
2022-06-13 12_39_55-Choroid plexus papilloma _ Radiology Case _ Radiopaedia.org.jpg,Papiloma T1,dc39872902d58b1003f054c7fe5f976310a8b136750a04f618549b35f49e6537,test,1
2022-06-13 12_39_46-Choroid plexus papilloma _ Radiology Case _ Radiopaedia.org.jpg,Papiloma T1,95ed5f6db183ef3070d9109c35ca6680bffc785639039b29e1434947ed5a8244,test,1
2022-06-13 12_39_56-Choroid plexus papilloma _ Radiology Case _ Radiopaedia.org.jpg,Papiloma T1,273570249dd0bd81a7a2fd24221f758e1cbb2e1baf5359e28da0bf4daae5ffb6,test,1
2022-06-13 12_39_38-Choroid plexus papilloma _ Radiology Case _ Radiopaedia.org.jpg,Papiloma T1,fa85e559d959875b0dc315876a707890c0c2afc84ef69414f83c707f6e71f375,test,1
2022-06-13 12_33_13-Choroid plexus papilloma _ Radiology Case _ Radiopaedia.org.jpg,Papiloma T1,8d43a72f580aa54fe575c8f61bee5a30b51956fb74dd387530d9aee0df308b6e,test,1
2022-06-13 12_39_47-Choroid plexus papilloma _ Radiology Case _ Radiopaedia.org.jpg,Papiloma T1,1d313248e3b6c5a02d071809792a559155289ac735deca2ec82225bde394c1eb,test,1
downloaded_image20211019-1662-prdw00_big_gallery.jpeg,Papiloma T1,1e2fff4299b2df745062e6c33e1302d43d79c11f8a7907e3033ed0ecddf5c241,test,1
3f4ea0359419ee5aad5b1e63dc2df8_big_gallery.jpg,Papiloma T1,e9f0c448b1fac9a447195520b8a67e82d46523f7746fae25dc009fea6251754e,test,1
2022-06-13 12_51_53-Choroid plexus papilloma _ Radiology Case _ Radiopaedia.org.jpg,Papiloma T1C+,6f9c4e05decdbc4a9e3c9c0421dcc511fd0a10c65afacc00092f2f15d9c89f94,train,1
2022-06-13 12_43_28-Choroid plexus papilloma _ Radiology Case _ Radiopaedia.org.jpg,Papiloma T1C+,623078dc4d0641a47cc1241326d9cc71800b05ad9b4868a04045b6d5d249679b,train,1
2022-06-13 12_51_52-Choroid plexus papilloma _ Radiology Case _ Radiopaedia.org.jpg,Papiloma T1C+,d118fb77b75630f055db01747158a6ee0a49146931e488f8d2c4a88f16d112eb,train,1
d150b2ff24043f8bb11baf226a8de6_big_gallery.jpeg,Papiloma T1C+,b8abc3ee06132706a5c13d31665e1a15c73191df42137d31f0166706df6875b7,train,1
2022-06-13 12_51_45-Choroid plexus papilloma _ Radiology Case _ Radiopaedia.org.jpg,Papiloma T1C+,fd3719a79d8382473993323bf2c6c6f5ddc05da37820adf3a18e5e741f1ce7f2,train,1
8_big_gallery.jpeg,Papiloma T1C+,63fb9beda6d8732ca857d03435055de2d1747c6d63398b10f4e912045bf02f7d,train,1
2022-06-13 12_52_00-Choroid plexus papilloma _ Radiology Case _ Radiopaedia.org.jpg,Papiloma T1C+,0e9ab3d3675c57c67542602a90ca2a156a16af317a51c528eedf9c705a7cff53,train,1
2022-06-13 12_43_25-Choroid plexus papilloma _ Radiology Case _ Radiopaedia.org.jpg,Papiloma T1C+,c604c45f7ab44c2793e6563b004c5e1830e26a1f329390a35d4160c3db72d2c4,train,1
2022-06-13 12_52_03-Choroid plexus papilloma _ Radiology Case _ Radiopaedia.org.jpg,Papiloma T1C+,66d20daa4e171841d8b326dd66af90f5e6e5bffc1fea58d33364b88685d138e4,train,1
2022-06-13 12_51_35-Choroid plexus papilloma _ Radiology Case _ Radiopaedia.org.jpg,Papiloma T1C+,c9d7d8e670801b62d3269ff5dac7ad84de97dfce7ef7365eae2a78342a87ef05,train,1
91b4cbde88f532befd8b254921ce44_big_gallery.jpeg,Papiloma T1C+,f5345c6b76aa39156afe6aa92c4faca23959fd3d962a9489676a951a8f8d5f1e,train,1
983bc8ec98c19f2ebad427201269c6_big_gallery.jpeg,Papiloma T1C+,7f8522a7b53faaaea1c098f3b331d6585d0a27cc7fcb426f37d8351c62677e7d,train,1
2022-06-13 12_40_34-Choroid plexus papilloma _ Radiology Case _ Radiopaedia.org.jpg,Papiloma T1C+,2ec3d8c961966aea8faa7db14efcd2c03132afdffb422628a7d35aa794179c83,train,1
2022-06-13 12_51_36-Choroid plexus papilloma _ Radiology Case _ Radiopaedia.org.jpg,Papiloma T1C+,7f962f9447e277513a795e8f196f56a96e99191819781ad3405914c4be3ec1d7,train,1
2022-06-13 12_51_43-Choroid plexus papilloma _ Radiology Case _ Radiopaedia.org.jpg,Papiloma T1C+,0112d73d19801ed6a775204c1bc3d477129d0e63638886dc7e0e7bab66bccfb2,train,1
06b16d1b5e0bb32fd3da901fc57cd1_big_gallery.jpeg,Papiloma T1C+,1ec777cf72002a4761c2d547b4f397b5386dfcd8025f232153756e7de0b4affe,train,1
2022-06-13 12_40_38-Choroid plexus papilloma _ Radiology Case _ Radiopaedia.org.jpg,Papiloma T1C+,be789ef726c1d686a04aebe7629bea3f4549af40d5644f2b80aa708b0dd8a010,train,1
a3d88024a82ba64c783427d3209bc5_big_gallery.jpeg,Papiloma T1C+,f9e8f0a92864f4025283160669b56580dcb0f0500f68a53658ed9be48d048d64,train,1
2022-06-13 12_51_34-Choroid plexus papilloma _ Radiology Case _ Radiopaedia.org.jpg,Papiloma T1C+,4472f0adfdd34872d6593df1b82e7b2cadeaf2bfec693afb956faa4d4ce6b3f3,train,1
07d067326bd28d9e38ded36c9e2c0f_big_gallery.jpeg,Papiloma T1C+,56727c8cc5d2deae068bcaa7cffb11864fe1bab8fd57c69c11761ec6a2102537,train,1
2022-06-13 12_51_56-Choroid plexus papilloma _ Radiology Case _ Radiopaedia.org.jpg,Papiloma T1C+,18693c339a45c1e7741305b43c5bdf27c1c9b8463788d05b47a69b05bdc7c15f,train,1
bf6282e08c2e7a38b4f7d91035ddd5_big_gallery.jpeg,Papiloma T1C+,56b7c9e4eec06d3b3858ecff8df21b583ab76ea569deae20691fa3b9f3bed1ab,train,1
2022-06-13 12_40_49-Choroid plexus papilloma _ Radiology Case _ Radiopaedia.org.jpg,Papiloma T1C+,dd7e17e7e188b2311ad33c51b2229e399e631df33863d44b654393a47d815902,train,1
65eb23a86e83808f84b6572601ecbb_big_gallery.jpeg,Papiloma T1C+,2636379afdf67c84ebcaa89dd4282dff6bd5b71f01e0993420451e19d63cb0bd,train,1
097cecfc4d7a5b26633551016d5dfc_big_gallery.jpeg,Papiloma T1C+,1a28a1b03292cb351e58388e327f28204bc2958837ead5537640e4a2780d4feb,train,1
2022-06-13 12_40_41-Choroid plexus papilloma _ Radiology Case _ Radiopaedia.org.jpg,Papiloma T1C+,792ab6ce3a95fba6d58e5bd7c010ce7380dac984a902425590f6ad2292f358cd,train,1
2022-06-13 12_33_45-Choroid plexus papilloma _ Radiology Case _ Radiopaedia.org.jpg,Papiloma T1C+,10498adeda5de97f89c98888c5eb8ed0d9ae4649f01cdfee664439b8a282e5f3,train,1
2022-06-13 12_40_28-Choroid plexus papilloma _ Radiology Case _ Radiopaedia.org.jpg,Papiloma T1C+,d484dadf73c601da8f5a3895dd380dd8845767df09d4c8a1a6305cbff464c3a1,train,1
2022-06-13 12_40_30-Choroid plexus papilloma _ Radiology Case _ Radiopaedia.org.jpg,Papiloma T1C+,71091c7d1beb59feac7b593b2d523a0c049a47cd763c4b86cd4eedd40b41a6ec,train,1
2022-06-13 12_43_27-Choroid plexus papilloma _ Radiology Case _ Radiopaedia.org.jpg,Papiloma T1C+,9706892b22194ff9085690269b341f6a1af0e0f6633557f2ddad332f993196ea,train,1
2022-06-13 12_52_02-Choroid plexus papilloma _ Radiology Case _ Radiopaedia.org.jpg,Papiloma T1C+,375ba4f190411509cda66df15b923e4e6885b0fc426ae91a629323bd10224136,train,1
2022-06-13 12_51_23-Choroid plexus papilloma _ Radiology Case _ Radiopaedia.org.jpg,Papiloma T1C+,83e7eda76e9d85cf986432564a80e75124dcddc48d9ac5130ff56469177f0eb6,train,1
2022-06-13 12_51_50-Choroid plexus papilloma _ Radiology Case _ Radiopaedia.org.jpg,Papiloma T1C+,c5125f41d16814593bd10ed5e71903a13f11267bfceabb582465509750cf4b7a,train,1
66265a9867670c111138f657893e50_big_gallery.jpeg,Papiloma T1C+,b1f1dad3cdd85dc4dad9596e1367463b531564d6c0a14b3614a3f044df92e81f,train,1
5_big_gallery.jpeg,Papiloma T1C+,acb2fbfe0dfb32270aba4dc5bd3689f63e7c88bda32accaebdef10838661e5ee,train,1
2022-06-13 12_51_59-Choroid plexus papilloma _ Radiology Case _ Radiopaedia.org.jpg,Papiloma T1C+,449094ae1e6513effbc2ccc96f09af0c403712a15f5ccfd83635bae352a8404b,train,1
2022-06-13 12_33_41-Choroid plexus papilloma _ Radiology Case _ Radiopaedia.org.jpg,Papiloma T1C+,662ba80787ab5b9231e3bf09c83c8da2b8c76df26bbb1b58c82e5d977963f209,train,1
2022-06-13 12_51_49-Choroid plexus papilloma _ Radiology Case _ Radiopaedia.org.jpg,Papiloma T1C+,eef3d9cc376f033f7d182809182a14b4636c7af99673895375f79995ef66fa40,train,1
2022-06-13 12_40_40-Choroid plexus papilloma _ Radiology Case _ Radiopaedia.org.jpg,Papiloma T1C+,1028d527b624b654a6e1b9ac4983bfc6bf1220de920edb47d4d99a19a5844915,train,1
2022-06-13 12_40_32-Choroid plexus papilloma _ Radiology Case _ Radiopaedia.org.jpg,Papiloma T1C+,1eb0f78535591612adced745047548e8b8458668a7fa64c691be747f0dd3c991,train,1
2022-06-13 12_33_40-Choroid plexus papilloma _ Radiology Case _ Radiopaedia.org.jpg,Papiloma T1C+,2eed28ce2acb32395a063c630229494a7264ad96d4897dea0e4e4460aa2f158e,train,1
7_big_gallery.jpeg,Papiloma T1C+,e8266ddf1ae0a6b7bf1a391cdb5918252a9320814f56485df192076e78d003e1,train,1
2022-06-13 12_51_42-Choroid plexus papilloma _ Radiology Case _ Radiopaedia.org.jpg,Papiloma T1C+,68e2f7cc9e1ea3a284417440503ae444928b0fabfbfbf35bee6c5ac65787a740,train,1
2022-06-13 12_40_36-Choroid plexus papilloma _ Radiology Case _ Radiopaedia.org.jpg,Papiloma T1C+,1c826b5c63cf4ca1e9901fdff04e5588af7bd3a6f3d9db8e4328fa21ac044ec2,train,1
e8d215002e8f997c302f3fd832f809_big_gallery.jpeg,Papiloma T1C+,ca680c51b816b7e4538a5000f93277982479f38cde35307cd275b3912dae825f,train,1
3c0019cfa478595fd12da880d171fe_big_gallery.jpeg,Papiloma T1C+,42118584309d274dc8d1a921475fa582fd61fa031bc2f0408f493aacdd953cfb,train,1
f95ba5840c76121873988680f92b33_big_gallery.jpeg,Papiloma T1C+,08ab14658143b7198b6f193e9ac4496539a169b2e1bc1f2b3e3fa5f9e41930e9,train,1
4_big_gallery.jpeg,Papiloma T1C+,5b221ca6c0a66f1a63052b2859ab4bf42437a57e3a1a5a8d5648debdd808347c,train,1
2022-06-13 12_48_01-Choroid plexus papilloma _ Radiology Case _ Radiopaedia.org.jpg,Papiloma T1C+,0a917d03558d91f31b1d908ff63d13e20a55c17eabfbedd7f20213756773472a,train,1
2022-06-13 12_51_22-Choroid plexus papilloma _ Radiology Case _ Radiopaedia.org.jpg,Papiloma T1C+,67ce2397be66acd11f3a2ecdfc9163780a36c33e8132d19b897e476afecffd12,train,1
2022-06-13 12_40_43-Choroid plexus papilloma _ Radiology Case _ Radiopaedia.org.jpg,Papiloma T1C+,0c38d043fa258868d8d3575fb9df2a6221c133b6f4249442f7818c1c09ad64ba,train,1
2022-06-13 12_40_39-Choroid plexus papilloma _ Radiology Case _ Radiopaedia.org.jpg,Papiloma T1C+,84e391711bd395217069e6a146fe7bf1131976f239a9d14a558f527f6d3de0fe,train,1
2022-06-13 12_40_37-Choroid plexus papilloma _ Radiology Case _ Radiopaedia.org.jpg,Papiloma T1C+,e8713660e0d28fb7417417d33c974852e0dd7da83da3e87f5189445be2763543,train,1
2022-06-13 12_40_42-Choroid plexus papilloma _ Radiology Case _ Radiopaedia.org.jpg,Papiloma T1C+,59e8edd53abf8195f50a86f7c9319ba929663bec5ec431a9efce0f0ab8f79861,train,1
2022-06-13 12_51_38-Choroid plexus papilloma _ Radiology Case _ Radiopaedia.org.jpg,Papiloma T1C+,69d48a1030b9040fcced356d7644fb53e2297eb5a587cdb75cac118b6121ba47,train,1
2022-06-13 12_40_51-Choroid plexus papilloma _ Radiology Case _ Radiopaedia.org.jpg,Papiloma T1C+,c8cf134987e14f9220978c22dca4990afb81748288a693085419994c3b19007a,train,1
2022-06-13 12_48_09-Choroid plexus papilloma _ Radiology Case _ Radiopaedia.org.jpg,Papiloma T1C+,166b7032078739b977aafdf4dd2256cd44177587bcfa40d1cbad9576f3a3ac2e,train,1
ebe3e347dac5be006bec359ed40764_big_gallery.jpeg,Papiloma T1C+,0f7e82dd356d5bcc0104e782fb4d91fec05fbda2b3e6ba3115a367ab3b6b4e08,train,1
2022-06-13 12_40_50-Choroid plexus papilloma _ Radiology Case _ Radiopaedia.org.jpg,Papiloma T1C+,9f552a52554641faea78716a39056d5e605e9c99586274db5b01b5b6f664d111,train,1
9a98cfc0b6f3e96f581f5207e80fc2_big_gallery.jpeg,Papiloma T1C+,b5378510de34ecae36a8fec02c401337f4b00f5754f1468b1579a27a86798e2a,train,1
2022-06-13 12_48_12-Choroid plexus papilloma _ Radiology Case _ Radiopaedia.org.jpg,Papiloma T1C+,2f48a2c7116850046b10d504947845f5e18272abcafc851366d31b3446116b46,train,1
6_big_gallery.jpeg,Papiloma T1C+,9c0128f1af8cf20edfc226d2bb7032199639ef38e09b180a2207acb816c298c1,train,1
2022-06-13 12_40_27-Choroid plexus papilloma _ Radiology Case _ Radiopaedia.org.jpg,Papiloma T1C+,4248e65f8d2a5e2595449c35d8557e56fbcbf4a5545104ce718c92796cf4ed84,train,1
2022-06-13 12_40_48-Choroid plexus papilloma _ Radiology Case _ Radiopaedia.org.jpg,Papiloma T1C+,2bcc5a2ed63256a2ab3e497f19aaa70f1537356ffec36e656f1c59afb6ed7171,train,1
2022-06-13 12_33_46-Choroid plexus papilloma _ Radiology Case _ Radiopaedia.org.jpg,Papiloma T1C+,f8e2731cd03bb62e3db01a7da1235538e91827fd4ee1b631d634e3ebef20c37f,train,1
07247837d3017908080688791ffe76_big_gallery.jpeg,Papiloma T1C+,1d9c609bd8b702d3d7f0155927b4d96e70b36f3f8e80c0a820fbc70a69f0dfba,train,1
68a0614342b4f3057dbace8524a0a6_big_gallery.jpeg,Papiloma T1C+,5da1d9f3435186b8314fde7c9232c88c9c991ed7236e1eceea00ed9204a4bd29,train,1
2022-06-13 12_51_30-Choroid plexus papilloma _ Radiology Case _ Radiopaedia.org.jpg,Papiloma T1C+,307d1cd375fc782606939403059e9bbf2a3a561db136843fdbc5acd0de9517af,train,1
2022-06-13 12_43_29-Choroid plexus papilloma _ Radiology Case _ Radiopaedia.org.jpg,Papiloma T1C+,581af308145f63c08f38f90c83bf15abbeb00ee86dfafd1bf53f2e9b9f964a1a,train,1
2022-06-13 12_52_08-Choroid plexus papilloma _ Radiology Case _ Radiopaedia.org.jpg,Papiloma T1C+,db4ff234babac1e463c232dcd31cfb807b2427f8b2c6f5962d99eb18ed69c169,train,1
2022-06-13 12_33_35-Choroid plexus papilloma _ Radiology Case _ Radiopaedia.org.jpg,Papiloma T1C+,3b78288a1b9a45156cd0b736b1ddfe47705a39762bc626c620a992b3a8f3da21,train,1
2022-06-13 12_40_35-Choroid plexus papilloma _ Radiology Case _ Radiopaedia.org.jpg,Papiloma T1C+,7920504ad7c06a5bb8e798fda0b036a88be4aeb5a3a0854904a45249078fcdd8,train,1
2022-06-13 12_48_10-Choroid plexus papilloma _ Radiology Case _ Radiopaedia.org.jpg,Papiloma T1C+,568b5fe61364a795c2ed5147873e22e49c719a2d4645bc26b92684838b38888e,train,1
2022-06-13 12_40_45-Choroid plexus papilloma _ Radiology Case _ Radiopaedia.org.jpg,Papiloma T1C+,337cb44537313d582831d6bab6538d8132c88defd287ed79a391692af9534512,train,1
2022-06-13 12_40_18-Choroid plexus papilloma _ Radiology Case _ Radiopaedia.org.jpg,Papiloma T1C+,540d2387e150bba937bf0e2b114281e51204ae7eb9a08862ab4fde2463366811,train,1
2022-06-13 12_33_44-Choroid plexus papilloma _ Radiology Case _ Radiopaedia.org.jpg,Papiloma T1C+,65307b1b4bd27bfd2f072e0d23e938187c941f211c9e4c3d7ca64a30ffa552e9,val,1
2022-06-13 12_52_06-Choroid plexus papilloma _ Radiology Case _ Radiopaedia.org.jpg,Papiloma T1C+,549123e6c4d69b5dc411b0495a7262fece8234badb66975ae217aeff01f10304,val,1
2022-06-13 12_48_11-Choroid plexus papilloma _ Radiology Case _ Radiopaedia.org.jpg,Papiloma T1C+,c83d88119d1f0646704d246fcb3c1169a3dc2a0f08b3930d5d5363c07cdfbc24,val,1
193985e470e26a4bc1a82e75496382_big_gallery.jpeg,Papiloma T1C+,f76e1a7704947d68704468c111fdc1224af6ebd81f6c81debe4b6b21670de6c8,val,1
2022-06-13 12_51_48-Choroid plexus papilloma _ Radiology Case _ Radiopaedia.org.jpg,Papiloma T1C+,0f024537250de62a94b80e8250bf37b4f074b636738e6ace1ede981abb2083ea,val,1
2022-06-13 12_51_27-Choroid plexus papilloma _ Radiology Case _ Radiopaedia.org.jpg,Papiloma T1C+,d4ff566236f2443860e7cf791de82ffc2293bac3b743710d4f056d9c51f3684a,val,1
2022-06-13 12_51_41-Choroid plexus papilloma _ Radiology Case _ Radiopaedia.org.jpg,Papiloma T1C+,ec84eed0216030356ca9375c49688ce0a19417dc5021256d24748bae3e12b31b,val,1
2022-06-13 12_51_46-Choroid plexus papilloma _ Radiology Case _ Radiopaedia.org.jpg,Papiloma T1C+,7b6c6c0eb58cda06b01c4173d2b06e5c15ff48a2ba3a331dc58cd5ab8b6a8a34,val,1
2022-06-13 12_51_25-Choroid plexus papilloma _ Radiology Case _ Radiopaedia.org.jpg,Papiloma T1C+,6c2043a322feb911dc8032360fbef07e3843a33e3f48b033e09f4c1636ba28e3,val,1
2022-06-13 12_51_55-Choroid plexus papilloma _ Radiology Case _ Radiopaedia.org.jpg,Papiloma T1C+,a8c2f42723912f1abb9fb924889989546fc9f95869943e81abc3e304ca1500ce,val,1
2022-06-13 12_51_37-Choroid plexus papilloma _ Radiology Case _ Radiopaedia.org.jpg,Papiloma T1C+,6446a3fdc0b74d772b952f22c55d498c4d137bc8c983d8fc22f77056b6d3250b,val,1
2022-06-13 12_51_58-Choroid plexus papilloma _ Radiology Case _ Radiopaedia.org.jpg,Papiloma T1C+,135e6d817a9e44a493d18331322fb8baa40d385898279884f01cb7468cfaf9ee,val,1
2022-06-13 12_51_32-Choroid plexus papilloma _ Radiology Case _ Radiopaedia.org.jpg,Papiloma T1C+,ca9694b876e6f30126e1ffc74aa802c53ebc07158e9c40247209829e86d45d52,val,1
2022-06-13 12_33_43-Choroid plexus papilloma _ Radiology Case _ Radiopaedia.org.jpg,Papiloma T1C+,a436c4fcca0b049118e7543e9b0243ff5d62163817e959ba99147627c8ed4168,val,1
2022-06-13 12_51_13-Choroid plexus papilloma _ Radiology Case _ Radiopaedia.org.jpg,Papiloma T1C+,5cc0b1f124ee3e6390a5f2f6501f091e0613ee28f65780a83a84a930990a858a,val,1
2022-06-13 12_51_29-Choroid plexus papilloma _ Radiology Case _ Radiopaedia.org.jpg,Papiloma T1C+,f7b41c0fa5436fa3052b182ad6a851b4f140ea608b1744bbed523673537b314a,val,1
2022-06-13 12_40_33-Choroid plexus papilloma _ Radiology Case _ Radiopaedia.org.jpg,Papiloma T1C+,c99ae7f636a6e351cdd78261a7cf28598c66c9b5983c59e527350bcba4079f9f,test,1
2f499b7402d0a116bc9770a5377e9a_big_gallery.jpeg,Papiloma T1C+,6934811d0f22cda473fbd3878581cc255c53fccf1815fa7711c8595c62eb3f4c,test,1
2022-06-13 12_40_47-Choroid plexus papilloma _ Radiology Case _ Radiopaedia.org.jpg,Papiloma T1C+,9f5a4f4fb76b762263a74830a13f030ace3ae977e54aa0c007b80b57c56f0db2,test,1
2022-06-13 12_40_44-Choroid plexus papilloma _ Radiology Case _ Radiopaedia.org.jpg,Papiloma T1C+,0971097c7ecec57481c543ae3c79258af8d1416cb0d3867293b9946c73980be9,test,1
2022-06-13 12_43_19-Choroid plexus papilloma _ Radiology Case _ Radiopaedia.org.jpg,Papiloma T1C+,0229293fc98d22433e1a63e4a241f6c39928613c78e96fdc47c63ee0730c3f17,test,1
2022-06-13 12_52_04-Choroid plexus papilloma _ Radiology Case _ Radiopaedia.org.jpg,Papiloma T1C+,53edd36c75ffeee911a5fc31392fadb9c7830655628843086e920ffe1089eb9a,test,1
2022-06-13 12_40_31-Choroid plexus papilloma _ Radiology Case _ Radiopaedia.org.jpg,Papiloma T1C+,439956a7eb898b4ada1140fad8e9ab57c4a197141b84826abae329e031651834,test,1
2022-06-13 12_51_40-Choroid plexus papilloma _ Radiology Case _ Radiopaedia.org.jpg,Papiloma T1C+,59507d233b97e3f1343ea223f53ae027eaea80b4e863cd1485330039becbc5c3,test,1
3d34aed1a61900211f8379a721ca7d_big_gallery.jpeg,Papiloma T1C+,db59df8df6427eb46d084cebb284d27bd0e870ceb1ce5ca67a3cd9665262f74f,test,1
2022-06-13 12_51_26-Choroid plexus papilloma _ Radiology Case _ Radiopaedia.org.jpg,Papiloma T1C+,0e21e78fea2963c931d0ef4d017bf95702c771aa11216fa3c2e13424cddcd1c3,test,1
f22302da741452c0a2d73cc3f10d4d_big_gallery.jpeg,Papiloma T1C+,218f6ebcbf05cb962123d649c554da5036790273ab5ff1427e8b3f899244d544,test,1
c526a3b49dff0142152873b1c4a60f_big_gallery.jpeg,Papiloma T1C+,0d68d2c9acccd9344390f599bf7683381f84de9f743c96f4b0484304568f7994,test,1
2022-06-13 12_33_42-Choroid plexus papilloma _ Radiology Case _ Radiopaedia.org.jpg,Papiloma T1C+,ab0ef1b8e379aba3fb981a4a0374d69066bb92a2b60acc35bc482616da36b862,test,1
58454712350a17c44800b66440ab26_big_gallery.jpeg,Papiloma T1C+,e697515463a8227f756dea44b70cbc4b6c317204c297db168d492819c552cc58,test,1
2022-06-13 12_40_52-Choroid plexus papilloma _ Radiology Case _ Radiopaedia.org.jpg,Papiloma T1C+,c4dcee38ec4483cd67c91b220eae96ffc7a883df20416425d5e666a4a000b2a6,test,1
cae55d22e451a2f48e5efaa415c4f0_big_gallery.jpeg,Papiloma T1C+,bdb363209d11aab26a99a0f74c371e72fd838f5c0d0a701a1c5f9fc9843c18bf,test,1
2022-06-13 12_51_31-Choroid plexus papilloma _ Radiology Case _ Radiopaedia.org.jpg,Papiloma T1C+,394222178956333a38e987fd75eb1fa174f9cf46f7769960e86d4c64a57ca816,test,1
7_big_gallery.jpeg,Papiloma T2,ad891602b963838bc1d5ec922c938ea1906013b3288d84295f378b489aabce46,train,1
5_big_gallery.jpeg,Papiloma T2,ae68dd5edcc32407ff6b1a6d43c0faa6924d2978eb78c949766a0e1b29b380f1,train,1
export--2049457169_big_gallery.jpeg,Papiloma T2,eea171af19c7f05a1c199ce05b601cf19039df63271cafce97d21d4e84537bb8,train,1
fadf9916473403d82ae2d6724804b3_big_gallery.jpeg,Papiloma T2,411c0b0b34c1a801338125a7567a27e6dcd2924f4da55b4cec029c2c1e5b3622,train,1
2022-06-13 12_32_17-Choroid plexus papilloma _ Radiology Case _ Radiopaedia.org.jpg,Papiloma T2,9472ae53c63fe64311481e00b0b95e71aeef13c4c181987fb54db978c44dadc2,train,1
ec633a79e6f5f1916987633ea36db9_big_gallery.jpeg,Papiloma T2,eda6cf687e58570fe8772c806abfb712902f8fd5b0ea481596870e9c522b45c1,train,1
9b2e6e8517abe0ceef03839d87ed66_big_gallery.jpeg,Papiloma T2,64aa8566cd48f85dd383c5f70009cc9b09c25d664b342d71bc94adb846fd9995,train,1
0a283d1d0796be553b10c0a60a318d_big_gallery.jpeg,Papiloma T2,6dd41efe17bef602e815187acd6421f26f129452168fae55668a96c2385cd10b,train,1
export--2049457203_big_gallery.jpeg,Papiloma T2,649d8315c0b1f6104bdb58e102d4f1c3fe943facb999ebe9cab0b52c5d30878f,train,1
a93ab7bef1bedc9c49219ef6b9c361_big_gallery.jpeg,Papiloma T2,552421220c249c9fc1e5340f72fd510d2ef7fbe5ef4f110bad9305f0978c9563,train,1
2022-06-13 12_32_20-Choroid plexus papilloma _ Radiology Case _ Radiopaedia.org.jpg,Papiloma T2,840a4a8afcd251587f0af61e2b3d6bb82922f0cab9ebc8058394694a2dc27b52,train,1
downloaded_image20211019-1658-oty3k5_big_gallery.jpeg,Papiloma T2,6e423e36d5ba4bc2d6f35059cb3cbbcc3e29151a7b87f0d0e83c42abfcb2a2c6,train,1
export--2049457206_big_gallery.jpeg,Papiloma T2,32bbf7d7008fe16aa7fffe059b0a9906e6e14d0cea97671b916b3d4a270a1bae,train,1
export--2049457204_big_gallery.jpeg,Papiloma T2,f84847912bc69916fffca780396473acba03cc55f85cd0910914b9b898a48b7b,train,1
e455f1fd48ee6faa72624dd990338c_big_gallery.jpeg,Papiloma T2,4ac4a836f560fc8d0ef41e758221e2b64c0a20c95d1d4408cd0123197d4366ae,train,1
15fa6ff00239e9a1f08984abaa91a1_big_gallery.jpeg,Papiloma T2,d1da9c5ef3adfa63bec25d650e2ec540aff924d9f43d35bcfd37d53eb1eb4d7b,train,1
2022-06-13 12_47_36-Choroid plexus papilloma _ Radiology Case _ Radiopaedia.org.jpg,Papiloma T2,2137b29542dba944a54893118725b0072f2fe891dd546ae4c26a203859e078df,train,1
7684818ae70cd30a1252670a907c99_big_gallery.jpeg,Papiloma T2,36c67d0e0be67e26566c0946855c3c659ab7785bd6922b544e2b50af7ccbe263,train,1
export--2049457168_big_gallery.jpeg,Papiloma T2,7dc2984e210b510c9673e1cfbd06bc5b05073ac9265f16bee1456bf608925a26,train,1
0bd37d9e8df1f76933f7830b7772eb_big_gallery.jpg,Papiloma T2,36b5b05f35ed8ecad38fb7c76660f241c9bf5c1fc70aa047e21cc0d77b595768,train,1
4._big_gallery.jpeg,Papiloma T2,32b461f17720c9b2cbb99b953bcdd1e8a3c9192f3c6808fa58f06551b13c707e,train,1
export--2049457207_big_gallery.jpeg,Papiloma T2,78965ed160f6d767b2264ef625912c05d0004279a71303e8288fb3275a1c5469,train,1
export--2049457166_big_gallery.jpeg,Papiloma T2,9facb2cb3e5d2f71daaccc10bcaea5f829560273f92a528df196dbd8e15cc882,train,1
downloaded_image20211019-1658-1cbzd6u_big_gallery.jpeg,Papiloma T2,cad732b0c86ff0636d8533bcfdefbdd83e76484c3dabf36be6720783d818ba6b,train,1
4_big_gallery.jpeg,Papiloma T2,947899635738e9318aace30c20fbdeef3908d432b2e10b7f4e880b56fb9cfddb,train,1
2022-06-13 12_32_24-Choroid plexus papilloma _ Radiology Case _ Radiopaedia.org.jpg,Papiloma T2,a3333f9c54803c5f4acc68c61fe7238aa0af2da0505fccd6e98f99f90ffc7ada,train,1
c92b0693693583ad9472bb9583ff42_big_gallery.jpeg,Papiloma T2,859aa3a3ce01b49ceafca53481280d66639fdc0c01bc967b7c2b57b3c7dd7866,train,1
8_big_gallery.jpeg,Papiloma T2,0ed5ba20354b13e9c8a1dff5f5290d50cda9ba6613b9714fa3a2ddf41fac76b5,train,1
2022-06-13 12_47_37-Choroid plexus papilloma _ Radiology Case _ Radiopaedia.org.jpg,Papiloma T2,f5693ea335b8ab531931f2866e0239365c5ba9957973f51c1478a7df91fd60ef,train,1
export--2049457202_big_gallery.jpeg,Papiloma T2,6c934a758989038e0b460400a8a9d942c25ed3d2b1c0eb4a631cf7cf49a4d46a,train,1
57b045ed6f1737a0cadfd3ce44acb8_big_gallery.jpeg,Papiloma T2,184372650f2971948e7e246047d4f848bdfaf84984b0f52201685670aa7b1feb,train,1
26110d8af1037ad4d4fb7a37540d27_big_gallery.jpg,Papiloma T2,34e5059b73ed0491e36b7c8e6f9c48935af68b65b7c19eef2fc8dfec9adccb6e,train,1
2022-06-13 12_32_14-Choroid plexus papilloma _ Radiology Case _ Radiopaedia.org.jpg,Papiloma T2,8b7edf7afd5c66dde4e43a1f283bd77e53d2a5cea8171a9d0aa58b48d236b127,train,1
7ff8d75c8cf7affd0aefec705d5b1a_big_gallery.jpeg,Papiloma T2,ca13deb13d086ec39e9450b7fc3ba6683d11d8769808538c3729461fc9f90fff,train,1
export--2049457200_big_gallery.jpeg,Papiloma T2,00e9e6edd8d56112c08bdb18980de041f3ef81e9f96318bab57f9ddc1350fd7c,train,1
5687c8302b12936d9e150eb57f0c2d_big_gallery.jpg,Papiloma T2,31a6b1f6d70b39e00caf07d8ef15d2debb7d611b5396748ee2cb0cc16050dddb,train,1
65cb6551ec1aea102b1ea33b1e571b_big_gallery.jpeg,Papiloma T2,acf1d286b4dfd3656df5c3c4d23dde41aa8ea5f5927194750312fc65b597b3ad,train,1
export--2049457208_big_gallery.jpeg,Papiloma T2,534c758c6bf16da1041ad818823f077094a09a2fdb32ec91c59b6296afe2dee5,train,1
aead3fc05d8ceccdfa4ac73cf09e33_big_gallery.jpg,Papiloma T2,1ba68a241de0d8d381e7e15e150a34ec4bfae87db292b4f46840b5f7696bcf90,train,1
2022-06-13 12_32_10-Choroid plexus papilloma _ Radiology Case _ Radiopaedia.org.jpg,Papiloma T2,1a80f34a1aea6015f36cb4052a392cb1ef787a6b213e2276f3b9ae0aa88bdeed,train,1
cb802acf0b48fc39914fae714190f3_big_gallery.jpeg,Papiloma T2,d9ad5270225952398e72c5ca21bb6fe5793658fb3a848334334e4d2ffa17859e,train,1
10ff8f408596b061efdeb758c7c984_big_gallery.jpeg,Papiloma T2,ea22205d9b295c23c7b5022fee984e01e45da2aff473f3ec4b48bb39411a432e,train,1
38ccc042f6e58b1adb09184377d4a8_big_gallery.jpeg,Papiloma T2,2ee822c0aad89374a0463839be7124937eb6573206ab9af81f5fe4d126947845,train,1
eb26d2287849d0f2da481f2ab9eb31_big_gallery.jpeg,Papiloma T2,194a690fcf7cc20a379dbd48003056c51933ecf1cc6f1fc143a933234196c144,train,1
2022-06-13 12_47_35-Choroid plexus papilloma _ Radiology Case _ Radiopaedia.org.jpg,Papiloma T2,d170633e0c7da1ee5300807acf965c3c8c37e3bd1c8fe2eeeadedd6fe4ea8a10,val,1
052ed783fe21a513f058d2bed44d32_big_gallery.jpeg,Papiloma T2,f3427b82be273e7896a2018843f1bc1ba190ac87c6f35e2b9de0e209b36d8f12,val,1
6_big_gallery.jpeg,Papiloma T2,b7675ae414dc51579def7601a0a1bae6cccd1d2f5171eefbc88c46ce399c2a10,val,1
export--2049457205_big_gallery.jpeg,Papiloma T2,6983c59451c191ed8c779a1f3d5583c000d8ffd9bf0e49ee2d0eeb0ef7c6a7fe,val,1
d6d485b45a86c9c6aca01c813bef08_big_gallery.jpeg,Papiloma T2,2777af6a0c33a24782d432ed7894e07cd81e228cf67116c4a1a8358bbc57b56d,val,1
7cc1ae6f1935bedb2700bcf2d5a054_big_gallery.jpg,Papiloma T2,1b55b2e6bf8cb8ea6859e1ebb7c8052bb653bb215f152613457b766734947e29,val,1
2022-06-13 12_47_16-Choroid plexus papilloma _ Radiology Case _ Radiopaedia.org.jpg,Papiloma T2,b60b1d180371e038ca6ea09cbefe966221ed4ef48118189f455f45a5473a8a25,val,1
downloaded_image20211019-1658-1o19lwb_big_gallery.jpeg,Papiloma T2,eed34fd3ca2c9c709d33f6f732a642e8497cc06043441925849cff282e1e7a07,val,1
export--2049457167_big_gallery.jpeg,Papiloma T2,46b95a099e2a1278667c186e7199e3525a5297dae63426607377ff54c955a181,val,1
07ad78b62e5da5d0f35b39825309c2_big_gallery.jpeg,Papiloma T2,9e18762eb8fc05a83df7db9340ada8a30bd7fd0e79f5fba512ae59b586623b7c,test,1
f671285132199884784bb94dbd2458_big_gallery.jpg,Papiloma T2,d321b4472cb44b8ca2d775947e1dc789f0eac774b83c10dffb7eb987a28c4695,test,1
7bd69d835e21968c0acc248b8578bd_big_gallery.jpeg,Papiloma T2,74d7fb6ee4684b23f12be5579f5ad3f763eb443dc516f140e528bc828a8b421e,test,1
e09792da7efd49445895597ca6a3e4_big_gallery.jpeg,Papiloma T2,bf1e36fa11b4eb657b23bdaf66c5b008059d6147da9e3a5d964d627781928250,test,1
export--2049457230_big_gallery.jpeg,Papiloma T2,0628412d55b6dc5674fb61b3006ad389c5929a3dc204413b9be160946eea9639,test,1
export--2049457209_big_gallery.jpeg,Papiloma T2,cf290335b6945f13de4ea928542ac33e90dcf9c73ab9a05594904ed26c199690,test,1
2022-06-13 12_32_30-Choroid plexus papilloma _ Radiology Case _ Radiopaedia.org.jpg,Papiloma T2,e8c0fa94137ac87b4a0f7fe58dc82be6816ea75c128937e4244eed8431e2a235,test,1
downloaded_image20211019-1658-1qkq9hw_big_gallery.jpeg,Papiloma T2,adf876f84c9a4042c8e2b7e07aa43e4d417227d76891642a75649290c4bfbd2a,test,1
75df3370548b4c62f36998050f3e93_big_gallery.jpeg,Papiloma T2,ff283cd93a2d9b3f2270bab6b133064c93fe360d7348d31c15cd801022992ff1,test,1
export--2049457201_big_gallery.jpeg,Papiloma T2,76ae372dff3f8d230717e994fa6f017491d31aa119f697b2fa5f2956c382a94f,test,1
6_big_gallery.jpeg,Schwannoma T1,d5bfd36cfc2972d68bef7a1cb9b9f547c5f20522c3c2e380634bdfafe91e8c30,train,1
6fd1f71bd48e6efe4aa279b2c63cb86ecd586fc8b3e9d01a85657f82149c9e49_big_gallery.jpeg,Schwannoma T1,00673dea1777e3764d440ad0d5a1b323be12e92c14284d91c174fc3c41787fa8,train,1
6c79c8d3f4f19604063cbdf227686e_big_gallery.jpeg,Schwannoma T1,7690b9a68e466a4be1a71a7e66c7266550ab74f053dee4449bc26cd1da7df5f8,train,1
050e9aa41f291aa687659dd739769a543f79c7483ad54085221663f610a309ff_big_gallery.jpeg,Schwannoma T1,91e6cbe4f74b6aeacfe923b6f31b324426fa44c4fbe71d5af741fa8503ded972,train,1
2022-06-06 10_30_36-Window.jpg,Schwannoma T1,fcd4e31da96accbb673791e5a0e843aaff7d395d57f333ff7c1277c0a4b86e5e,train,1
17ee73cd41d9c9d424f3de4af0202b_big_gallery.jpeg,Schwannoma T1,be739d6632e21448dd066c888c4e2a1eef3b12f3837884a960b7f3955fa7df9f,train,1
e1f30698eca9c1829acf08bde1b251eaeea7c2cb46a7e4be3e976cca53ee6e9c_big_gallery.jpeg,Schwannoma T1,b811816eb86dcc7fc46e88b168bea855f91f559cbf635d600da78d1e0865fac9,train,1
72cb54935e70489b7d30bd6858247a0dfc34a428e6ea29117a21f1d6b4053ea2_big_gallery.jpeg,Schwannoma T1,efff5c622723e63872db970906ff3a94818dea894ef7d8d712db09660d93da2c,train,1
5ec00d42fa39fdb61aff8677c8df84_big_gallery.jpg,Schwannoma T1,075d95d689b90c683e38e26d8a24f09babfeaa1965b1d21cc265f3947dbfe9e1,train,1
1d2caaf061703e2a601324f3c625ba_big_gallery.jpeg,Schwannoma T1,f511fc2636930e7ef299ab65ffefc493a5b8725327679c9ccf3f003b67ca8fd6,train,1
553ca5092648490ca9833f1ede72026fdc6d461bbd23e552ca02777c29c0b907_big_gallery.jpeg,Schwannoma T1,18addc3fb5b47b07d566c41c4373654530bd67bdf804131c8983101d3950c1b0,train,1
e0154dfef1d944ca75ab9f4f35b31f_big_gallery.jpeg,Schwannoma T1,cb767937db8da49329364656ec8ded0a2e0b339f36b1a1e347443456c161cc05,train,1
2022-06-06 10_30_45-Window.jpg,Schwannoma T1,3140ec52b98e6fb4b84efe2fd8d095045702393abb82eda4cb0f84236201e1a3,train,1
f22ff0e8cfda7719b9b83911f1f200_big_gallery.jpg,Schwannoma T1,6e4daf83bf6c8a426fd1fff5cf4ac20b11eb9b081d4adce891bbeb82e2c8def5,train,1
2543e7f4f4a36d418904a281f8d1eb887bdfb201e1fec8419a62b8e93b0895f2_big_gallery.jpeg,Schwannoma T1,9a342a7a59f4106ac054a0befbaee130482a9b470f6f260f89f3b1cc55f0315c,train,1
087bb41ad6aad95476e0c02e604c29202070af8e63be6267f57376758529ec45_big_gallery.jpeg,Schwannoma T1,4afb4793dbed8b6ef211202c9d356151fd22670bcecb07c90aac466fbc00d8de,train,1
7d590c4f75bc4881ead33130b257fd_big_gallery.jpg,Schwannoma T1,fef187236625113232d27a8381eff93764d2589e9163fa6315fa73f67b9a7111,train,1
9ef92a37e513984d22db966884d39d_big_gallery.jpeg,Schwannoma T1,0143928c3977fc44b15be80621239e410defb9ead3b7ecc6fa2ed4263a5b9165,train,1
96d040d42a898089d16944078bb9fe_big_gallery.jpeg,Schwannoma T1,43dd8ca9440bb382abd7e876458c708f8baa0f683f70d94d0c89515bdbf8c6e0,train,1
c393182be9bf530ade0e134b2a394a4b5f2d37e0071389347d494e04e2888737_big_gallery.jpeg,Schwannoma T1,6705c78444b03e16a8101e4dc783d604b429a9db718c58145ff2ef1126e262d4,train,1
c15a460d1e46bd36982c353a6f0fe8e8e003727f91c1541ae06c159cc7cd71c2_big_gallery.jpeg,Schwannoma T1,5add691ac97b6a0b7ad27d6229e3a18d939d08dc5b57e00ceca3f3a64c0b3291,train,1
3754f11538fbd2064310d05bf84c818579c99bfc7ef3275cbeb034669f7889bc_big_gallery.jpeg,Schwannoma T1,88ab1ea6eeb63180d248ad38ce649082679f538e24f6ae16c71155805b2d7e48,train,1
bd57c42d840e6730f60a3a0b35c98626338251b9d7898e00b3ca387a8935135c_big_gallery.jpeg,Schwannoma T1,e539d862feb503bb6008d10a6a5201083bb62e921cf6a841eb2d2cf412cfa0a7,train,1
30bebe2dd1a7e462c6680325df7c02_big_gallery.jpg,Schwannoma T1,0d73fe28b761233fc45df8f156b9199dc727802880b8c082c4f29ffaa78256dd,train,1
114e38d345fe1cf2acbf41fccee8f41dd0b0fa0fb6c223e8f99e01f1ce533595_big_gallery.jpeg,Schwannoma T1,a08373c234c61229fc94408059d4390cac39500ac24dcd5fa86787ba8c4d1336,train,1
9365cc17580c903a256e2531402fae_big_gallery.jpeg,Schwannoma T1,a0432161303b661459f8af45bc4a080b2b63b45354bf2454ed4772f65db49113,train,1
cd7874303978be0d32f16957d475bd80832c682b626543aa346e14f60bcee110_big_gallery.jpeg,Schwannoma T1,939701ede90090a40107cc9b0b2a02a928207e2bb196c4a1316f059ce2d692fa,train,1
0c8fcd2e85725d22cd6adc964efd1d_big_gallery.jpeg,Schwannoma T1,3a45459ffcece989e2b9c52bf705552ab5cc150af4ccdda37039fd85223daae0,train,1
9c5bc17e13152d48cc0f3bfd038c7cf48c120232b352018857efefe4fb9121bc_big_gallery.jpeg,Schwannoma T1,848935503e30dc4fe5c7503321ef07d7095c860c4e2db1583a7822d318fa1d35,train,1
da8c8ba31884f0de34705c32f1861a_big_gallery.jpeg,Schwannoma T1,95e04bfab2e3c24a44d17bc5f0825a4d90742b65dc5d79b1ca4ea9e6ad7e7664,train,1
8ed22e1276c9d218c0f2f0c572d385_big_gallery.jpeg,Schwannoma T1,0736a32cabcdd88bd0ed832902401da121afb6c20b0912d8698e135780e005d4,train,1
0d320a3253450bb35edfed48e6df37_big_gallery.jpeg,Schwannoma T1,b1938eff90ecaa9fd4b40eaf18526741f4103269fa0e720700b7668d48e97d54,train,1
5f9ee714d0ac31e87f3bbdb59b1775_big_gallery.jpg,Schwannoma T1,34b8926aab9eab34c427dd9504b34166403716e09a2b1cd37da498da81221926,train,1
3af3811f03789281727d71d3855232c93d2d657bed304c704fb89c3945a8747e_big_gallery.jpeg,Schwannoma T1,f40db80b312f02ed0fae5ca2ebf2c0827da378ef6cd99f88cc9ea917f4a7a0c4,train,1
c600a9222eb9048eaecedacc0a592d_big_gallery.jpeg,Schwannoma T1,f39c9162157c3853e520ebab521641e83f01c0387a89d81853170179d917cb61,train,1
325135d5ce89e76466e9317fd9c337d53045d967375928dc2e49906776b1c384_big_gallery.jpeg,Schwannoma T1,cf521e9222da873dd9485ef5e713bdccfd876077c4aadbeb0abf7b037e71128a,train,1
d88382f12291dd7bead1a516d64a09b15131b9eb10bfb1fc0837728bc2afa373_big_gallery.jpeg,Schwannoma T1,56ea745627a12e49851a63e94fc7f8ae2810062b97adbca0b62e775e60e01806,train,1
88458f7905ca3fe54f8e24de348c2329d1db9f4ef9343103620d5baf9dc9afab_big_gallery.jpeg,Schwannoma T1,a593a5e5ad28cc1253ead01fc608610918d743dab9e9b09cce9f6f8f4b45056b,train,1
5444575605346aafb782dab9e229819b82f5c2a9a7b0125073303a3bdbee8c10_big_gallery.jpeg,Schwannoma T1,b97fc843e7b24aa65b40cb9b10e57bec77a9565aecab0d9a6cd5664d80a88e82,train,1
0c383af62f4a63e9319c6851115dccd7310033b8ed144f9c3016a45736b0bf95_big_gallery.jpeg,Schwannoma T1,2fa969fe1a52bc8eb8c2809ed8836d5443b4c49bf2ff4ea1cc8f7d5fce21c558,train,1
27373875ed86c546fc17795655a169_big_gallery.jpeg,Schwannoma T1,ee72c6ef59548fd2c7545dfc67e7177e39e99a4265ca95237ee6d5f83135a194,train,1
50a0c2616a88afe29f672f1621014823f7418cfda6e1569ca1cc21a58265e3c4_big_gallery.jpeg,Schwannoma T1,b34285490e31ef18809ad26f46f090cde0d730b7401ef1771c4c5661fc867300,train,1
bbc0facba2f1859908a624f95eb0314cea40ee8fcaae32b173d7f8726d23e152_big_gallery.jpeg,Schwannoma T1,69926c284904d212e0e6cc855ba054e4ac7546d438df7828a443a7cf9055406e,train,1
c1d43725967d8ae5dee20c829280f1_big_gallery.jpeg,Schwannoma T1,e5e9cd9b1771f3356e61cc4348ff1f6198ecea20a7ff6ef37ad2f48bc2aad230,train,1
1cef2ed57e1fef355c8d0b22a07dba_big_gallery.jpeg,Schwannoma T1,26ac85fe5b47e41723ebcecf88a07d4b08ad45e57520ec5f4410e0aa8e9cb998,train,1
37b6158f8b500bef62d40808425027_big_gallery.jpg,Schwannoma T1,d37c0320bf51ca0fdafb04ec8977833abcb2859f85b288db1ad6a37045c5aedd,train,1
1d5b477de58cb5ee5c4b1a1753b4b8_big_gallery.jpeg,Schwannoma T1,874daa85e645dc749691ded931b3ac6671567ca19cdfd7f4fa396e6dd79f3863,train,1
ed5839ef8dec3ef24d1ceb19f9f76c5125556e3bfb09c8e5e1301c622533d501_big_gallery.jpeg,Schwannoma T1,08682ecb93a828a9f0d6fec760389bf5cdd6454887335284eb496b584fedf956,train,1
489d4332430846388459d4fedb8856_big_gallery.jpeg,Schwannoma T1,6f2a097745b49b93d673227f163f803cf649bfe34ea8dc78cc5155c68ae9334e,train,1
6c621b25d01b4fdd1f54ef5c1c6bcf_big_gallery.jpeg,Schwannoma T1,602fb3bdcc5d9c05c351929ad4746050c178a90a508b6f9c63f33021491513d2,train,1
d16758d2ed8566cd7768019deb87c6_big_gallery.jpeg,Schwannoma T1,34bb1598032a2d8f8fa5d19afdc1ae648950a816a123d551372cc4eba5a22309,train,1
79be2593408807a93757a0c58e57a3a23eb4ff1f99a2fbf27f3bc54f5827c0b1_big_gallery.jpeg,Schwannoma T1,2083ddf343e5240ba62ca0abff6d943d1d6844e17d10a11b7cb0d63487167c88,train,1
2022-06-06 10_30_33-Window.jpg,Schwannoma T1,7667cc09092570244c98f4f6328fb415eb69115b99ebf30dd7a5e6a5fb1ff32c,train,1
fd2ce503e2d9212db9a5fe268f9884_big_gallery.jpg,Schwannoma T1,19ded1bfd8003581a0eee1783747ad560e113eb72d37a5c6baa4450d27b7759f,train,1
d7726a56373cc818ff8724badfeaf2a0b452655deaf61f63ecfc9807ad59a061_big_gallery.jpeg,Schwannoma T1,371dbcd5d4fc78f71a390219177bd47e0d6bd017dd3778ad249558b037a82327,train,1
3f6fc233deaff018021d5ecf255c273c1707d649c1b741425dcf5cd07956a653_big_gallery.jpeg,Schwannoma T1,ee43ab085ecb97db74a4a32fe8f8dc975968e3b32be69a3f56da526a3fdb0155,train,1
8_big_gallery.jpeg,Schwannoma T1,1ac8e1b2ae260e69afd77e1b5f4d1f8dccefed4a646085c1a14c31f91bf1b647,train,1
d9979b1f271a31566f1fab93029c87_big_gallery.jpeg,Schwannoma T1,4a25277e72a388d415afb8942259a13e5268e63f39d5b9a2338aa527d92fec8d,train,1
6f06fea547db29c2e001435286454d_big_gallery.jpeg,Schwannoma T1,f9d6001f79d3ceead236d4e9c0b82b36b854d38f1c7f3e6d5ec3b41be6797323,train,1
3d1e15f375ab93481574523bbdec56_big_gallery.jpeg,Schwannoma T1,c4a8343cb6ecee49d67972f1a4fb8d954b7da894a8de6126af9fefa073bb4d16,train,1
0cbf065b339256cdecd468d596eab7646c2beb079d448093db7765c0f971b2b5_big_gallery.jpeg,Schwannoma T1,31103f584c7b76b43ff065511457032de5fda803909d2769695ea6d91754b87f,train,1
2f146f969efd67b959f177268a8da18028ce5340b03932c449f61514fcfae5a6_big_gallery.jpeg,Schwannoma T1,acb1820cbaea02556baf983316aeff25a321716a2b1f9863aa23cff1e102c5dc,train,1
a2af4d76406ed4f2985e72e0492c84_big_gallery.jpeg,Schwannoma T1,5d4122bd491e95ceeb52c26ee2dc550a0eb12c9dbeee7e3d319d5e93f24a739f,train,1
6f3edcf7f32fbffb47f0fe99ea0a2eef1f9c6e8bb26dde26b749e48580edab7c_big_gallery.jpeg,Schwannoma T1,b994620c60aa9a4ed4ef5bf47fc24ae16237e92a51ba87aaa3b55dd779ae73b3,train,1
bacad0fa1a7cf620e36ee77ab5b4bd1952e00e7fbad65cd56cf46829946dd53a_big_gallery.jpeg,Schwannoma T1,620dd46b5a4777f00f027199ece6b4b05c23c37ae2a7a0f375f435166e39744f,train,1
20468f5b35fea1f83eb200ff3593ee_big_gallery.jpg,Schwannoma T1,8dd077a05c2343ca1d365f273be719996aff68d0e0dab1a7c65ae90b0fcf23b9,train,1
25c634a44e637356762b0c7ff16bbe_big_gallery.jpg,Schwannoma T1,4060476e8dadff6357d441788318fd5ad58a6cb243b09bc812eca69dabae38c1,train,1
1601d7899d2f3a5b9c2509b842c09314069fd25a172d6db93bd0d392e6346a30_big_gallery.jpeg,Schwannoma T1,ca3c9aaeee3c47371e28090b67fab93d866caab398c521940e038e642a50d58d,train,1
fb700d8d31df0a3000be0d64a8831dc44c1dc4f9bf91d1c1255e8d1712326b0d_big_gallery.jpeg,Schwannoma T1,47e261876e53f066ea65b0b3e344a6d7d354fb46aa3879e8055a27d0a0fbcfe7,train,1
10_big_gallery.jpeg,Schwannoma T1,1f196ddce01b8aea1c6ca2c8095e0c7abe40e523a0a5546b91cf1851f83e766d,train,1
e3edb0b3ebe8890dbe0202049c25f3a6481ec6d83dd7f12e6f2ed4a294925d6e_big_gallery.jpeg,Schwannoma T1,a3402a23c14347d232add5a1e9831d4d2c1c8451f7812ddaa14919056e743d43,train,1
2b42426d0f2f32440539abe85ffee20b8010378be9376793975f569664a40367_big_gallery.jpeg,Schwannoma T1,4ca0e89e4109b990cee541eab9be792c0e17d07ba434c63bcf8e4b27a08956ee,train,1
4d9c85c9a440cb93d88305971a5f334c527e5802d33a89cc868a01ef989657ba_big_gallery.jpeg,Schwannoma T1,c5139087c0b5987923999d742989bd3cf57940cc713af4eed0af11c5604fba3d,train,1
fb6e752e2194b72574841ffdfcb37d00941d66cfbac21e153a9b0ae597dbb025_big_gallery.jpeg,Schwannoma T1,ab0fa7091932cd7598b43ca52ae1dd021fdebf8748e26ff04a63e38a0a6a23a0,train,1
2ed5980780525133343a0322783c70_big_gallery.jpg,Schwannoma T1,415a8307c5743f5ba388a72fd33ee8205279a326c795f9de0799c49fb4c06461,train,1
263569501d0ea284e16ec89d76ea14_big_gallery.jpg,Schwannoma T1,c61b1e05229b98300577e201c3777079d0a0cc8bacb9ecb5abe31c14b3b9fae4,train,1
d8dea8338756e401a356e35b4b7c8b_big_gallery.jpg,Schwannoma T1,ec929d295e021d331c715bb49b97ab1d3ea5c8a9a8a1ad06090e19a4b646d683,train,1
469697613857076be085e7dd2aaab3_big_gallery.jpg,Schwannoma T1,86310657758f297d310582f0e7d25aa680b39ab4a37e56a0922a55685aa0888b,train,1
2239220ceaff6753fbe209e4f3c644be0b11e94bb50348e3ba0a2379f710f8f4_big_gallery.jpeg,Schwannoma T1,195b9b466f7c356034ae2703208f96a6143f49cc20a354dea36adf02b0d9a944,train,1
73906ba46923ab578d30b72c3b3d8b_big_gallery.jpeg,Schwannoma T1,fd5db4ea95a1c1e36ae5436dc938cbd11f1da32bfdbfe31e1a7ff6f6277b3fdb,train,1
ab96c744d64f88123003c18e7f5e5b6998ee41482a6152bb596f220e373fcb92_big_gallery.jpeg,Schwannoma T1,d19982efb984a39b95a2fdd78580b3a74fa95a5c2476172e0be83399e83bb7d9,train,1
0b6efd349311aed73b6d458581048a439d2ef7603c93768ec3e02838ba25a7c1_big_gallery.jpeg,Schwannoma T1,890958ca92323f3cfffe1a1b9d73599a3514dde418688adb8d8bbd17a91f56ea,train,1
75001683ff65f440b8bd397eeed246dd3a8f47e7f2498378b76fad8be66bf792_big_gallery.jpeg,Schwannoma T1,51846b6afe0549f28f0153e63cabcef288d6468b76769c9865937c184b56ca1d,train,1
396ca6b75ef19ff114b617920913a2_big_gallery.jpeg,Schwannoma T1,351c2db0388a51afa73237e9979d2d08796e19e46cead8f4eb171f7ec848ca4c,train,1
6504948fb6924cb9bdf6a9a865c16e_big_gallery.jpeg,Schwannoma T1,8e1dae785fe0610d3c1c1d90833892b5931d3d90d8664b97cf8f09c55c00dbf8,train,1
2b9a6467f4a3083394531309a4e34e789cfa8f0873bf699e8f58bfd4b0a4127b_big_gallery.jpeg,Schwannoma T1,8524a465b7d324505125548a3e0d9339fb2369451a0531493025260519d61f72,train,1
7_big_gallery.jpeg,Schwannoma T1,ca5a48ccebc953ab4571b016fcaff3b0aa8d71385ca71b8ede33670e3ff796c8,train,1
df1f552898c1251adb2fc9905dd4df_big_gallery.jpeg,Schwannoma T1,eae789644aa3dad6f914cb6e3c3237b8c4019f3f116956f9d13f703e797c29d6,train,1
1366e9c31042adb3238fe1b961e3709d89f1f8149850eb2f369dc5c46a11416e_big_gallery.jpeg,Schwannoma T1,b6992fec4798e636c6bcef5825ed99afc68322859aee52947c3040d755e2e631,train,1
5b1cc260b10f0b7ce76a299942495bedae29cc7009e4f0c39b0ce34cef7cdd96_big_gallery.jpeg,Schwannoma T1,8df15f6d7b2648e55f24749da0af7f657ed522a89a24b025e091d806bb3162b9,train,1
65461c247be31006e5616df99faab6_big_gallery.jpeg,Schwannoma T1,450a96d72861b33fbaead4c3fb3df0832fda8a7fe9214ebaf90d57af9b61fb55,train,1
bea78d559d50e88b4cc29b1f844621e0784a80a0a165e67d4ee29876c509d6bb_big_gallery.jpeg,Schwannoma T1,1f8536b6e8686823470969a139bcdf478cc3d8ae9af81ea28698ed6f74b164e0,train,1
a29afd2ecad51b353e6f06d83536745434f8be4c3f18c7835c7758e9e675c859_big_gallery.jpeg,Schwannoma T1,34a394933ee6b41a52d219e0bb0efc835e20a28f5d38e188401ead3cb90e0206,train,1
4f69dbd0833f25c1a7d912a2da046d1732b936884ce3f4b89865eab85c3eea72_big_gallery.jpeg,Schwannoma T1,5bc59ca83395a1699d75128c37de162a520c8575cd3a5ba122479d5d1950d44e,train,1
ad6419838a229aa465c7292387bc84_big_gallery.jpeg,Schwannoma T1,d031076377861391e058bd490e78936a2da549b6f1988bfbf610b5741bbdf543,train,1
fc8b35f0624a7216c0cf1b7903a4ae_big_gallery.jpg,Schwannoma T1,3503b08236997c6f6739411dede5a47a99011a47e9052b35afa4ec57a647ee2c,train,1
6354cf6a21f9224978d037869d2317_big_gallery.jpeg,Schwannoma T1,f3f00d100081ad00f51c42499c43e1ea70de8d4156cc3bf3a1b95bd3b7658c1e,train,1
9_big_gallery.jpeg,Schwannoma T1,d34fe5199f621e0d5ceeba3a4dc465a5c2a9df25ada11dc0aefaf76d9ac0a1af,train,1
dea957b65c953d92a72b67220baa0dd90a2e2ff7849e7c4c691ecc844d2a22fa_big_gallery.jpeg,Schwannoma T1,43d3edad13b4d05c75ce2d58d1dbccf64a0435f5661cdf3f5662af815cf2a6d4,train,1
0a834d6de1554a4770cd6f7ed8bf9f_big_gallery.jpeg,Schwannoma T1,8bc36f480a559bbb38a1f4c6177f482f887c07039319d699ed1887ae86b287eb,train,1
2e8eafc83a1bd5e0a25f838d8c4610_big_gallery.jpg,Schwannoma T1,cb518395734bbe2d66dfbf6e8e8359a00f5fc84ac0cd85ed47984502853f9a7f,train,1
248ee7e5e15c412112bb5897aa93ec36a8a72174ede745aa1dd8bd31a4b6883d_big_gallery.jpeg,Schwannoma T1,1799c9d28679525413b3ae9edfd910e7c4c397aaabe52b47a0bd4e21b33186df,train,1
972a89d2e02a7f5bdbfeffb1703fdb_big_gallery.jpeg,Schwannoma T1,b27434d8b2b10cbccd1a3e11ad7926291fdbf6fcc3b704bef3cc8ff21e77f0ef,train,1
9ee4c0f52849a21125c6e02e064f1fde5b58f1448f2255139693f9644867d01e_big_gallery.jpeg,Schwannoma T1,ce23c036bd259fb8956e0e8b830e1a91c1822d141a02064032633ca0dcd4ed78,val,1
0a2886cf760ede4a74c70d822199c43a1c349e3445b747cc3035c5b8453df011_big_gallery.jpeg,Schwannoma T1,037905b0dbf35df83489a83adb1daaddb354bc361bcb4d329c1eca44d9f6f773,val,1
6b2976eadd3d2468662d967951be23_big_gallery.jpg,Schwannoma T1,4927ff636f157131927073d67626ef9632f9a54b9b72c06a5cc3ab9ca825acc7,val,1
107d179cee2b9e69a6ce1f9d140fc3_big_gallery.jpg,Schwannoma T1,8a52e1571d5391d445244ddf0b9d20108bb766b42585453746e5ba18ca394792,val,1
2022-06-06 10_30_28-Window.jpg,Schwannoma T1,5518ba60fa31a328b940a153a6197fb9ddd25b28a06c60b9538c1da404af6d16,val,1
bd420b52141c2d59e4ebcac6a1276b_big_gallery.jpeg,Schwannoma T1,bda65173aad5fcfd66abb84e9aa365bd874e822c233a05418e336a53de3a8870,val,1
4cc1b027db4352564880c018cb70ff_big_gallery.jpeg,Schwannoma T1,c06b2f4e4073de68c4e9ef1050d7585b5ffaf5d1e9f57418c2eaac124ccc5b45,val,1
f876a79a8640689b43564e7ab3ef8c_big_gallery.jpeg,Schwannoma T1,92e1c0f667c949fb4b49c3c9b43679237aeb82f6ff75efd6d24d67ab0f49a665,val,1
8895bfc13d9cf9f1a1b2bc171be25ccdfea0e0ffa16dac197af1ebc698f0c171_big_gallery.jpeg,Schwannoma T1,8cc9c4544b0e3e7a8996707dd9469f32f754dd9fe8a7e980a603f7e65a9a2b9a,val,1
444c778984f52a554a79fce35cdd3ceba3725f54e907e4a4421ed994f8e4d2f0_big_gallery.jpeg,Schwannoma T1,6a515b61f7800d07629ebb0fb5821442ad209e8ff439804d830113e1156e1fa8,val,1
e669310d33aa7eb41d164c317b57c4_big_gallery.jpeg,Schwannoma T1,cebaa05848f797171f0e7a244e238a58c93f7e05d935575938067900a2f20b23,val,1
7ec764c29a3e21469754fe1b57430688899cfbf61558fd71d72b2b5e249f955c_big_gallery.jpeg,Schwannoma T1,7661b9116f146a3e49dc2310765593f110c719814bc512d7a2ab5b8413917549,val,1
4258cc82b772b0df000f428b4604592220acd127a1fcaa4c57c54a7348c8a7a3_big_gallery.jpeg,Schwannoma T1,2412052f846c329f537694665ca446d95d8ee3a804e0e499d92249b2d41d8475,val,1
5749ef39bc3ded9ea40e39fed19bc1_big_gallery.jpeg,Schwannoma T1,da51ae233ac543182adaac8008acfea6e1a10bdb140130d3c42c58fb2ee439fa,val,1
7499fa783ef5824970e2ba17010536_big_gallery.jpeg,Schwannoma T1,0b2f3536484986543c7caf2161106d77269c6a7913428e16dc2f30fcc58c8a9f,val,1
5892d00791986b7800c90d94dd2b7a2aa559100e544aa2ec7abb72dc26ff573b_big_gallery.jpeg,Schwannoma T1,03b5bf6e5ef26ba7a53a3cdbe8d823c86b80bb2b55d232f167792c668ee61447,val,1
68a7278b7cbf09a2cd6d9713d9ea1403030f8a9235a7950a0b509710be338795_big_gallery.jpeg,Schwannoma T1,e6cabf4abdf03cc444bd9130ae97e4ba0abb289bd2ddbeb039774cbf5aae7a61,val,1
3cb1f5f5d88c61a2c727bbde66c642_big_gallery.jpg,Schwannoma T1,a3ae55aca0ef19bcd7f18f74ca0dcd791a294ec1df3e22c6d7c5560ba2e707f9,val,1
a15a87d8483eae8f918e0ed784718bc8a70dfac059581e06d8ecbbb75d404323_big_gallery.jpeg,Schwannoma T1,8941fa9a859da720b682726ddf584b611d72b48b8e3f78a01f17902349e5e35e,val,1
2022-06-06 10_30_40-Window.jpg,Schwannoma T1,15ba708bba5b16fc92e88508fbdf8461fb4314eb03fb140964c0cf24efa1b262,val,1
1abb0a3b4eba7c4277d93788404d1c220437db299b1706ee894a28e8fa601d4f_big_gallery.jpeg,Schwannoma T1,adaa5527b9e07bce9a7aaeeba6d4d617f2e303a9292e901b6d01b6ee70b1536d,val,1
57129307f5870784653715db269c5b01f5f8cd0367e0b3b2debca4d82e306764_big_gallery.jpeg,Schwannoma T1,5ab17eb666cba5a3c5a95126493e490f2c8a3cb3304486b9206ff495e344055d,val,1
07e0bf9fdae181229120aba037f685_big_gallery.jpg,Schwannoma T1,87f505a7f29fa3b23c5f9e2e513c69012ddbe88a42d3bb0e8b49f1c714cdb2e2,test,1
c70e846937e673bfa6c75baa1d592fd91473ea6d21c0756a0516375bcddb33d8_big_gallery.jpeg,Schwannoma T1,ab0f72e4e3250e87cec9db630e027bd06878e21c1a6bb628ad88a80be60925ba,test,1
8ea87ee91a34b140ff6f43ed3fedbd_big_gallery.jpg,Schwannoma T1,3bfd4dec915d44b8ab98169e21d3daf4d5a58b02edc43d8efe50d35e35bde4f4,test,1
11_big_gallery.jpeg,Schwannoma T1,b0551dca468dd955d984aec9d946de53825248822bb62bb091c107285541cd84,test,1
be9d337f637fced290327b3476e79dc0f2b834c094ac8245a6b692744ac7af34_big_gallery.jpeg,Schwannoma T1,393b14eae5dfbbff30580614e4851e1e4abd8a40fbf653f1e80818bbf24d3835,test,1
71d75447e2c971cab5b37bd3c9caf4_big_gallery.jpg,Schwannoma T1,3ca0817286ff2fc62f8ea201143a53a06cd981bb8047d46813ada72e66050686,test,1
e9f40bfafafcbcc49f8efaa7a0f136acf1116b8a4b59d99ca5ef3a98a06fbc06_big_gallery.jpeg,Schwannoma T1,53af89a0a106d24272b19f791b79397dcf3a8758c7fc112f819d9b61f08b7f08,test,1
f3e275e7a9930a9fdd2868efd1bd099c337a823505e1a4e0287a9726c01e9831_big_gallery.jpeg,Schwannoma T1,258cbfb36f4c1bbd61304977b513851ca5468fb51bd9f35a7994792964d3f392,test,1
6ba164633fb2a00b8f11bb300031cdc527c8a1e6091adc5e53180734026aff05_big_gallery.jpeg,Schwannoma T1,df799e55db639ba0e6ee7d6c9fc37c22749b449160648a25d5ac0665ddb0c4c7,test,1
d75d089f1f760d7a5692d3ae02f001a0bd324a555a21a88fcaa25075861f78f3_big_gallery.jpeg,Schwannoma T1,69a582cc09f4aa985ce5646b7d65f9cdaa895155517f6d4f224f87562a8aa35a,test,1
345be71236798cc413de38d8b992d3_big_gallery.jpg,Schwannoma T1,aa9ef4058b2f0de30109750ac926e3ec71982c2f8978c86c5ddb383fc381b8ad,test,1
378ad217c6dcb19aade68045eb10012a656a74710229ec4b906796862a9499e2_big_gallery.jpeg,Schwannoma T1,d3c4105782478bf7103aa54692faaad1cfa446aaf410cebaad043d789fa3ecf9,test,1
e60f640ae5323f752b46abd681125c_big_gallery.jpg,Schwannoma T1,57d5a22deb35bbb3a9c15344244d8b402a420d2d8411dafb75587ce120dc1357,test,1
d2b404668a1e9e9414f209957bf45ba4a92fce635337a31211f1f3d87887b41d_big_gallery.jpeg,Schwannoma T1,53047a70b24b999ba050de0b3c38136543782c57ad3608507f0deb42c7c1b663,test,1
39f95e3bbc3466cd5c013c4ae0d7c2642961987aa0c575c9db29a13c5258d722_big_gallery.jpeg,Schwannoma T1,f0d108565798f2fe636735d8e07938e0ddb00cacf28d59a8bfb249d5afb7b0c8,test,1
aa2163664b82d637e91980f674ef68_big_gallery.jpg,Schwannoma T1,e72c7000321494a0141021117506dd43cf0cf86b56f5984c22038282870c7d81,test,1
98bd8deab1798908f5d934d34ccecd_big_gallery.jpg,Schwannoma T1,a7a87364c9934fde4612f9ef7cacacb65e96a4846184f40074f3b1d73a4cdbcd,test,1
2ca87702d6642cc438caec1e435c32f78d0ae27a99a92b36102f8f7958cbeebb_big_gallery.jpeg,Schwannoma T1,b65a2bba01ac2aa6a2e3f5eba82f2b898d9ace8e85a4e3474e71ca5c9ee12a5b,test,1
a7fbf0deb25bf4ebd5d895ecb23894_big_gallery.jpeg,Schwannoma T1,aba34ce3df1a84a1c9756d3db1cd276be328674531c1d38c1e313661872683c0,test,1
9912a10cb68a66b5c910f22047910a9dd05ef519a744299a1933676b12e21058_big_gallery.jpeg,Schwannoma T1,3961992de53c7b46cc051e0fde414caf45ac82d295febfff14a6f8087701aa45,test,1
da6efc5b1857a4550b10d5a7b9582f98248316127d006e8bca7885981945f3d8_big_gallery.jpeg,Schwannoma T1,33502cda34b62aa19a287ef0a09eb43e4521638a5b9c5e37219bf3ed4bca1288,test,1
2cf6526c9385e7374cab8ecb0d0aca_big_gallery.jpg,Schwannoma T1,abe9a9d13daf97b5a90cd641c7e11b919096a899c2f9363fd79b04c90aaf1fa6,test,1
9498429ed2a3799dd540e344d450430330fcf3d3d383f2e0aa335c85b6596b3a_big_gallery.jpeg,Schwannoma T1,aca37b5454555bfdd42bdc755083f0e86309110e5dea5ec61dd291c1357e2d4a,test,1
61627520ab0a6f6efd909b8933fdbc_big_gallery.jpeg,Schwannoma T1C+,0ce2c616499d856b7bb73fa5ec874233233b6102df3604bb9794f6790abf2385,train,1
76_big_gallery.jpeg,Schwannoma T1C+,8b0f9410c066ea87edb3cf2c5643d4d4882bae5c6c325ea389aa1682ba3571fc,train,1
101_big_gallery.jpeg,Schwannoma T1C+,3983652025625e6014c0da81ba79e011774302955dc9d9d2ab3f58050aa15317,train,1
2d0059a376e859aebc583f3962e80d0ff5975f8afa78ad6652233f387dfab520_big_gallery.jpeg,Schwannoma T1C+,d17c58ffd9fa0ed1503e8079ad1e91457cd2f7e99fa719e5597577ead47c6651,train,1
807526e85d3b61a46327683a77bcfc_big_gallery.jpeg,Schwannoma T1C+,8c99c523d87d9cbb6d8e5b2dd25ece7fc1ec40b98673c6d86bf022df96d529b9,train,1
9c2982c6aeef6369bf7b1c200f774f_big_gallery.jpeg,Schwannoma T1C+,88996cd83dba0ec39bf3712f5b75e0869fd8ec84bd1692f5d26f7dedec27d85d,train,1
5bb11809a18c5e2e326120ed21471c_big_gallery.jpeg,Schwannoma T1C+,39fba43cf4741091a8a817d2eb3e7418a901f3fe9ae0f3dff12050cd6cdba7ad,train,1
100_big_gallery.jpeg,Schwannoma T1C+,51fdc39912a877e818a8824e85145048544c1b79d16801b4fa169bea473ad2fc,train,1
505ccc67b882432c27bae19c12d241d8482d97caa7cc0b3160ac68bfb88ac6b0_big_gallery.jpeg,Schwannoma T1C+,85e355323461af760c19b838abd2925dbdbce8ab204cf16a221d28a41b734401,train,1
a75fa8bdb3d3b21aa3b493b7a7f69f_big_gallery.jpeg,Schwannoma T1C+,c1e0b61b6d1f9f7e15daa8daa7debfe2840d2805bef1ac4a4fbb7b1cea8e1027,train,1
e034a23ef4210d23f54c10a3dfbb828ef1279300d487dddde6435c128865fa27_big_gallery.jpeg,Schwannoma T1C+,a2e566933b1b9a43c60177e308a94913b7f60af58372bd626cca415aad4fd558,train,1
3e1476b9ac0002e66ce7a7b6f7c5d5009444c3084401cc7fa7e0cf72f12b4179_big_gallery.jpeg,Schwannoma T1C+,0fc761990740b9fe4e17ddcf67bddb716899c2fce681f65d8b57b55ef0f8db7b,train,1
109_big_gallery.jpeg,Schwannoma T1C+,ae0d9c4ac82a94f9f4cd7306d61b25e8ee53801425d1b9472ac0d564bdeeb211,train,1
72_big_gallery.jpeg,Schwannoma T1C+,054e6256e5e225af289cbd3c9ebb852a1d93e6285fb9f693e7a0534294996173,train,1
1c26f2373fb0da3e25e10c6d96da57_big_gallery.jpeg,Schwannoma T1C+,5429d9e37ab2b4529c62600b86aef78cd88a219d1665bce5c3bdc4b9d8a15708,train,1
8485c77ec140a6b854aded916c0a49_big_gallery.jpg,Schwannoma T1C+,f1c12da67d8381bd668fa6878332daec7646401e3ca9bf841ad7a6c02e2bebae,train,1
2416b4919c8e604bed740d14554e7403ea633b90b786ead8fbbb042b9c01cf6b_big_gallery.jpeg,Schwannoma T1C+,9c071cd56e541dca7ba0f813aac2f773f70491f18fa2005610eae34fe572db08,train,1
8a71582f80adab74f9e47139531a2652bc06eb2b267e2bd3b1140805f24bf24c_big_gallery.jpeg,Schwannoma T1C+,649c6220ff300b469c27834375d21772b7464df70566e1669d68ecde5effb211,train,1
51_big_gallery.jpeg,Schwannoma T1C+,3c015f24da74906106938a36569b341a0264fe89072e9fba58d2b5be9f419585,train,1
a8508c9804f72884973bbc43a89b4e_big_gallery.jpeg,Schwannoma T1C+,20e911765efe278eca7993943564daba14d186c892717b10e55de9eeb3fe072b,train,1
f8de4dfe625652a9910580cb6f5bf5cb6a7da926cc250bfa8d437b6721ead30e_big_gallery.jpeg,Schwannoma T1C+,b47743e17169219e15d3cd7ec0cbd1cc4f27bd1325757a90a01de4ce7fe372e0,train,1
69_big_gallery.jpeg,Schwannoma T1C+,5a371283e60fbb3ac1f6bc16bf809f76826897774ecf62d42157068fcc57f955,train,1
115_big_gallery.jpeg,Schwannoma T1C+,765835392881e7d142cfc7501a5fb3eaca107aa991edddc23fe43f8cdf0bc5a8,train,1
30ffc9b4c830051d9803fa77590738_big_gallery.jpg,Schwannoma T1C+,1483bd000ca3a8bf62504912f009e902a1a73ef663a2e96d02e9ccf60bb091fd,train,1
85_big_gallery.jpeg,Schwannoma T1C+,478912d62da6778fdf388543f98ae88348fa2bcd62b354f2e49a262ead105925,train,1
2022-06-06 10_35_01-Window.jpg,Schwannoma T1C+,7846dab9378f39f9ea5f73138b3192081301bc6bcf90ee7d0e0b9103472da677,train,1
65_big_gallery.jpeg,Schwannoma T1C+,1ea7f527923c2240a34f11cefc339522050b0878db97226b21de0057696ec2d7,train,1
c03d61374656214160ac12ffe9ca72_big_gallery.jpg,Schwannoma T1C+,b920b454141822ed3c25a8f3421271af1f38921b3c8f544657ab3387661f1e23,train,1
52_big_gallery.jpeg,Schwannoma T1C+,52fe14728601138061dffc8e16f992cec93b679fd35278cedd660d3c44c23697,train,1
cb00cfd4d564ad67928c189ca90e33a8813d78d003e6898b54f046f03f22b795_big_gallery.jpeg,Schwannoma T1C+,7737dba257ee81f635ddfc3f1006c5e78f3d1893ce6345e2af9453adebb04298,train,1
78_big_gallery.jpeg,Schwannoma T1C+,b81909663314eb194a2c3181a052e3aaf82db7c32d337e3f70e5bad481b33bd1,train,1
81_big_gallery.jpeg,Schwannoma T1C+,af663796f81dde0e11ee8f7ef3ac3643b11cd7bff1f306d4f772877b89af7315,train,1
ff8058588b4e7e66262ccf3fb2df93_big_gallery.jpg,Schwannoma T1C+,7956fe8055c1b0ec778c78b47284624c4e812d325d1c9f33e9bb62345a571751,train,1
aa8d35e35d89803f9d499053bb62f3_big_gallery.jpg,Schwannoma T1C+,102d89846008c81594a777078c4a5d2d77ab90c452e1076a35082d2a59523a1b,train,1
99_big_gallery.jpeg,Schwannoma T1C+,f5083c6878326e3074e3ee4e1ad70d8ba599fc831954ee847e1216a7c8890b5a,train,1
97_big_gallery.jpeg,Schwannoma T1C+,2b94861e6d00dbe0ece66f58a671f782709f25e96e3ade3b4fe485b013c4df63,train,1
62_big_gallery.jpeg,Schwannoma T1C+,bb55bdf4906a8d25ed952c81ec94dafb0dae2c482ee1fa9bb0e2c8e98c18c7f4,train,1
88_big_gallery.jpeg,Schwannoma T1C+,4aecd46cf2274cf295f75461d38004c74dba71a9e94c6a2289026a4edb53d18e,train,1
77_big_gallery.jpeg,Schwannoma T1C+,f7d3d177a3566943e08d7e0910752a87367f51599920001eae59a627b12b71e4,train,1
2022-06-06 10_35_16-Window.jpg,Schwannoma T1C+,752835f609b95e9c34596342d6df92f5589ce6f1720c23aea902034d27077f99,train,1
32631076cf5e14f65b5dfbdd6cc25c_big_gallery.jpg,Schwannoma T1C+,00bf4a4322e5e7dd1f4ffe4bd77338b114c7f701c35b8a6dd769259fe9f050ac,train,1
dda72bf8ed3752467888838e4faab7_big_gallery.jpeg,Schwannoma T1C+,b7702d4c6439692fe975b5477ee67d10120947b748476ca84dae0fba54fdeddd,train,1
58_big_gallery.jpeg,Schwannoma T1C+,8fe928489cf5521369368239af14d06031902ce8f1a36ec5f23684df421b3309,train,1
eac021ff2b2df8b51b693c787af2ed_big_gallery.jpeg,Schwannoma T1C+,c4f4d62d765000f086ea97cde5000e7fb25a137d52be090d0f4caceeee67046c,train,1
7d3056a7ef936fe502daad7661e129_big_gallery.jpeg,Schwannoma T1C+,55d4e4baeda8fc67863a338bb2e217b232eabc2572adc41dfe4e792ec4871bd1,train,1
113_big_gallery.jpeg,Schwannoma T1C+,58567b98b3e308715b8ca04e8a7c6845c4db1b7f1620f2f2d26e37764a739bd9,train,1
94_big_gallery.jpeg,Schwannoma T1C+,5a6f155d340137d88eeafee31f83160661416707569de782706635d01aa1f5b4,train,1
d5e68b639ae0286c2aef647ea7a6c1_big_gallery.jpeg,Schwannoma T1C+,24b831b9955fa59ee8d4c62ea9a51ab1788c7dd3211d5cbd2c74c6ac5a67091b,train,1
87a2bbc0e659e96c65aa540b30b224d645ec9df46352e65fc09d10eeb8c38115_big_gallery.jpeg,Schwannoma T1C+,8ece1c8ba0376ca5be6960af5b2397c9dabf4da0faa42318c8325fcea929b883,train,1
b38b304090b8b9f972eec29b67e19a0c485fc52b97e6596747e1a874462ac1b6_big_gallery.jpeg,Schwannoma T1C+,3609bffb8af77a7c6158edd744fa88c95f1b725d3bf2dcbbd5eb140498df5ae7,train,1
57e07fe01de3a5e019aa6da8c36749_big_gallery.jpeg,Schwannoma T1C+,9d4ef30fb1c1b6c3b4516c65acaff71b1210e57814cfcd470f01480a956264dc,train,1
6c75fa3ca28d478b46124887aea8f52f214e17ad1c8c9938d0675a9b94b80ed3_big_gallery.jpeg,Schwannoma T1C+,24bcf9b8522a246d24046fcee0f3ead0834398845cd44a32b8f6c810401dbb59,train,1
68_big_gallery.jpeg,Schwannoma T1C+,3bac76f9ab462f04ac86d1f9069e8c2ab23099f88e3e217f4703718ed4135dbb,train,1
ce7d0b93240ecda97cde445d355ca8_big_gallery.jpg,Schwannoma T1C+,a1b12e5a6b854caf4acac1a7397288c90de9d76e60d74685fddfbaa9d183febc,train,1
102_big_gallery.jpeg,Schwannoma T1C+,f194593a9524859823518e6731ce7c4359023883cd8199aeaccdb7734fa37a90,train,1
83_big_gallery.jpeg,Schwannoma T1C+,bf3d372afa97ac9f1b9d59cee709f10c36f3aeb486e42fce200ae5bbaf697159,train,1
5b4d3e7dbc8b39d249c65fb41053fd_big_gallery.jpg,Schwannoma T1C+,851fd955037e0ebccac67ba2de174ca876f4b5ee963fa322b681712cadd5cbc4,train,1
7d643446cf94c4701db2a1dea81716_big_gallery.jpeg,Schwannoma T1C+,9ef6133abf7d69d1cbfe26b431eaa3e632128bd4f9971ca6b204057e81c19f8f,train,1
50_big_gallery.jpeg,Schwannoma T1C+,67fcdd6cc93724bcfd5925f833be3b53f187b2a86b7effb18526407736e0348e,train,1
8fee8be537a63d391cba898951fc09_big_gallery.jpeg,Schwannoma T1C+,6361836dfc2d6593d54d745e7e6e79297ff6cd78087ca207dbb84de22b299c94,train,1
9d77327188f206a6f3ee76cd0904e9680906169c424cc46e4474c61dec5187c1_big_gallery.jpeg,Schwannoma T1C+,388ffcb8b58afbd0855d454880563bfa2ea68da52411b54269243d69e1030399,train,1
756d9f5c86aeb388c99ec290c7d4646e75954d2ba3acdb3d0e9b243082249c39_big_gallery.jpeg,Schwannoma T1C+,11b2bf080c381279e2ed98aa02143ac93122bb512f70e6f9fb84d84d0bc94220,train,1
2a1bc2d8c31551a68167ed85a2d3fc61049fc9fcb84767eabf75ddb5e73dbcd5_big_gallery.jpeg,Schwannoma T1C+,14ba10708b808b3c38e9f965d57e1e7192d1c6a01a3667b37365bd89b6d9b456,train,1
2219fed4d6444d6968332f88dd7f06_big_gallery.jpg,Schwannoma T1C+,828b47f879a6189ef4bb765b65aff8a650cbc992e765b14de31d3314705d1993,train,1
3aa8496c151f908242a9f9863eb9e0_big_gallery.jpg,Schwannoma T1C+,815f19b946ae49b032e0efddfb5afe291d9eb20ba345c8734e6b9f8d396f6313,train,1
93_big_gallery.jpeg,Schwannoma T1C+,358b98cdc3617f6d085f4e9aa1f851fecba6a635f2efa2c32e66f96ff83e88f0,train,1
54eb94a55436bfcc03cf449ebf0053_big_gallery.jpeg,Schwannoma T1C+,44328c24559afef328a753cb86f48bf0e12d967ffe70229c2c04c8c0d6e4726c,train,1
54_big_gallery.jpeg,Schwannoma T1C+,00e842d30a5d755ade9eb47d71ee736f95c8aa54192bbc2f4f8cbc3f46762ce1,train,1
11_big_gallery.jpeg,Schwannoma T1C+,47852a54ac697da5ceefc54c521898f508004796baadb576c3f7616fd6c7d623,train,1
8027da3fd5b296711b838b05f0c14bc9021793a50ed9ca13fd6d9bc53ffa7887_big_gallery.jpeg,Schwannoma T1C+,4b2bb4195cc2d1b393fb2432813e486a3dacce86030ab9dbc6cb1ef48369a395,train,1
09639feef950f2f03073116a99b2960742f268bbdc9354252e1c2d7b1950ee4d_big_gallery.jpeg,Schwannoma T1C+,956dd3e833331b4948fb96973a696958c2b95252ff931bd25c7d3130bef179d0,train,1
208868643d1c955002399d991b5bb9_big_gallery.jpeg,Schwannoma T1C+,768b80e919e06fd910d639d4c3a0d63a97865c9686f7f1ed74a265014aacbbcc,train,1
a2043c42f2d2c99e9f11d56b6f0041f8055896f202903331e877a934b5b07cfd_big_gallery.jpeg,Schwannoma T1C+,2fa9f5ede78831dfd6b9d88995921cf1e98ca68de8b92798127a1ff7c303c587,train,1
5f7fe892e1274c1e9dbc7ff293d9bd_big_gallery.jpg,Schwannoma T1C+,5fedf69ff68e7e90a2d3b0eb3d570977537ff13d763cc55754506d5208d565a2,train,1
105_big_gallery.jpeg,Schwannoma T1C+,70c99b5ef757bb6a6b42f1be992844b5152fa058c39498d61138c17d434b1c9c,train,1
2022-06-06 10_35_24-Window.jpg,Schwannoma T1C+,1d7155eed9f664ca96414552a10d1e3e42e29045b2e7e1f633234928ae1dceab,train,1
b2ff392c24c647b435069e64a55413_big_gallery.jpeg,Schwannoma T1C+,725f0c674257dc1b47ca36f75d22a811c1439fe3dcc4594ba114b5744c48e714,train,1
64_big_gallery.jpeg,Schwannoma T1C+,63d07fe8bef9f3455605ae5ea0b698c4a8f6948f7a4edbf3745b4fa48119bb79,train,1
b430ef67f01915e0d9fff24ee3aa3c_big_gallery.jpeg,Schwannoma T1C+,68a46cd2c4c239cf08812f919d9ba1165f0934b404678852ebefbedd73da1ac5,train,1
91_big_gallery.jpeg,Schwannoma T1C+,8e8dbed70d3cdb1c9137de0669fecc831b3eb3dd20b93eae3153bd5ce8b81cda,train,1
95a7060574d40e5f56c5ef23fba3d5_big_gallery.jpeg,Schwannoma T1C+,13e09ed33e6da98edb0322a37d16c441928ae93fe045e95c08d597dd7a049871,train,1
8533f6a7b9a2180ce86fa6bd6b9b4b_big_gallery.jpeg,Schwannoma T1C+,c160afae24210579e6cf378be0f5ff55db1cfd8aae5c3fd7ada20f2c3f9291ac,train,1
5d3c54740a1d7233017c6a1f4b810c0c673ef58882a18558d20da390fcf06440_big_gallery.jpeg,Schwannoma T1C+,978012def30730085bfddd78cefd77eac99a9070620ac04b2bbcfdb781aa69c1,train,1
10c467c329ba48b75abe222f3b1028_big_gallery.jpeg,Schwannoma T1C+,b313f2018c817ff1ebe859465c32b76ec0aa60caf8a7a9480ab70cf8a9afcce3,train,1
87_big_gallery.jpeg,Schwannoma T1C+,4d3e5015f573f472d3b990d561656527523c4605c61d65f272b47f2fe98dabdc,train,1
fcbf1a66ba988b7c45bafb115678a2_big_gallery.jpeg,Schwannoma T1C+,72fb22cdcaba92ff325c0ea855b37db66305d47c56eefb2d3291d76f9248c296,train,1
91010f692d0bb94df1802d84a260e5_big_gallery.jpeg,Schwannoma T1C+,896d305912e2a1fc10134ed492d647b18cc40405a9d518ad85ee1fc426e1ad17,train,1
70cfb5e95e8bc071d8b67491d13d3a_big_gallery.jpeg,Schwannoma T1C+,caecbb5f692ab5640780c451e2181bfe7441f08d795d903734e0735e499a99f4,train,1
71_big_gallery.jpeg,Schwannoma T1C+,92912932d8ffce8da31d523629d49f5522da9159b9e596c1deb0dfffff5717e8,train,1
89_big_gallery.jpeg,Schwannoma T1C+,1148d8dd5f070c8134cc85ce8a1447d2763e7e504ed41d43b34e29829cfc7aaf,train,1
73_big_gallery.jpeg,Schwannoma T1C+,250c8aad81fce38195b914b80f02ad154308ef025fad36139d46df01bd85fe44,train,1
3c94968a4737fac21acbdf6a9b274a_big_gallery.jpg,Schwannoma T1C+,066c9fd35ef589674bd8e32b42a5b007cbca55448ae84e9fae0ea50ad8a96e45,train,1
90_big_gallery.jpeg,Schwannoma T1C+,6f59509450564e24f3f03daf574fdc4864e753b59bf5371176b84aa5d1278d2e,train,1
61_big_gallery.jpeg,Schwannoma T1C+,8e0b63636603d52290e5d0e99dc3f3eedb0543e06bae2db8713ddb5ee61960d9,train,1
128bbb93a7f606837b249971638a60_big_gallery.jpeg,Schwannoma T1C+,62f04ecb445500cee6fa03b94466728c5684fe2c5437dad0596e877ee3118383,train,1
9eb5edf006c21b78572d3acca2dc4b_big_gallery.jpeg,Schwannoma T1C+,ab121d9d6b1a72a6d5540d98187b024cedb3f791f9cd728f9e9dfd2a8e9a6cbf,train,1
30bb90bc7ea88de9c348f2fd63c52e_big_gallery.jpeg,Schwannoma T1C+,dab4e6f2c93e777209c119cbc07eba13f152c39903876cd2fcb9ed8955b33e7c,train,1
4bc2ef76c3b3692be79ad62ead8591_big_gallery.jpeg,Schwannoma T1C+,0a5b816fefe19053f3000ad601b0701c5c4981a81de3b6070afa4435a6205720,train,1
9d1d18aef97e40792de3bd36192a53_big_gallery.jpeg,Schwannoma T1C+,f07271e30e524665bb7901d9e1920ef9a2d62bd48803dc68cec07b4b503616ac,train,1
63_big_gallery.jpeg,Schwannoma T1C+,77b0ba1ecefbf6b8e2ef1d7935cedd55065bc151380771ef566d9fd9cf509b2b,train,1
96_big_gallery.jpeg,Schwannoma T1C+,96c9f888a61de0602b538f69299f24fc0f590c6058a185eb60674143d0fb9d71,train,1
01e5c75e6bb500915ca47270dc4454_big_gallery.jpg,Schwannoma T1C+,45e5b4be5f02ba1365c5c05f3d568c1e525b7d02d2e00a856c922f5dc3edfab2,train,1
fa1b201e9a229c2f4a089ee956e13fece4d19e2858bae1b368d349aa5a26fc8d_big_gallery.jpeg,Schwannoma T1C+,010676bfde1d191d690ad6954914d22249df2203d51752dca25b36beccb2fbe5,train,1
55_big_gallery.jpeg,Schwannoma T1C+,13d2e044cb6b8df38965d97a2b33dcdf9934e544e457e16b80b949bca4541cc0,train,1
103_big_gallery.jpeg,Schwannoma T1C+,2500287537da554e86003130636894e8d45fca4e55c63a66d610775dab996142,train,1
111_big_gallery.jpeg,Schwannoma T1C+,bd195d0f18f5070edbe90fa89003bbb4d7f62dcf2f0b90257214b0e9c975c6bf,train,1
d79886646b10d0981b474553536943_big_gallery.jpeg,Schwannoma T1C+,1cbac120355246e56618fa1de2a96e1a63661020b7b97b863e6664e6b575f562,train,1
dc7a3df38149801445bfbd24353354_big_gallery.jpeg,Schwannoma T1C+,b631b95191cb7f2ea8888ca35ce3f8f8286d231a0ada87ef1c1b7d3147cdcf00,train,1
8db2b502ad4f6f106604b4a1d5898f_big_gallery.jpeg,Schwannoma T1C+,1ef149fdd1f2b952fb12274f1fb471a3300022716f06717d3e8f0255795ff943,train,1
70_big_gallery.jpeg,Schwannoma T1C+,9b06650a7e7b6869dbda19f7983fccaf2349a8f8ca17711a43e21f960cc6c431,train,1
75_big_gallery.jpeg,Schwannoma T1C+,d051abe94531c164cdec397f51aafd4792c984af5007c8af4de6afd0388e7523,train,1
73166d90daa2f88b35857c0cd6bbab_big_gallery.jpg,Schwannoma T1C+,0b2cbd80e3b9b65752e9451cb17349d156ebf3c6efe7fa593ec2a4e281674af4,train,1
348bb0a95ac56d04a84dd79277a396b5f3d0254b05ed5767488a7c77eed9629a_big_gallery.jpeg,Schwannoma T1C+,e2187463d9dbce40afd66f4164e5b3fdbda06ed681ed2e1d42ce559d3a305fd5,train,1
110_big_gallery.jpeg,Schwannoma T1C+,67f468d0f3ea71494efeedb8b60f62e2e6e4f64f208c937ce198f5dce322e46f,train,1
22dede1fd63d988913058728739784_big_gallery.jpg,Schwannoma T1C+,da5d7385909db7ac65b2f8b99716851df02e5040397e38c0c168ed501a355bf2,train,1
fe7ee43afc6bc98f4b61026bb8cd03f563dcf4b210edb33745f651e11f49ea38_big_gallery.jpeg,Schwannoma T1C+,4df9e6daeab6acad0fa0b626d64fb30f08596caf48f9ac5f2e56910bfa4762d5,train,1
3419beada85eec96e019c10bd4c36b_big_gallery.jpeg,Schwannoma T1C+,76308b7c3c891c3774321661336046718029fbd709ff5a995b7d08c078e478a3,train,1
a6c10d17a7db4b2e9295e798b84b9d4b2d0d6d87d0eed17f8dc8417e0c60c365_big_gallery.jpeg,Schwannoma T1C+,74da8e42ee242513e55777ec35444a2fbc9d7d5b07191b099b34b76c55700d4a,train,1
82_big_gallery.jpeg,Schwannoma T1C+,2fb46f2cb28976bcf0507be34a30e51ca857c668a90964de06936473adbdcda8,train,1
d50bdac6b8155da708a669378a6a47141d10f6aedad1efff648ce8427d6ef60d_big_gallery.jpeg,Schwannoma T1C+,70d051bf25da894d01bba0d2ccdf6ecf2481613421309db0cf12e7de4c2366f1,train,1
75814eee7b0b8d859cf42798219c91_big_gallery.jpeg,Schwannoma T1C+,8f40967e8f1ca78ce547b26c36f27938959d88d86fa95f2d00a1526d4c4aae03,train,1
6_big_gallery.jpeg,Schwannoma T1C+,31fc49025042c1f5392db0e3e8fe1019308ac2723d443c8fa1e57ed1e30f9c62,train,1
c1dab80b51e5509f59c5fd91e5c2434b8c8af5b8a345a709c21c3463c8617ede_big_gallery.jpeg,Schwannoma T1C+,1e8616f376c04b63e0b4757e8e263119d470fd1919b65d022a1a0b216656975e,train,1
349764d3eb6a3a570adf7943f0c130_big_gallery.jpg,Schwannoma T1C+,0fa5e3ad3ff18fa51c847047c7083dbf915a66c5f8d2565427eb40c23a250600,train,1
1deea55b77e84093ba84b7010e198f5665a8e808973b53c29ab67ce0f251a9d9_big_gallery.jpeg,Schwannoma T1C+,12b84fd71c627f41759adc4c33a118b90923ea96b52d9d62e506680b67929ccd,train,1
104_big_gallery.jpeg,Schwannoma T1C+,df44c23137c3cc852717553e04b1828ebcb6198fb2fb050f97e2654af728ee72,train,1
51bb4559a058459762a2c820f62b64_big_gallery.jpeg,Schwannoma T1C+,35ae8353764853b5cee23d5b04dadc3eaca95249445348c7428970288f65f623,train,1
f461fa9098a0e4d97c1dbbebed2a28923f088a95f9c64200b789e3d31f23951e_big_gallery.jpeg,Schwannoma T1C+,df545df063c7628ab804259d61a75c8e918f8e2a288c32d77d8a83cd9fb1e8e1,train,1
79a3417d733165bc4a079708530f61_big_gallery.jpg,Schwannoma T1C+,46eaaf62fe620f3a2ef5df249c6f54c54df73b5a239434ce7f942499cad1c159,train,1
2022-06-06 10_34_44-Window.jpg,Schwannoma T1C+,e697216fc8509d6d13018519b04f2d743e26395260b29b4d93dde631b86c4546,train,1
c663ad9b0974774d25df79cc442ec743e4ea1a4d3303da550e4212cd5a36e515_big_gallery.jpeg,Schwannoma T1C+,cb6c61a774b5fa0b8e27c47980a195b8a40e4e5e6a53ab41cecbc298a58ef647,train,1
8e05a2abeea2c697762de4b0fd36fd_big_gallery.jpg,Schwannoma T1C+,a62d566bb5b765d8fb8190623c4ebe2f782aec6d49880d2ceb4c019ec1a29379,train,1
02f286529da7519ba73d52c4747a07_big_gallery.jpg,Schwannoma T1C+,d8d527d2fbb801eec5595b57dbc58bf6edff496af1a4729932f5f038726a2226,train,1
7_big_gallery.jpeg,Schwannoma T1C+,6644bb56b838e131c298bfb5320831409f982eb82b9288f3d64a1355b7a4ed23,train,1
8d689c19737dbdd1b609d8a88208f3_big_gallery.jpg,Schwannoma T1C+,86e10e034bb0f324e1e9c23e1b42cf4c62097a9f0d2e5952cc2852d221edf88e,train,1
4d564d8368f20c81549903be728de8_big_gallery.jpg,Schwannoma T1C+,45dac101c04df0fdc2084ffe3b5b541cc7bcd1fe36fdf2d925e59f77218699d5,val,1
a7d3ea16b628ed13ab827df9708dac_big_gallery.jpg,Schwannoma T1C+,6852b9c0e2dcb1a41a0b5aaf93f6dea2e907ca1c5292f50121716d26614d02c1,val,1
112_big_gallery.jpeg,Schwannoma T1C+,5a6840d2135f231da6ede9796e97b25120b380cbe8abc728c64b1c4c5fe9e507,val,1
84_big_gallery.jpeg,Schwannoma T1C+,d05fd2f414c3746a28d8755c18ce88b33b33f410996c221799379a4c06db8b3c,val,1
e78d3536a5d89da489a48d75cab61e_big_gallery.jpg,Schwannoma T1C+,e7bc7aba54c8f0aaa8279721f44210d18cb62a8eaa59b891fabd40fa6b450a78,val,1
b610a4b85080ce2eaf2e452b7af2498f112db566a756120b5ca4ecfdd42bde4e_big_gallery.jpeg,Schwannoma T1C+,f86829cc401e1729f11d60c44fc1a1233ce17532d920ed3c07db3dbf0cd503b8,val,1
117_big_gallery.jpeg,Schwannoma T1C+,f02c9615cadc07057ad44498bc773658f1e16785bf7599f2235ce33e3eec1b77,val,1
9_big_gallery.jpeg,Schwannoma T1C+,d48db40086f0ec26cd52d5104fd6157d26440c3215df9d5fd708297be35e7d34,val,1
a93fd9cabc0212afe32efc728abe4931ca5fabd09b37b50174745fb673a3d7ca_big_gallery.jpeg,Schwannoma T1C+,e85b78c5472df7edffa5306327c3bb586d5720d3e8a9261a9e7f54ddac02bf43,val,1
50b19fd3a1994cde90fa4f7f6f64d7123d7faecdd051cff8c4180e414eee6869_big_gallery.jpeg,Schwannoma T1C+,c05978a972e488909ab0ebea152aef47713888bd66896d451689ab674e1d744e,val,1
61433209eb9e3fbbde953e7c76c1d5c619f9157f92055e639cfd423a08b73ba7_big_gallery.jpeg,Schwannoma T1C+,fa5a28849604808d9a3be4120a0bf399b9c37eb33fbc40e045252f52c0753a5d,val,1
eed5d5d7796e06cf387d6ac28ca8b7497b151707b25afb20ba3ba2367f2e2f2d_big_gallery.jpeg,Schwannoma T1C+,225724284069ddab6a62385699d8916d4b4da77c4796484a6eea1317a19890b0,val,1
108_big_gallery.jpeg,Schwannoma T1C+,4451638a48c530933cd0879f35e9c73025406ab6ed5ec1c4ef28a3a58549f5e6,val,1
2b92854fc4e6f14cd4d76c6e01e32a_big_gallery.jpg,Schwannoma T1C+,35e2a86d2ff9a17ab1db09a0a8b2ab38cf6726c598c5601b7bc7ed9730921c4d,val,1
70e26011e87f50ff55d684a56881dd8027582a83021adc126cfe27fd90ef25a1_big_gallery.jpeg,Schwannoma T1C+,2716b0dc032d12cd4fd6ceae9ba6b208c7f45beb4561d5a0a98316fc51bbd681,val,1
114_big_gallery.jpeg,Schwannoma T1C+,f8f7a05728dddfe75a61808a579a41947baf4854f852db933faee25bab90f0b1,val,1
53_big_gallery.jpeg,Schwannoma T1C+,684507f5c03686fe0819aa0cf8cdddfd0bc49b17240a8700f05b129746c4bb07,val,1
6f17b20cb0dc31895c84482f8657a5_big_gallery.jpg,Schwannoma T1C+,77af0e9540f8b484f738ab84bca83f48db0b2267a0d76747a41344207d514ecc,val,1
116_big_gallery.jpeg,Schwannoma T1C+,d8f69b438e0fe458c3502e6dfb8aa09a2484e5ec233ce8495835c5630f7d4957,val,1
57_big_gallery.jpeg,Schwannoma T1C+,dfdd818ed52886434ea90af7fc50ea6383621ade24b28145b47f241557cd57a1,val,1
b2448c170affa783eae4b6916a1774_big_gallery.jpeg,Schwannoma T1C+,0a90b7914a8c35eb7a4c862f5676a4a40c941c71d887a1d9af462f85f81aaf5b,val,1
60_big_gallery.jpeg,Schwannoma T1C+,c5c6ab21a4b8b92f60bd56fc8be2f4f1454249156d1c3f73d6462d835b1a54ed,val,1
d314956c6d0665bfc170db6ecb4d6fb1268fc4f40a2c2c949b678097b07ccf12_big_gallery.jpeg,Schwannoma T1C+,0a8cc38866ad2681ac0ccf5b813f370a9846cb564e32d09dec06421d4d8b404d,val,1
3b1c1cb79fe2c1c531f973ad3a48676109f0b87e49e5c0343996b8303a4d468c_big_gallery.jpeg,Schwannoma T1C+,1dd2b2e2422d6fbe6ec86313c302e7fa93bc8ede7f3f81882bcae3a1be3b2155,val,1
e80624d214e44d72b3fd7a2b72c163_big_gallery.jpg,Schwannoma T1C+,881f8770d47f27f8d40ba67423c28ddf10e92828184a81db0476ae4480e46eac,val,1
00d449fd183b4910a17a190afa7339_big_gallery.jpg,Schwannoma T1C+,46a50860452d439fd1cde73bcf915c8de48113465b60780f47bfdc610550c3fc,val,1
80_big_gallery.jpeg,Schwannoma T1C+,cb9b17dbd13e3207d4f27d12971d71259549fa713fd59f208effed9aef67ab03,val,1
7f82142435290243014100eb06b19f_big_gallery.jpeg,Schwannoma T1C+,4596bb28a938878d9e23a281ef92fc2782e9492333822997e64b7b4c4c7d53c4,val,1
29d6552fbe89a7743783e63423c111_big_gallery.jpg,Schwannoma T1C+,a578d656c7b98e1b61ddb248b89a2fb3ccb804454f2e9f961683fb098d6d0283,val,1
2022-06-06 10_34_52-Window.jpg,Schwannoma T1C+,5014aec7659596c76d6ac255537f5fb64829adf89ed7043e540397cf3d852db9,test,1
0d3ee15b8730702a2bc956dcd5f1c7_big_gallery.jpeg,Schwannoma T1C+,90b0ed6ac027f312db47599d579b9134f7530704c25b892a245b76cf2cd061e5,test,1
ff21ad6354a98cbe501819a85d4add_big_gallery.jpeg,Schwannoma T1C+,2feeead2b61591488cf26c6b67f6dd45cb2aa6fc12f45d3a2f7792d0b8ab12b4,test,1
aa1d0a5ec7642288b526269df41304_big_gallery.jpeg,Schwannoma T1C+,079f72f3d4ede399b76e15ec2820280276a2d04afaf1472f744108f84322b316,test,1
118_big_gallery.jpeg,Schwannoma T1C+,ab3e92684881cf969b53049c7f2ddc8f09c79ba9a05ce28cb8db692426398965,test,1
106_big_gallery.jpeg,Schwannoma T1C+,b502647f45eedf6761599022babd048b68ee372a8c25ac9798ff4269721cdac0,test,1
107_big_gallery.jpeg,Schwannoma T1C+,13a24fbf7ec81fc9497b27d151291cb3678f845ae7d4793387fcbab3559c0dc5,test,1
67_big_gallery.jpeg,Schwannoma T1C+,15183ebe73411c70857d8d9dd049b0bdf000351d6a8f2fc1f6710e11348e4df3,test,1
85692390ff0f5eec9692935f4df61c_big_gallery.jpg,Schwannoma T1C+,695470aa698ba544ce8c9d666ee461e29e13ad3d5fe1b15e450e80b35b06b853,test,1
95_big_gallery.jpeg,Schwannoma T1C+,c98bb0e41c1ec59087c19350d52046fd358f47db33f18242894fc6eeef17b552,test,1
2022-06-06 10_35_08-Window.jpg,Schwannoma T1C+,87e74750c902b235f4368ae1eb793fa81875fdb1dce20411a561277d83774667,test,1
98_big_gallery.jpeg,Schwannoma T1C+,ad2ae0cdfe4a8f32c8657eebfd06d1be40513d754af060dee44ded45598168ac,test,1
92_big_gallery.jpeg,Schwannoma T1C+,31c18b29835aa692063f369fb064a27da4faaf763909bcd95baa33aa307c0161,test,1
66_big_gallery.jpeg,Schwannoma T1C+,9a6dc025d44b34404288b24c1b7693becaab72271f4396e409e3c2d57499c72b,test,1
59_big_gallery.jpeg,Schwannoma T1C+,33e0fdf872aa24d0f55e3f0afbf51f05e2cbe4d62c955fcb92f6374d8ada7447,test,1
6361d5d3b597fd0f4f6332175cc33898f3c8a8c2eccf6dee6e523af17028fb25_big_gallery.jpeg,Schwannoma T1C+,13fde9967939a0c6ab41f5b00bd14cfabf96dffd8aa2abc74728495938608f62,test,1
56_big_gallery.jpeg,Schwannoma T1C+,1019c9b0491872139870d61eb88963e0bebededd444b6ed79789ea5fbcc878f5,test,1
86_big_gallery.jpeg,Schwannoma T1C+,0cb67d1162bb16a738f3aac67b3c7833b66702fd665e1a57d7ec52c4ca4688f6,test,1
4157b2147808d51ab473ab1b395d6f5f7bab896633a2dbb94b16b964c22c04a7_big_gallery.jpeg,Schwannoma T1C+,38961fbc713b5cfcf7a3ddcc1618611fac30a20aca7107c5cc87a47d4ca109eb,test,1
79_big_gallery.jpeg,Schwannoma T1C+,554cf29fd010041edf414a88898ba35a1d4cef3ae3efaf29c9b0dfa58d3b452f,test,1
473ec733266ca92c4ca8c81e96079f_big_gallery.jpeg,Schwannoma T1C+,a5851f213ba617a984ebd21fc3e6128e57cf4980d10ecce2b91e50f84527cce9,test,1
74_big_gallery.jpeg,Schwannoma T1C+,bfc69b2a4315ec0f49a3ff88e8bbbcda4159b70f92ea57a7f92dde1dff07afde,test,1
8_big_gallery.jpeg,Schwannoma T1C+,2d3d56d25ed6cbad3a1ccdc7b84b2f09b27862e79ce8411eca0bf94820ed5aca,test,1
10_big_gallery.jpeg,Schwannoma T1C+,999e513554bcba850bde3dcbbd73688b89ef31910fb864f6c0f08cbbdcc5f3b0,test,1
6d732a6e5c20e849980268fea83e0e4f3c46860c0d00daa76a10a3c9f7b62aae_big_gallery.jpeg,Schwannoma T1C+,e48c8cb93ffa77362d528aaa36573f316fb0168b870885f9a44d746390ae3ea1,test,1
d90d1ed89c31aa13e62cad79fc3ffaadd7b3b13e3f8bf953ea6bdb5493b4e3d4_big_gallery.jpeg,Schwannoma T1C+,d6e2d55346f3074e709207371ae3e496f2430f824880be5723ee9e85a1982918,test,1
c439e0d53a9c757cf33dd43395c91f54854b2733cf1ccb2c7a0978f50c180fbd_big_gallery.jpeg,Schwannoma T1C+,23b0856de7e6e39f99a804a30d8462de0e3ed3de698301e0ad3513e266cb26cb,test,1
b14c744f521168f65e5644eb3aff6c_big_gallery.jpeg,Schwannoma T1C+,1c5b1691bfb7442d39d765342cb7163a8fd05167aa45f0cde9eef5249eee5907,test,1
81140277184a0e5eed9c3df474014f_big_gallery.jpg,Schwannoma T1C+,bee0f64f687a41cf73f60ae21c7c0319b3fcfe02c056968d205421fbfd91c0bc,test,1
f8111937042473c3b80feeac7f88db_big_gallery.jpeg,Schwannoma T1C+,4f963f281cb9057e0d8c6aaba152573f0ef288ca13249af12be243af3503d94c,test,1
cc1d91be936dcc0a69eb71ae84a494_big_gallery.jpg,Schwannoma T2,2fe64df076ac5419a1986c5ac7edc357e22b178cc4addd74fec0553c69f9fe82,train,1
9a9cc51f0a7ada6fec1c98ce413c31_big_gallery.jpeg,Schwannoma T2,cffff45627ac2ddf8b48410bcf15d0335f20f3dd79f0b7af33ab83726628e6da,train,1
2022-06-06 10_34_05-Window.jpg,Schwannoma T2,96b834ae9898bfd51729d58700ca22cd4024e5e44f0cbc3e4129d582cd013244,train,1
8e253d9ddb8b1c1b0fc2ae9c0fc57e_big_gallery.jpeg,Schwannoma T2,3b4ab15208462cd7991ea6355f1eba28fb6c974bf35623529e23327eb9745ea7,train,1
bc00307f5d3acaf83f9e735a71427a_big_gallery.jpeg,Schwannoma T2,87cf9007cf3b9ff3d35f16c807a2eacf54a3e09398e94da38b89b922b060a5ed,train,1
43c8e39c03fa3478bc43341cae2777_big_gallery.jpeg,Schwannoma T2,b6e0b7d8134960e3116cc712480c94a1c776417d81b728719c2f78f841fa752d,train,1
3e6f2b9ba9b5a2e36acba9c307c82a010ac2a1215f27d9ce23b3d03841a597ce_big_gallery.jpeg,Schwannoma T2,f2cfad6c717f683ed7818e41059b15d688c3c1ea0ec16670a61fdf9e507a0e7b,train,1
1aba39c0c5b97bc41da8e415b10e3e_big_gallery.jpg,Schwannoma T2,491d367f4ca2a031c13137744f6812f897c16beccd6032165557292a879f54ac,train,1
d616cbe6047d8917d4ba0b8d527615d83b2719168de0ddbe53365714d28154b9_big_gallery.jpeg,Schwannoma T2,f1d2eb2b3a14d7bb27eaed0aef397224e3847ef53476080cb5bda32ae9165f8b,train,1
9dcee90bef9d4c7de73f73448dc61e_big_gallery.jpeg,Schwannoma T2,51918bd0992d067119d46cf7124bcdf41702410cdf43fd11def8ba1d06e85efb,train,1
8f2152bf61d95efa6ced1285475088_big_gallery.jpg,Schwannoma T2,c0530ed115149f48b64ed7b56a6283b4bbd729f51014f1a287cf5bd3f551dbaa,train,1
3c21faa51685881617c552b13d4660_big_gallery.jpeg,Schwannoma T2,d71541c882d49c36ab3b5a656d741421032a883feecfde2ac17b63cb13a90b4d,train,1
5bdbadf71d29e27e7f7b36ac5aea1d_big_gallery.jpeg,Schwannoma T2,c28800458e747e3b7b0ff6fe823e39b4c114a14a9d34b825ce2419b10121cc1f,train,1
b8179cc38cbc2035b87b377f5a90c5_big_gallery.jpeg,Schwannoma T2,3f634e813e8a1eed025a5cb229cc8e796dfe14c99483383c039f2ce8966a98f4,train,1
2022-06-06 10_31_41-Window.jpg,Schwannoma T2,aac5a09171084617a95adff4534bf80d03b5c3f00d1134ac629f973276762f9d,train,1
bf89fc12901021d47c6b4890395bf37379f8eb50126eb41abf934a453f13809a_big_gallery.jpeg,Schwannoma T2,017a059d19bfece8bcb5bef5efbfdf4d8d1f0e7e2ebc32fffd7f3b16ca7b7f45,train,1
eadaf89cb9201e88bbc0bd524280b1_big_gallery.jpg,Schwannoma T2,502df4e8e43ddf82397b50e4212d5f875856023463217736f7b8dddb50d1e60d,train,1
1021db02aaf2f06257d365ab91f8b8_big_gallery.jpg,Schwannoma T2,493d21829845bcce2fd21d50da82d783364b866f9bba4dbf1dfc67019955b9b9,train,1
9_big_gallery.jpeg,Schwannoma T2,3951df1bbf8595e4ee1104eab4edf7db3ddc0e0fa58f50910a8cb457e29beec2,train,1
7bb4f171b9407400d359af8e9d8958_big_gallery.jpeg,Schwannoma T2,da4ae574cdf3bcb764b862c61987225ecf18cd55681e1362d1b176bb215524dd,train,1
92651277837a04e23385b1a4979a49_big_gallery.jpeg,Schwannoma T2,4bafbf3d62e18f11372422edceea6363cfa21d6bcb24d661efaf20e7867c5d60,train,1
550aa95b74bbd34b0f98aa40e817ce_big_gallery.jpeg,Schwannoma T2,8fab19f9ac2835eca045c067a749de54ee0d26354e58a11aee97f860464ebca1,train,1
6_big_gallery.jpeg,Schwannoma T2,b88cedb87d068a262c7c16f112bc9458f7fe989ca7da8c3dc38a7a79ca7d0361,train,1
147a0d254cbad2c8244ea73ec5dafc_big_gallery.jpeg,Schwannoma T2,e71980cb7a119826a43edff1ddb4a8ab2b05375d9d3968f2cb0ac1f0d3378d3f,train,1
4865512c63d9199425824b60d38bd3_big_gallery.jpeg,Schwannoma T2,f161415a2cf316b9fe5effc775d6d6af662d65bad91d1682427dc574abb0b368,train,1
7cee4170e291ec9766926eb41a2d3f_big_gallery.jpeg,Schwannoma T2,a7fcf30c6f95b5ba326d5730fb797fd277d9e1b3c722856bdf94fe6e7b02e35f,train,1
7_big_gallery.jpeg,Schwannoma T2,8c453a3eeefe99c6776e30ca959786d64a1e93779c528392db7df864eb0fd1a5,train,1
2a028fe0c4df7b03ebbec2f426ff95_big_gallery.jpeg,Schwannoma T2,8fc95a479b1b0a26dfb1e49ebf989af32d4132a2dffad8caa9151ab28f3f8dbc,train,1
9a6c454077efd485a6c9bde45ec416_big_gallery.jpeg,Schwannoma T2,3bb90ebee2c354711067cf1be51113f9dce0a543a100a91f41087d720d479d5c,train,1
2ee16dd6ff4e5924743c6a37eadd7f_big_gallery.jpeg,Schwannoma T2,08e91bd25509c90dfdb020dd28201006674203c17c886d983943ee414a290225,train,1
d783f318b113c9c47c4ead9c6501c6_big_gallery.jpg,Schwannoma T2,d8fdb7b9e754891ad21e881f805235715fd9779a86936ab2339feccbf0ccabcd,train,1
2525fe9475ade56d2ea06022d13d17_big_gallery.jpg,Schwannoma T2,98d5f8280c93990737723e583a903ab073ee8bda42e54d5931e95e6cb4c80143,train,1
60aeeedd1bee1ff0cbbf90759825c9_big_gallery.jpeg,Schwannoma T2,5a655c3030beaab6f2083a3d0f916697e5dbcbdde133b0f872a725b3de1658b4,train,1
9185add4935268deeba7fc4f9bf982_big_gallery.jpeg,Schwannoma T2,ab9054fb6fc02aa00efc2505103d66ecd9508ba9408e92bc69b4109cc5851cd7,train,1
62d404a21757114b6ff0cff20b58d4_big_gallery.jpeg,Schwannoma T2,c10d0df02dca583e864eb511ce9a1c821e4f744cc0cd2ce8a4b5ad340485a671,train,1
a556feeededa07916984179b7826ad_big_gallery.jpeg,Schwannoma T2,88d4719a766e624c259e820815d48b4f4d196b12670c21d7444ecdee1d6d3ded,train,1
8cc2e8c5dde0e6ad24d2faf2c14e5a_big_gallery.jpeg,Schwannoma T2,fa4db50b53277196ee574ee7d8de169d623a8ce93b4c309ee05e270c0e200f5c,train,1
979b29250a89327a62cfdcadc0279e_big_gallery.jpeg,Schwannoma T2,f1cb380ad974147b956e60cbcd5e186c8ab10d1bb19620331f8a29608c10760c,train,1
6c4c88e705b1f0f4abd8da7602b1887c6280a2b3779d4b6674f89177b6d3bdb2_big_gallery.jpeg,Schwannoma T2,b3b976b314009bafab583cd7b5a7c5ae03f99260c8343277f25224a95a4482eb,train,1
3ba132362e71fa780787e10188cf11deb7bb5ec62a13567b6c714027524013b9_big_gallery.jpeg,Schwannoma T2,039f27e8a7cab284d64399de0b508381a9f234a415c065d625483b81150be50b,train,1
0ed6fa89ca98e31d52412159632d41_big_gallery.jpg,Schwannoma T2,cb09256caf78521b04c79381595f8a3529201388e668ded5c6460cc566c1f5e5,train,1
c310bfbb097ade8deb5290ed07dc59c7e7fbc3d8e1aec5a02f478ab5d05dbace_big_gallery.jpeg,Schwannoma T2,cbb340cd19bac0cb902f1d45458c765c73d9527b5165b73ac5964df1922c864b,train,1
589dbfd78a9fda962a41f30c3b5ffe_big_gallery.jpeg,Schwannoma T2,1694d1d22e830414c964238e49344810b46f2baf6f26c5f4c7f6bb354f619a97,train,1
5622e8696b09444c86d812d8b8234f_big_gallery.jpeg,Schwannoma T2,26befc13caf988fdb3b45e3c5f0d6a9259f1e0eccd124fe578c13025fa012057,train,1
72a489f98d1101d435f7c4541e182b_big_gallery.jpeg,Schwannoma T2,098684cdae64f914e6142829a51ae9203c238188997d7a08dbcdde557c911cb2,train,1
8d73637b10c4822aae7213a567a192bbdac70f3cfd5c18a323f49071e0f7a355_big_gallery.jpeg,Schwannoma T2,c56ce6274b4616c6f660ea88d0e871c17ae894b9520380630c2f984cdbddae5b,train,1
cfea7ad7a5d543a4e31d4b122ef57354f6f3a32b876be1016ff1c8836d8a60bf_big_gallery.jpeg,Schwannoma T2,eb55616b81d861510f9b9d1bcad53d027424f95a658f02a334459d6bf2a83111,train,1
274d0c86443aee432cb9385ddc0241_big_gallery.jpg,Schwannoma T2,559b910eca886533b29677c806bc31a08c6ac4d6faf47981adbc0e11eb9e86c5,train,1
46ec175390340f8ee83193cdc0680b60f0b451e58c686cd8a9cf3c5175b34264_big_gallery.jpeg,Schwannoma T2,fd1645da87e877b454d5d446356ce18eccf18c220650ca2bc1bf3c3aa478269b,train,1
8dec5b3d5cb0d5008ba7170b2435b9_big_gallery.jpeg,Schwannoma T2,d7767f3480e7c63b90f5f2b6f74b0ede1d95aaf15425cd0985e58ac3eb63f4b3,train,1
4a01d928bfc0c13039e20122065f4f_big_gallery.jpeg,Schwannoma T2,8cc9732a0d212c7706bc16ac6b6a9d8a99b21d1e008b87086496524d351f1939,train,1
3b02529fb655515ac9353fae72cbb5_big_gallery.jpeg,Schwannoma T2,2fe52d5896482a155b0ac6bdee012195cd6b45ab21237c8e6ad4830c142686a1,train,1
944b2c6d7cc33d2a4f32afcf3d4b7177645743d88c2a4ef686b39b2dc84ce91b_big_gallery.jpeg,Schwannoma T2,4e3a7356aaab85ee4fdf3fe8ee200e96fc0514700476df34f27c370864ce7d0b,train,1
ea957839a084e7610f6349b6c2993a_big_gallery.jpeg,Schwannoma T2,dd2e6aba00bb372c0e282cb83feac8a8ce9e6360b7e5e4fa7e9520e87ceca8d3,train,1
e032acfd6df5e2611614172b81e72d_big_gallery.jpeg,Schwannoma T2,7342dd935f4ed7ea17948aea76b385d45fa6ef33d47c35b7974436536026354d,train,1
243a9418731751bb5230b62270c1ba_big_gallery.jpeg,Schwannoma T2,666d9da0c45b35a69662121e8aa4b90a70995b4976d9d6b4602d36d2537b568b,train,1
232c368edebbb4368ed76e5db2ec48_big_gallery.jpg,Schwannoma T2,be6d069790846fdc9e4edc32fcc5bb6f6b83ecac46a82228e6e5bdd57580c44d,train,1
ef5e8b14d33e913bbd61bb2ccb3281_big_gallery.jpeg,Schwannoma T2,0de498bbfd897095a96365eb68695601708181e1243dc19f4a8d38f8bbaaa22d,train,1
06ac47ffb8bb7822ee1aa56f0874c9_big_gallery.jpg,Schwannoma T2,24a5fe47e1d7e2916a4ddc5685aa840231675fd45b7b7de4ad6b6ff0dd0bfeac,train,1
a8961634b8efe84e76f02c8faa126e_big_gallery.jpeg,Schwannoma T2,aec53b145a012a9e6ea7674cd92e131562c34d853ea68a85b733f7cd325dbdba,train,1
849059f5d1d8aaa9fee28591fc3db4_big_gallery.jpg,Schwannoma T2,0626e5200b88c7ec85e0b7c1fa069031fff7d0d49a94322bd4f7460b0ce61287,train,1
ea6d1d100549ab75d274558bb2b897_big_gallery.jpeg,Schwannoma T2,498b10a160c04dc4ed030a8af5ae96f3007f9e94bbe30330a5b8d5fca8f47358,train,1
d26e3c8c3d53e8c919298c26660508_big_gallery.jpeg,Schwannoma T2,98861f2b6c52dc1ba3479a58a3106fc71bf02a4f95a796eb72ca19e7382da0fe,train,1
0fcabd4d95bab8525086900cf70597_big_gallery.jpeg,Schwannoma T2,daeb7a47a39c14ace7b7e03553771d35724f8cb00c1437fd77ba50cd8fc67c66,train,1
01f0c375b05c848b26ba000509e1fb_big_gallery.jpeg,Schwannoma T2,7897a19d8e906bad535d3cd728173aadd1ea9f5a0b66f2cbd5ea9798431d69a6,train,1
303d7a0c29b0241e95513f728872bd_big_gallery.jpg,Schwannoma T2,28538f2dceaa7acb13867e48e563289837eeac680b1049086d2cd992e030b797,train,1
e3dafb111c595e53f0effc88f29b0c_big_gallery.jpeg,Schwannoma T2,ac2b1f27aa9db65e7ca79aa06be7262452a080d1d6d4bf48587a41a8d6756fed,train,1
1bb4a9c5db6adfe3604eaf5abf38a17f42f5ad1cca6eb665b7611a5f9f8aed0d_big_gallery.jpeg,Schwannoma T2,43ee94763e23022fa3ff8d9d786ccbd3c2340c9f35282e56bcbdd0ccd74b43b1,train,1
36e5ff718b84d115f184262b9f4019_big_gallery.jpeg,Schwannoma T2,313685fbb51ef61551b63c2e74506368c64bcb402a789feaac5cffe7a6f31eca,train,1
ba980f6d80b6cdaef804607827c2cf_big_gallery.jpeg,Schwannoma T2,7532e470160ed43b0b5078139462e985334dcbfc6516c9d99ca79d560e40aa71,train,1
c4c7dc94bf7d8a13f264dca72fcb29_big_gallery.jpeg,Schwannoma T2,35ca13af60e63f21e5d9f0e996eeeeef944fa93dcd6084fd0eef4061069f26d0,train,1
ae62cd878318ba3187514c135cf7b1_big_gallery.jpg,Schwannoma T2,b5d87a187cc0a4e2bab2b19a22e25aa76099c1012ddf0c137c18d32e107bc814,train,1
d922eac0637415f996c77e30c5ea66_big_gallery.jpeg,Schwannoma T2,d1c4d4a84d7363e68d0bb82131243827f1e9a5ec8fa9cf7ff4034191b0dce3c3,train,1
d9098875f71d7331f8552c12f4c6c4_big_gallery.jpeg,Schwannoma T2,9750ff78922ed7cad1c308e1a19818e0d3b37a506ee0a7376225673195fc86b7,train,1
4a13e97b2fb9af37275815206799a527289d5d9aeae9a02dd69640186444120c_big_gallery.jpeg,Schwannoma T2,af1d70c1cdd685492b49517beda5bde701c0bb583b389774df25bc80aa109737,train,1
8992bca73598e437ba14754e575561_big_gallery.jpg,Schwannoma T2,15fb4eb59735621c3fb62c0dbb978a1f480339637722eaaedd646fe86af00af2,train,1
e1fe7e7367ffd28ee7b1e60030b310_big_gallery.jpeg,Schwannoma T2,dd2ed98c01562663aec47469e6fa2464299474aeb2d385e0397727a6593826c7,train,1
b90b87975397b2b608c4daf47d82df_big_gallery.jpg,Schwannoma T2,649f16400d155f7b03470b53d8db16cd5fb0951973880e6b8c7d844e676b1855,train,1
12f94c0b777420df13427de8076d6b_big_gallery.jpeg,Schwannoma T2,18dbd738a3cc5d132a85e02085e5873f927983b4ded3e4b0c333308461934c11,train,1
8_big_gallery.jpeg,Schwannoma T2,afa1a3fa9468adffb5cad4a081d0e69adf4ad381c83a148dc154da80c585a489,train,1
fe5d59b64a0fb3ad6a6e96f9ebfbb2b5ec56d9a5d84ef35a932d41a9f9ab928a_big_gallery.jpeg,Schwannoma T2,4fc5cf70321220555e3fb2615217b729b9406133c4652fb43c24197cc4fb7d20,train,1
11_big_gallery.jpeg,Schwannoma T2,db3adcf191c0a15d7d72db137c58704f518f22affcc5530b29bcbdbaeefd9fc0,train,1
8c3ecba904c3422e4f288cc89b7299_big_gallery.jpg,Schwannoma T2,cb739044ddd0179d7d6276064b97f1b6b2f766ca5d27fdb48327aa1119c2a46d,train,1
a93571ed2c907722d76b2f8d1f449d_big_gallery.jpeg,Schwannoma T2,2577b9e786512c237907de62e1af4d38fc3f11a3f240e1537759c2d280e2243f,train,1
632cd5c71b2c829d2045512e88c50dfa3d7153d22f0e7094a83b8867e70fad5e_big_gallery.jpeg,Schwannoma T2,7383c40ce376a3c536e572846c5e8052b195917d0de2d1c31fd88a478fe15967,train,1
475bda032269931f58fefa081813e4_big_gallery.jpg,Schwannoma T2,48adffd40521a9dbb551f45980e8e6a7fb9e191bea781f469a6667f87da9db3f,train,1
0c9c74b8c01449d0ece9e576461aa4_big_gallery.jpeg,Schwannoma T2,ef4e6500467d09d63d6fd096767d2b4da815781f9cc88dcb0e4c72775f2be31d,val,1
cb1beb7087261d464fb53acb614cac_big_gallery.jpeg,Schwannoma T2,9b016f88c0e13a9c11178339f2e70b5a91746c942430e4aaec219e10020fcdab,val,1
3ae67cb0c1beab3a1df4a2c8043345_big_gallery.jpeg,Schwannoma T2,482c60251a6da4d0fb7adc7b470ab311a56555f79bce9f22983f96edc028ce51,val,1
2022-06-06 10_31_30-Window.jpg,Schwannoma T2,138674f010b2187a72707c3b8ce8a95f78e44f0060853f51e5a23d5defb7ec07,val,1
4e2a45fb1e74dee2bf0b7e2913ce0d_big_gallery.jpg,Schwannoma T2,f4c03600097bdf3e9068b4ee4011837f9bb84b1660f25eb393c3d936575cb35b,val,1
2022-06-06 10_34_13-Window.jpg,Schwannoma T2,8858d69a4842892136775b4d11e81f8e75248070aa760ab34e9b508e6bae2dfa,val,1
3804190b2d701206aa2132441cef6fa000926050c53ec118b32a021364b05ebc_big_gallery.jpeg,Schwannoma T2,d755febfe03e045573491f2afbe2d51a9fefe0ffd3f392c890f467a7db1e1e26,val,1
af2f8a632614e867f9b9d8f39dc94d_big_gallery.jpeg,Schwannoma T2,20c944603f6d02d234e7caeddb78f0123b31585f540ae61d5dd93def2360d4a7,val,1
b6fda643280ee5fac4dac2329a4e69_big_gallery.jpeg,Schwannoma T2,09790a12d2b5a9a01eaefab4c83b8270d39d52d14278902b6583b5b93354350f,val,1
8b4960a11d801368c2986cfcae302d_big_gallery.jpeg,Schwannoma T2,5f6b7b50105e8e6e2f8640c967af6b82799106fcb5a1744a5278ebbe92d64a36,val,1
49d4df92b6b88a2c4c7d5c17c477be_big_gallery.jpeg,Schwannoma T2,eb0792ed31f63331e78aac0ca2206f22b536865e6cd70e2991fd5f3d843b6bc4,val,1
814f7304811b73218fb8b2b8c3f84b_big_gallery.jpg,Schwannoma T2,b90e3ec565c95384087baeb8ac53f7b83c5ae7ed188807f9e402b1fb3e49d752,val,1
2022-06-06 10_34_10-Window.jpg,Schwannoma T2,de08c6b487a14add64c39152f1dd40f14e0872689303025cbf118ca199bcecdb,val,1
c7e651a90371475e5f77198195b4a6_big_gallery.jpeg,Schwannoma T2,8ef0f6a461b1d708871d29e7812dd370130438637c785fd9ba8eeb6bbd132650,val,1
ab42d6886b6ae995da5c49b526f483_big_gallery.jpeg,Schwannoma T2,459d2fd207a17617d57dcf9718049ef3f3a3a6af0e7edc02a901d8327775a6b1,val,1
2022-06-06 10_31_34-Window.jpg,Schwannoma T2,3a4e0f3f0f9be2e65f19ee4649e8ba5b1800f2e55113b23f62e151acbaf2594f,val,1
ae0eecbede4bd5710fe4b83a259817_big_gallery.jpeg,Schwannoma T2,2341934ace022b6fce843ccbcb4e72bd23816eb961b4c7baa82c7b277364a933,val,1
02f3297cbe725b577faafed1e79f4c_big_gallery.jpeg,Schwannoma T2,2432422a704699e688ee5f72637a3fce6c73e6d23d2b226219c7fb9c64073b8d,val,1
2022-06-06 10_31_26-Window.jpg,Schwannoma T2,9a5d753cfbbc5302e00917685eeece0988c55789590ccc1cda844869f6453c8c,test,1
2022-06-06 10_34_18-Window.jpg,Schwannoma T2,69bf250c0c8bb31460cd9bf9f8a3847c2b2023d238d13fec00dc396d9aeba8ed,test,1
f9db33fcd807153613f7074e4cfd48_big_gallery.jpeg,Schwannoma T2,46d84f9f157d449bd8a39899f0f765b7b7e8444f859bd9f4e0a4036537d29c84,test,1
a43cbaa55a55e74056333446e2546f_big_gallery.jpg,Schwannoma T2,e402c40c0c833bc8cbcb114f8afbb0532b1371456d24abed7085dc82bf8ca944,test,1
b5d023479831da999f74956bb99075_big_gallery.jpeg,Schwannoma T2,9e0d1ec0f90478f1c93a46bf2e98835af754085300e75cd42123153869135422,test,1
a467d62212dd2299e05705ec7a8686_big_gallery.jpeg,Schwannoma T2,0a8971de2ba8332135ff9662c5e6f0b7a826ae48fb43f1fcf9a692a4b382afc7,test,1
429b79255b05f2c9ab270795b5fa0a_big_gallery.jpeg,Schwannoma T2,ed3c9b9c6a54aa8510c359a7dd2f1f01110d141582c4c8f7a5f549b679356249,test,1
ede24b4e45d8fa231c9e402aea8300_big_gallery.jpg,Schwannoma T2,512ef95414c25b2e4ff5ee00da21fa5b6b2fd0db314f3b78e830c5bde6876c58,test,1
95ac5e7580c9c0e623627f9d772703_big_gallery.jpg,Schwannoma T2,e9a3ce7976cdc6e9988f567af3c0a598e3a8eec8b4cdb8f99b17398faaae9ffa,test,1
975009625edeab46370b14f8ab67d2_big_gallery.jpg,Schwannoma T2,a807de05ba83a948872dc08efda353f693fbaf080e3dd01299c7bf65ab6c8e4f,test,1
709a845fc76851994002d3ed8fd941_big_gallery.jpeg,Schwannoma T2,0aef515cd576d0752934f9073e206452ee0f739f13b20b2c680ddb57a29dd69b,test,1
1c0a5eaa3366fd01de0ffe604f3347_big_gallery.jpeg,Schwannoma T2,69852de65e88384ba227061a2638229e63e3dfe91492afccb581313ceda582b2,test,1
64ab9a7c399379e24bae30240cb92a_big_gallery.jpeg,Schwannoma T2,d900e4951e5085cda1940c355860d1e4afce4b0f64350394bb147f70508b09bf,test,1
1830f7b2da6508cd246feb3e99c514_big_gallery.jpeg,Schwannoma T2,758ea662863df4a878864709f93ce8891289be6edd1addb795f0904dc2d92e95,test,1
3636f90ac66f1e0a53862283ad280b_big_gallery.jpeg,Schwannoma T2,f2b0f0e9f0bdcd447b1126969d81d0d73d1bb00e66f7a6cb97b1624380c2150f,test,1
10_big_gallery.jpeg,Schwannoma T2,ac59d9d27ebe208068aede1e32308155f7dff900f92981901dd7ce0a5e65ee2e,test,1
321d9f64c14582b1798e578fbefe5c_big_gallery.jpeg,Schwannoma T2,12573593b4fcbec505d115cd5b740a8437e25ffbb5f4e78e46694f7fef43868d,test,1
d283f42a9cc7350e360de6019a7ce2_big_gallery.jpeg,Schwannoma T2,55f4895b063a37016c8462e91ff160fe580c7ed305fa932224f18117f2eed2b5,test,1
b094ceb61c96ea005979ed9210ab77_big_gallery.jpg,Schwannoma T2,6c3ce7a4855760f8d6c47c8110ab4c0784f33de590fe46bbbab3d6d1d6adf395,test,1
9fe9bab831e5f150c2754688b696d2_big_gallery.jpeg,Tuberculoma T1,da70483b75d136458d97b8ab93419755135de37e3b7415aea320f2e1441bde24,train,1
49._big_gallery.jpeg,Tuberculoma T1,3f3625c9a65e60e3478772989844d1a08ab8e307106cdd7103d6bf159b73aba1,train,1
f132bfdf20476efa7b6c990990dec1_big_gallery.jpeg,Tuberculoma T1,a13e8035424d2c7f1eb7b9003ac7c2a6dba0c4ac018e87d037bb81c4b85250e8,train,1
656200ee7ba71d6af84f092c81adea_big_gallery.jpeg,Tuberculoma T1,5c8e80377d8a6d9d28cd3164d137a8e5d57409acd3d0386cfb7e8a17fe4cef5c,train,1
69f6f40f3d444488347e5a8143d933_big_gallery.jpeg,Tuberculoma T1,c9cad9ca1bf7c7151f0a9d4a58386e8100875fc73385508097d1d32969764e9a,train,1
d9a7454b775ceb607d77ccdba464e6_big_gallery.jpeg,Tuberculoma T1,bd287a07e71c2dbaadc206b9520b4acaf8d28e0ed0e7a8a04f98d3fbea0351e3,train,1
d7a25d0982428baa8c12a0cc0da5d1_big_gallery.jpeg,Tuberculoma T1,fa4cee4ef3ad30dd7f36c52a44026dc4c5e8662820e2a144f68f9f29c1b9f4c7,train,1
0f4ff65a69089cb3f20fdba26ecedf_big_gallery.jpeg,Tuberculoma T1,f49c4c25ec17d1956e54a5b1f13dc9afd53da69cf42839bc717a853a66fab20a,train,1
3b38cacba6889c421c6e36e9ca8895_big_gallery.jpeg,Tuberculoma T1,4559436aa70bb019414ee21ad52fba1f5e6b5f0a49137ce3cb8434d72b3a000b,train,1
19c10491fea111b7a64426f01c17d7_big_gallery.jpeg,Tuberculoma T1,8e6812a19eede9ffd08ce0677b4d02ce5b23bae6c936d4109246160a5ba57a60,train,1
a3ffd45ab5b33195c1e06df6b698f9_big_gallery.jpeg,Tuberculoma T1,b0ae4b83bcb7438fdb6ff28bd8e571c63561e7adc59cf5c4895329fe27779a50,train,1
f98a6a2bf475a469626f04a81be829_big_gallery.jpeg,Tuberculoma T1,5aae7441d3352d1f2423c7343cc88b6feab405e8e3661d9afd731ec94f8ceac6,train,1
7904cbd166a32853b9834ad1cdff15_big_gallery.jpeg,Tuberculoma T1,57d4df8fe08f1839b70c36fb58968c7da579675452b85a5fb209a18582618e59,train,1
7b1e6ea5eb22b9e55a58357dd2ee04_big_gallery.jpeg,Tuberculoma T1,5a63ff84a92f9f106755753e0e226bf1a2194848078fe503ab283117bd8c3abb,train,1
52._big_gallery.jpeg,Tuberculoma T1,233a92f64c919b6bcd9a0d706b39b45bcce873c4df325854a646e9bcb644bf2e,train,1
50._big_gallery.jpeg,Tuberculoma T1,e001ef211c303dfa02050aeb80fdd17b90b4f2e7c5e2e0adc512631a27a299cf,train,1
2957e2a4a94ed0cbe64d12aef4e52f_big_gallery.jpeg,Tuberculoma T1,5419595b5024a68293c9862875f3f9fd5cae9751b629f5c644f06118045cd799,train,1
53._big_gallery.jpeg,Tuberculoma T1,8947ccbe9571c345a41e12af0a29bddc13e9cfbe275295a5a39398be4e0a3c95,train,1
5cd340d7a6d84e34ef5dfa57ddc666_big_gallery.jpeg,Tuberculoma T1,dee7c9a85ec0cf1d8e471eb74adcd5f9b8e24d5076a6145585687a4a72ad30ec,train,1
bc674ae087285fddf803162f81681a_big_gallery.jpeg,Tuberculoma T1,c492be5a1ca8b85b1a69ddf9e4dad3b944df0c77050c0c406c82d8c268c819e2,val,1
54._big_gallery.jpeg,Tuberculoma T1,291cf5276d2ac738438bbf5d22d969b16975231c015913ba5e00c7bd7d2eb2cc,val,1
ff951cf926ea50d99a8f5880555a6c_big_gallery.jpeg,Tuberculoma T1,fc594e91953faa671176ba5352d7c8fbd71f72615fbb79611e206dae76e6b7f7,val,1
cad38bd2e02c7b2f6bf1f8e16e4d04_big_gallery.jpeg,Tuberculoma T1,eba03e0696721b5b9a0bfb4a0b28270e15370aee7ec1fd44c5a6038cfe4d8355,val,1
ba7f8da33bb7a21c9474723a416603_big_gallery.jpeg,Tuberculoma T1,27f1bce6a973bdc5403af8d6bf83b30edc4864269d3480c3586b6daf99368e9f,test,1
593be8a597bdeb26e5500f9fb1db09_big_gallery.jpeg,Tuberculoma T1,5257a8edd5401f45efcc3a2660852f305fc1b1627936355dbcb2976c99f86923,test,1
83c8bafe7cb5e5a39bbcad38526876_big_gallery.jpeg,Tuberculoma T1,0302d00b58c7867d016d36f4c3f9f6ab3210c2c0019c30a23733a4c28ebc76ce,test,1
51._big_gallery.jpeg,Tuberculoma T1,66ac95a30590868f25c9ae96e8dc54091a8ef3a88792ad40cf779ebb8b3326b0,test,1
01a9e9bcdc66462ec63a749f78363e_big_gallery.jpeg,Tuberculoma T1,3471032f7d8d74994c6f1ae917b5ac8123106d0cbd6a16b0631d74bbc714664d,test,1
53._big_gallery.jpeg,Tuberculoma T1C+,04dd0d768875cf5148059efed757737cb8e1f38d8ebccd680345bb6698665d41,train,1
47._big_gallery.jpeg,Tuberculoma T1C+,6777c7a7d72884f8775a6fec4cc22cf19dd879d14415cfd7d89f03dbe2530dc2,train,1
93._big_gallery.jpeg,Tuberculoma T1C+,158cbe36e4b601d76bd4fad28f8a6b069caae5b2e37b08fdb8ab3a263fdc247b,train,1
5._big_gallery.jpeg,Tuberculoma T1C+,f115ffc72a4f40580882db7c040540fc9b9431cd5dfe730cf348754410d19bf3,train,1
95._big_gallery.jpeg,Tuberculoma T1C+,0877054f16f8199107f539b9981be73801e0df7f14e5ee25f9f3691e4589d4f0,train,1
67._big_gallery.jpeg,Tuberculoma T1C+,59b19ba27134ac86aa01d45c0a022ec21a9a59af1a583c24abd166e800affe91,train,1
56fef29faece0a48cbf0d884e576fe_big_gallery.jpeg,Tuberculoma T1C+,bd3ce7e5e70e2d84ac03cce6d803748b08931cfd70923e9387e4eeba207384f8,train,1
364184aeb0efdc55338aa1740d6cf4_big_gallery.jpeg,Tuberculoma T1C+,52c4bba24175df1952fe88499d96cdd7fc49581ef90c9cf3accbc7c6ee0e9b17,train,1
d4bfc3b8352f11d35d509fb1103175_big_gallery.jpeg,Tuberculoma T1C+,028c2db8f65397e9a555bbb0e8634ab4a2228ee6907b9b2a96c092599e43a1a2,train,1
56._big_gallery.jpeg,Tuberculoma T1C+,b1e6908b7e5e02345e8b7fda6c11fc3238ae2414bc477a72c4c662c5f70bbefb,train,1
9e1209537c15c3f6cf4daf34f5e029_big_gallery.jpeg,Tuberculoma T1C+,710d6cb175d0baddf6f523f4cfb4cbfbb1ec548c512afe1f3d64aba9eeff6d34,train,1
a9c479ba5f1c5f6a1dd388fa366134_big_gallery.jpeg,Tuberculoma T1C+,5f588778543c7b9146f0a03003960de22fcce572c8e95769db48383899114435,train,1
43._big_gallery.jpeg,Tuberculoma T1C+,31fa6782fd916bf4b723261991d54f2b687927690c83bdf2c6f98ac24c8a1e3b,train,1
48._big_gallery.jpeg,Tuberculoma T1C+,dff5ace59f48cb4eac91d350d82d10745ee2612d243e3b6310f09077f92e66af,train,1
49._big_gallery.jpeg,Tuberculoma T1C+,9db77e3112c579b9cc5162a7ae1d308a39d2bc4fafcbafe1fab23dc007968b24,train,1
0c7adc9fa4238f1cfc30514b8cae0d_big_gallery.jpeg,Tuberculoma T1C+,3cef3c83af36a34a1703ad4ac85b536d1de79aa21dcda654d413a2b5e0ab9b5b,train,1
6._big_gallery.jpeg,Tuberculoma T1C+,2c8696684daf66e9ada8f4b673dad05ee3b48c939721ab75922c938f61195e69,train,1
94._big_gallery.jpeg,Tuberculoma T1C+,e9fbc2f8a295a2993c6984a266b959753ca5efdfaf2ce680f936dabdf4048726,train,1
63._big_gallery.jpeg,Tuberculoma T1C+,fd5114e07bf5813bea3a325cc8cb46fe2109d3e092a238d76357e8bfc149d2c9,train,1
03754e4465d77a4518cd1d2584cda5_big_gallery.jpeg,Tuberculoma T1C+,76b599aa14ddf7b02271d85531b77744bc114051186cb3522ecea0c2c876b9f1,train,1
f1dd9712c9eda13c0bf31be1f9dfe4_big_gallery.jpg,Tuberculoma T1C+,69b7da46ff66cb2ed4fe78d8fc2790c88bcfd8c94dc3a98d02ea169f17b85306,train,1
fbb16b85dd9bd85644dcf30c146141_big_gallery.jpeg,Tuberculoma T1C+,377e2b98c7b63a1d88b1da1a22b579746c6d1bea7024c3d9b60bd4e1c3c0788a,train,1
52._big_gallery.jpeg,Tuberculoma T1C+,8c77391f3ac5def86d0724b9543ccc1c5cea4afd96cadf947420a9cbf77dad32,train,1
45bc34000e8c5846936e4dc2821a18_big_gallery.jpeg,Tuberculoma T1C+,c50fa0e33c614b78b985c17493d71526d1a72ca5658f299e8dc02ecfb64db8f5,train,1
03ad5701df444374ddb9f73c019c77_big_gallery.jpeg,Tuberculoma T1C+,8c2dca8207c365b514e69429c4b91f45e73138b735bdbd99bf4d4d239e0d99fd,train,1
59._big_gallery.jpeg,Tuberculoma T1C+,93d41bccf0c98d8981296542bd47d0de83698b50129f116d9893cbaf0329170e,train,1
92._big_gallery.jpeg,Tuberculoma T1C+,b4e846da9992182f16866d547e2bd4a0835c6239b4b8c75326fc95f76776d250,train,1
2aa464ebf3151988c739d8ecb66b1e_big_gallery.jpeg,Tuberculoma T1C+,ab3bb810e81eddee237048ea31a67307527f49db1f469eede8fe77e44d5b6c1d,train,1
58._big_gallery.jpeg,Tuberculoma T1C+,130c9787a3841a5549e35237ccfba14bc0478be93fd7a1318d1d0e5c3343a9b8,train,1
61._big_gallery.jpeg,Tuberculoma T1C+,f42c4775fab08fb9b25ef06f81d43ab7e1d9664170cb3b731da54f1867bc2d4e,train,1
62._big_gallery.jpeg,Tuberculoma T1C+,c232e14c97dc3742e3cf2f6a9c9d474dc26296b87cc90e15f8b17511a487e756,train,1
68._big_gallery.jpeg,Tuberculoma T1C+,e5b4a933ad3cbc07066507bd816a94a866c2d0ecf8a22339e41f850fa2613a78,train,1
630ea89bafccbe9a9ba46c3506aef8_big_gallery.jpeg,Tuberculoma T1C+,0c8482ef572a6a082b82cd3ef8a38152e66fef93fa868e839458b7608933f588,train,1
60._big_gallery.jpeg,Tuberculoma T1C+,5e4bb9e6db86a467ad1663b9361672804d943d79d5e8c3d4686ae01a2ba80ff3,train,1
059b7b2c2690a17951db9aac056f25_big_gallery.jpeg,Tuberculoma T1C+,569991840555633d1125b2b0b602de8fcb5e6c16ac86e93901a44633f2aeaad9,train,1
97c93b1eae95bcd8cbcec06a37f7dc_big_gallery.jpeg,Tuberculoma T1C+,7cf6fe66d72a07b71f40d3f63cb6ead4cbfdfbd253c6082740be4e5af78fd452,train,1
66._big_gallery.jpeg,Tuberculoma T1C+,f265d8588d37d81f0b12c7c3595ab1977c8b50bf1a81b03a50d5697870224a1d,train,1
152f997d1b57ac74a5a0f1a798b707_big_gallery.jpeg,Tuberculoma T1C+,aeeff0cd9a4d8715410ca4fd8eb59154c73317691fbeaf58cf3c09eaaac6eac9,train,1
625958ce335ce865f847dbda84e07b_big_gallery.jpeg,Tuberculoma T1C+,e4ce13b6d518069a9edcf2bd878d345b26fa7e53cda1e4fe1d468296b7371be1,train,1
b0a9f26e3cdceb2a3a8d3a61424de7_big_gallery.jpeg,Tuberculoma T1C+,92ced4e72e30b00492785f04f455bca6d2dcc272df503236e4a61d8cd60d799f,train,1
8._big_gallery.jpeg,Tuberculoma T1C+,30c4a1e25e49cef0d4837fda761e788736df837733e175207c65f6dfd59b6128,train,1
44._big_gallery.jpeg,Tuberculoma T1C+,ccf577ba9de403c12140f51df3e61fbcd0da3477db6aa975b816905673535345,train,1
98._big_gallery.jpeg,Tuberculoma T1C+,354e31476f3121f8a5cf342c6e1f4818b5eabece05a71eb0a3cef75baad2dad5,train,1
2b98115a710792f738e5569756e7fe3_big_gallery.jpeg,Tuberculoma T1C+,f80dd6f52974d292bc457b6501cfba689fa928f603bdaddf9bffacdfeae7416b,train,1
46._big_gallery.jpeg,Tuberculoma T1C+,0d518fbdea6dfab60b00f308442f26684c651a331f81000eb99ce3b8453fed73,train,1
55._big_gallery.jpeg,Tuberculoma T1C+,695a3f99531b67694f9ece62377058a12b1d5c4f7d3bd29e780ca1c47f6c512c,train,1
b8c2d7eff1c25ed231f83a290b3930_big_gallery.jpeg,Tuberculoma T1C+,9fedb5a821f0e9fe688677842a0930c586d757dfbb2ab07ec5f0510c2480ce4f,train,1
4b9ca00042dbf14afea3cba62f3169_big_gallery.jpeg,Tuberculoma T1C+,7130a3dafcc831711a218c2afa61497b4fe774f4dc53b9aca940b4685cb37a9f,train,1
45._big_gallery.jpeg,Tuberculoma T1C+,66b2dc06e2cb3c635df97aec4ff0cf4985ebd2ad4e8c99e96cd03da2b4165b0c,train,1
51._big_gallery.jpeg,Tuberculoma T1C+,cac9390e23d4a78e59e7a46faf7ac58842f0b3563e9297f7c2282c640f4fc26e,train,1
50._big_gallery.jpeg,Tuberculoma T1C+,0a0aa0b8866ace37bdf5b945cbc8c0e9b2c7f7e4e12ba7866b07b94b0996ca71,train,1
f208bfdc71cac60e46a2abe3ca8c9d_big_gallery.jpeg,Tuberculoma T1C+,1f74688e469193c215f85c08a0e5522d2dd88441867f007008c637a17dde443d,train,1
7._big_gallery.jpeg,Tuberculoma T1C+,525b760c6a183b64710ecb6f1e500b879203ba9c831572c9c9d559d224abb0af,train,1
c8dede4f1b8d9ea0b52f7ffb74d172_big_gallery.jpeg,Tuberculoma T1C+,68f30a18f86d3e7f78c35913d242104ed40fd42fa20fe53794eeda70dad28cc2,train,1
16e7e26ea4c2cf15f1510822f39a76_big_gallery.jpeg,Tuberculoma T1C+,1cf2a94c9541002d25129dba87db8e6ed0917813a3bef709c0eea33eef0aa966,train,1
a8da5f5313b82da1e0aebc60ebf608_big_gallery.jpeg,Tuberculoma T1C+,a00ad62c13e3b4fcdadc1edd0b89daf2419172182755bf88e04c742eab41e639,train,1
96._big_gallery.jpeg,Tuberculoma T1C+,65a1f42f5ca361bfd3fb49cbf843537272e5491a4bb5394564984755ce01ebc6,train,1
64._big_gallery.jpeg,Tuberculoma T1C+,15ecea9d1559c831712e38688353db26f180aa855b68564fc6ef0267a3e2c3b7,train,1
17d516e49392cf2aa03072688c524e_big_gallery.jpeg,Tuberculoma T1C+,a2018fe01a1cd175eef70c7c9903400dfedd47ad773cf3ed034de3fb735c18eb,val,1
dbd5e374c36157459e42bd939706c9_big_gallery.jpeg,Tuberculoma T1C+,3e094a9b91e80d2fecb0391403464ed54d608623ccbf2bb952fc373f0ea7bd9f,val,1
0e655f85d0db8f461a7665592253da_big_gallery.jpeg,Tuberculoma T1C+,b09713a925a6313594db34e77a64347ce77c9571ceb2038b13871f2fbcca00e5,val,1
3388463411b7554d461d99f96680cd_big_gallery.jpeg,Tuberculoma T1C+,f14057d7f0d460ab85177ad511360a464790e52102625401404cf3546ee894ad,val,1
cd0308ea78bd541a76bf97f5d05c43_big_gallery.jpg,Tuberculoma T1C+,452e3d8b3fcd6e9032e8097d26cf43a36a5bf9833b866171a9d0566f90e9123e,val,1
87bccb31f2016f2cafb5f1b29be4a9_big_gallery.jpeg,Tuberculoma T1C+,daebfa514e3a601c8893e1612209db563a90c96b9091c845d7a7554edd3ff6df,val,1
9a6f100f6488a0d2ca0e324626c67f_big_gallery.jpeg,Tuberculoma T1C+,432ba0ffaf6834fe93f157db250383d968fd37fd86fb905a0332d4e5a45eb156,val,1
5f10a4893728540b527729af742242_big_gallery.jpeg,Tuberculoma T1C+,4d5b73aecd4de1dc490b2c53de0f04e414f6b2da7357cbbca86aab5f81f98135,val,1
c9d2719aa1e5ee84181f8bc976e4bb_big_gallery.jpeg,Tuberculoma T1C+,2910dcde86b28e4065ec6f6925a8ce031dc05e54b0adebaec6f6ac38fffbcfa8,val,1
5d43f9e70e04ba386cacb9ef9e87b1_big_gallery.jpg,Tuberculoma T1C+,c93d3b1f5c273ecd2e8b9ce4ee632d6d7764fa2eccb6a6aad58838c8381ad5ee,val,1
54._big_gallery.jpeg,Tuberculoma T1C+,22f8553d1c48c5d280435dd62c6856bb8b3eb23e4a5803661b27ac04bf3e1846,val,1
57._big_gallery.jpeg,Tuberculoma T1C+,1a8c7a4d7873558890d5cce699d0c8109f086243cf2d540ce054b0a7d243f983,val,1
518be986e6f8cd87087f9636b49df2_big_gallery.jpeg,Tuberculoma T1C+,8d9696fc9dc7af190ee6c823fb3702c732aa966b71c37a5b8d65951d7392df5c,test,1
38605fe15af787455df95af3a604cd_big_gallery.jpeg,Tuberculoma T1C+,5e87aff13999a7accfcacfa8b387f1d7d7ccf72cdbf07f95e3495bed72c56b7b,test,1
794b505a9654ba4d0f198a556b86b2_big_gallery.jpeg,Tuberculoma T1C+,afbeb27509ab64dabe8dc329be2c4ea8a927ec86b39b8eddc650f36e44f49b51,test,1
17b5bd7fe97f5462cb321a669ea546_big_gallery.jpeg,Tuberculoma T1C+,6647fae84517766950de1312c86cdb60c4de8949a47449d4071b8eb826cd994c,test,1
b655b435b7339c398b0ab6c3417658_big_gallery.jpeg,Tuberculoma T1C+,07138233ba8198c21f7fe889077b818ebdad8bb28d37d863202013c9b26e6d73,test,1
beedc980840d379c7ede32a9b194ac_big_gallery.jpeg,Tuberculoma T1C+,c16d478144faa15ea84bbcb9487040381632c72999d5152b9130080b768aba94,test,1
1fe0c1abe9185e9fbbb2f946ec8792_big_gallery.jpeg,Tuberculoma T1C+,e4b0bd3243addd506690a2e64b3abc308373c156901810ab3be1b9739403b4a3,test,1
65._big_gallery.jpeg,Tuberculoma T1C+,3b9cb19d6417a55f105d62447ff25e0c0cec5d5b0c4b1779c1bd4fcb2957d2c2,test,1
42._big_gallery.jpeg,Tuberculoma T1C+,eba7784b3fdca8c56933433f8f97b42cf5806699a7e920a74fd9b50f6b69ba7b,test,1
97._big_gallery.jpeg,Tuberculoma T1C+,7a90d47e9b99258464cd8d77656da39067403b742f76fb225c0c031d0cf6815f,test,1
2b98115a710792f738e55697567fe3_big_gallery.jpeg,Tuberculoma T1C+,f24b346995471c9d84c0171d0f94ad201a41be1a5eb0997f8925e7dedf0208e4,test,1
ba3207c0f97f87fd337692dec23592_big_gallery.jpeg,Tuberculoma T1C+,788f7e516bf696b9d90b16835fe87d7b856e52e81a93a76adf4ecb6581315a89,test,1
27fa8688ee2d5ef8cb36a4ac4de32c_big_gallery.jpeg,Tuberculoma T1C+,15a9586182711abf30223549fbaad36247ad0dc20b29851332df6110df0465a9,test,1
91._big_gallery.jpeg,Tuberculoma T1C+,46af23f28e33af11fa156db2279a0c9a0a3ca620c4c5b4f2746a6cd3d611907d,test,1
6._big_gallery.jpeg,Tuberculoma T2,6487a3713cfc1b048071a2d60e07154b07bae9da9477d8daefdcfdaed9708d16,train,1
c67f237feaa05b835e028871a6b2b2_big_gallery.jpg,Tuberculoma T2,c14db4f713e0cbbfb7731d51a9263704ee7ece53b6aa2738357ecb630a0ddc99,train,1
fd57affc10044d67310769b90eb17f_big_gallery.jpeg,Tuberculoma T2,3ad1f5c45fcd494cf09f93c99dc7133500119b9e05e892a51a4389a38dd9ffca,train,1
891d4577afbf80b514919eb3ddb3ca_big_gallery.jpeg,Tuberculoma T2,7315449967d4d6430c8c38923dc8909ca262df9a24c34d482d217f230325b1cb,train,1
40de3e17d3f53bdc4147b6a914aabf_big_gallery.jpeg,Tuberculoma T2,ed32ac2f45e6ca726653ebdb861dfccfdaf1c1864692294d4b5c0bc76e08074f,train,1
48bd04e822781f6af66f99e32d3dc2_big_gallery.jpeg,Tuberculoma T2,9bc1a673977e3ab96d80cc1fdd0b25046d6908d7443a5f2031393c8628fbfe9f,train,1
8499cd4bcbe12e4e5534c5351e8f92_big_gallery.jpeg,Tuberculoma T2,1ece35cacfa17c9fcbd98a6eaeec7daf494e2ec6ec6451af2114e87368ddc893,train,1
a1ce6e8cb927acabd59f906bce2fdd_big_gallery.jpeg,Tuberculoma T2,39f89df9ff5231cc970deb04cd833bd2d60a1692d973c7ba11c10d2e1fcfd73c,train,1
81267d5ea7d514cd4a051df4609e3a_big_gallery.jpeg,Tuberculoma T2,0752e86502b1b5140cf2181570ba4b50881d3fe718baa8637987f99b61987699,train,1
ba5b181e89a72537612fffe237fd89_big_gallery.jpeg,Tuberculoma T2,2a2602c7117df62a52a0ce82893d213d4ba1ae1b0529b040b95030db5f70158d,train,1
70a898a76299fe220b444d8494370b_big_gallery.jpg,Tuberculoma T2,1cd03e82ecc2cd2b6578e3908936b17ccacb44b0255fc3ca6f1f60f306e82a69,train,1
b11ba6668733f036861da67bb7fe4e_big_gallery.jpeg,Tuberculoma T2,38b66720e40bf7d5ea92bf3ea847e55f1b14b65073409acc03e246e9da3e8a58,train,1
dbd712fe3dbc4fb3536eb6197a4008_big_gallery.jpeg,Tuberculoma T2,7241c519d12730462057a5fbc4b15c82ce7093423771a48ee1be31f91740af8f,train,1
e1a2596e48ba5090a88403a1cc6a9f_big_gallery.jpg,Tuberculoma T2,dfec2c6c55aa922a8135d3ac52b8fffbc3809e40f7fbe462aef0cd5508a72184,train,1
38cf9db5781f9817eccd329164b7b4_big_gallery.jpeg,Tuberculoma T2,d22ca5ee4cc74d12922de7c419e8546dabf1c5ae4f0b7f53ee6b3033a0f6fa90,train,1
6d2abd6d62bd05ee1ac8ab05fa2cdd_big_gallery.jpeg,Tuberculoma T2,fe13feaa0911c61c3e9ac7c399114a0881b3dd2cfea0bd615b0309367ce2e395,train,1
6e645cf4e7eac6a176e9dce811cdd5_big_gallery.jpeg,Tuberculoma T2,5a9e87d2fe271d2258c733e550b7223d02efb34b204fffbce36e082c4604a50c,train,1
1c02bdedd4e9de4b370828761e5c63_big_gallery.jpeg,Tuberculoma T2,a6f28e66678d763c3b8543707dc628b5daa7106eaebfd60b2a9d56690da1ba40,train,1
d7de5262a142a40bfbfa5721b4aecb_big_gallery.jpeg,Tuberculoma T2,217557e64052090d3b7b276cf8819863e195f16f7ae2efd1640dc334414010a0,train,1
d26ca9fcc0791a3c3189f2db902db3_big_gallery.jpeg,Tuberculoma T2,04ea7f5ed784b30d3f10b0f24571fba72d11d1c4043274f6b883457c3768b474,train,1
03b9213e0ecf38a194e8f04d04a29f_big_gallery.jpeg,Tuberculoma T2,e1c28beb422e03ca82276b6c14f9331010f6fae2168b6cb72449e6efd7fccfa8,train,1
1b6d5952676e62c5b5f87e2ae1e30f_big_gallery.jpeg,Tuberculoma T2,67e36bb4537873f5c8fc26039377210c8140aec5fd7f80dd713c761c1ecc106c,train,1
54ea3ca47112788cc24adffb5a7cf5_big_gallery.jpeg,Tuberculoma T2,39499dd87aeea0a4cbeea93f0a586156f4a26e6ee9c0a90a01101fb12d6871d6,train,1
dde61fef7b3a7d2da301bae6cab054_big_gallery.jpeg,Tuberculoma T2,de2c0251d6e626bfbec550f8cddd278f80a07fecfb52d400aceaa3cf098c807c,val,1
f19e3f394493bf91cf319d4d18b846_big_gallery.jpeg,Tuberculoma T2,74bc782c2f90f808612f1ec9acda3f5ec354efcc9d20705440e07b678a99ce9f,val,1
c71d1d1dfacd5d8bb8334cdaf6145e_big_gallery.jpeg,Tuberculoma T2,e29e012965b3d51aecba55f54acc2ac6330b6ef5b9290c5e2e544ea802e9c1dc,val,1
70190d795320f1acf13a709be027f6_big_gallery.jpeg,Tuberculoma T2,7908bc08766fc4ce6691aebc3b74f9b7765fe18f6e4a7addaa2fde58cd70190d,val,1
8f5b6271e6fc530bb154f82b818aad_big_gallery.jpeg,Tuberculoma T2,e3b0fc56f179602cfee2b0327e4f4ae2371ff728f92515eb899851089d84cb21,test,1
278f1b337032feeb1c7f46eccdff39_big_gallery.jpeg,Tuberculoma T2,4bb2d394829306d2f42cbd9f260617dfbc3f1f9a7dfbcf3cb0bf205e12edf963,test,1
148045b44c3755e26a91e470ee5001_big_gallery.jpeg,Tuberculoma T2,b209be6322c600b589a5a7bff29593fb99d3de6b71b6af197aa33af9fd075fef,test,1
00bb1967685560b734a89a37da0fda_big_gallery.jpeg,Tuberculoma T2,7bdfe466482c3ee5f6c99bbac1caebacb48afbcb71a0942be002e5de9e5bc733,test,1
1bbe24be35c804f59c0bfe91d31a92_big_gallery.jpeg,Tuberculoma T2,e828b555bd3b5fd1b4777bdeb060ac7ce2202ac235db4906fff01612648ad015,test,1
737d7d31713d5d977df93af26486c3_big_gallery.jpeg,Tuberculoma T2,f34e6f5cf16f9cc330c07235d862b0ca9e5ba114ecd380d0b56a1a1ee48e2068,test,1
8c0076174c8a7031570f864eaddc04_big_gallery.jpeg,_NORMAL T1,0f10b16887d4902642e9164b23ddbf70af29f74e35d16af9f9b80ce9700795dd,train,1
d234993b9999d2a593739693c1a809_big_gallery.jpeg,_NORMAL T1,10e45e2aa4c7ebfda3abe2b84d735c9024a1ce39ddf79a4bb2f71977a55e234f,train,1
9286343c778b84f94cbe766055c0d8_big_gallery.jpeg,_NORMAL T1,28ff7b9f0bf3a381a02269b15df3e8c5a81d7f285366be5bebb9d3fb36aad392,train,1
2022-06-13 09_38_05-Normal MRI brain _ Radiology Case _ Radiopaedia.org.jpg,_NORMAL T1,e08ec777c1775c384c0c5a9a144250cea49e759e30982dd8ce87e6018ba103dd,train,1
fda32d9ec9caf6acbe1bdd6c5c71cc_big_gallery.jpeg,_NORMAL T1,d904251025e7dc4c3ccaa411334e0af7dfc131635ec35b8ba1eccafc391622ad,train,1
a2919fa916463afa7c5e3ad9558d9e_big_gallery.jpeg,_NORMAL T1,9e99c3b8eac8b3d5c33f0d44364d4abd4a4524beca3a69436f20f9df5db3104f,train,1
2022-06-13 09_38_17-Normal MRI brain _ Radiology Case _ Radiopaedia.org.jpg,_NORMAL T1,d8fce41d84f990f5703d30d96b41b535d9250f64fe398aeb75b493d44bc44416,train,1
2022-06-13 09_38_35-Normal MRI brain _ Radiology Case _ Radiopaedia.org.jpg,_NORMAL T1,8e60353d2dd7e1b5a238260db9acbb81c756fa6c0c7301c848f7f27d25c094f1,train,1
b7553f4853e4af68f573d2eee26bf6_big_gallery.jpeg,_NORMAL T1,ed3a45d12adf6a057aa5d756c5b5f8798ac3f5fe1287d15115657eb3fa770075,train,1
2022-06-13 09_38_27-Normal MRI brain _ Radiology Case _ Radiopaedia.org.jpg,_NORMAL T1,3595ea923424be56f7c37d8035ce6ed01c8b533e433b67b99a5f0d534c4a8e74,train,1
106b3e85b5bcedf7bda49ae02e59c7_big_gallery.jpeg,_NORMAL T1,65ed5e67a167cac3cb01f1d24d481400f93848c90d8533dad37ff951fe5df637,train,1
2db44bcfde8eec40b18f35bd1b05cd_big_gallery.jpeg,_NORMAL T1,c0288a96b442d48ca4fe12ae779d42398cce9817106e91d3590112317d745244,train,1
2022-06-13 09_38_31-Normal MRI brain _ Radiology Case _ Radiopaedia.org.jpg,_NORMAL T1,a0d14d43ee043673e96c9b0da81ce2292b95a127f86e8841d31d350401a66d92,train,1
2022-06-10 17_14_42-Normal MRI head - 3-years-old _ Radiology Case _ Radiopaedia.org.jpg,_NORMAL T1,82a8d6ab730ff37b51afb72d44897eee44020e418004cca8852634abb1aad8ab,train,1
16def81721ffbf4393677c10012d9c_big_gallery.jpeg,_NORMAL T1,88a323ca3c1a05c332801c946d00f77565e25d3edefea386082926a9af5d01e5,train,1
4dbe06f6432d5aef18c82558608a1c_big_gallery.jpeg,_NORMAL T1,3052f6d9d8bbcc62f38a4ea526c43033f6c70377ffee4eab49f62e0162f146ec,train,1
2022-06-13 09_38_08-Normal MRI brain _ Radiology Case _ Radiopaedia.org.jpg,_NORMAL T1,3a86d3cd7f6f4070719447bac78dfa11ca8a8eb8d706256e51ae2c4557d51071,train,1
05a82e8e2a2e8687bcb7eab95599c9_big_gallery.jpeg,_NORMAL T1,9907e24e986c5c61cde8bfe23fa678f04886366a9581f0e9a9ea6e713b6676bf,train,1
fc71553fdffb01972c72dde187a707_big_gallery.jpeg,_NORMAL T1,d1c12915ed6228c1a6fcacf55d1daec883b32c7ecded44b80690a4a38dd2e3de,train,1
3bd3834828e91c13e7a485aac0329e_big_gallery.jpeg,_NORMAL T1,6fb92c16723d18ba4c7ce487c3e0435df632c123af884589da308885632ab385,train,1
ea9bca4930de48628f60e0a5c2758b_big_gallery.jpeg,_NORMAL T1,42d336054cc8ece60e1783d804e282eb03dc09afd7ad3cdc2178992046a850ed,train,1
2022-06-10 17_14_53-Normal MRI head - 3-years-old _ Radiology Case _ Radiopaedia.org.jpg,_NORMAL T1,9018d7d92e7b357eacfbb2892d3ca67103ce7d9e80fb821650af11a7c0eee28f,train,1
4a3250a1f048e7c7dd584ad1aa0045_big_gallery.jpeg,_NORMAL T1,153f9b48d1ba85de11cf209b1d92fcd9d92ac7f135e7e24cee623271a25999a6,train,1
8f45af8d7c581cfb2bbb5ac11470b6_big_gallery.jpeg,_NORMAL T1,bfcac643711bcb67f662ba082a8e2df0986640049f457e079e151758979c0ee9,train,1
2022-06-13 09_38_21-Normal MRI brain _ Radiology Case _ Radiopaedia.org.jpg,_NORMAL T1,0a24c13acc373ee9a3faff3cf4e7de3bd24c891609b15358aa446135b08aba0b,train,1
c54617b3d769a9fcc9ddee9260055e_big_gallery.jpeg,_NORMAL T1,d77422f2581edb15b3dc4e22e42a396e3952c3627ad4134655e8007cb9bdb37d,train,1
7ad2d6e6ba3142f8de89593d1e318d_big_gallery.jpeg,_NORMAL T1,2bc1ef6b9c598b6f6ad43f0924523e66820afdecdf6c12618d0aafaff577810b,train,1
61355fa5f39f4d05c8137890137491_big_gallery.jpeg,_NORMAL T1,f39a609e57a5c8ebc5a8b6d8f84c1921e8024cb129ff74f58ccfc837404eff3a,train,1
c433410955a740520c8f94b34e79f5_big_gallery.jpeg,_NORMAL T1,ab5381db8a944b34c0e49916fc90c9c49ff76a92e71be596832886985835a54f,train,1
2022-06-13 09_38_04-Normal MRI brain _ Radiology Case _ Radiopaedia.org.jpg,_NORMAL T1,0987880780128624798c7a585f7dfcb6cc3fd8710d33cc89c0a2b27f0d0bb82e,train,1
192270b96fd39688ed166cb1640942_big_gallery.jpeg,_NORMAL T1,f3e3c4a775ba9729e40b15c4a19514103ed7391d60a1bef2e673b7e3e78435ef,train,1
32fa7109c3bd99f2290b223bf025b8_big_gallery.jpeg,_NORMAL T1,27413a5ab9a48715763baf5340086d0bfd6ab65369b2e66302c2871e1d72d35a,train,1
8b9ebab59544ace905c05e0698c43e_big_gallery.jpeg,_NORMAL T1,5dc75b39cbe8035a22ed2f3d954639537e54828d4331153ad8b9a9139bab0638,train,1
2022-06-13 09_37_48-Normal MRI brain _ Radiology Case _ Radiopaedia.org.jpg,_NORMAL T1,04b045d87f86c3646113d4d365222d5403a104ba7980c42b34035f719b1a8c36,train,1
2e4402ba739496789f102b220ff949_big_gallery.jpeg,_NORMAL T1,1b6695702d9768e8f7515ba1180324702233c19a98e2b82ea4a4e44984421566,train,1
21598c2f2cf5462db06de7f8c98229_big_gallery.jpeg,_NORMAL T1,ad8f71b2da2446337f99ecdd87515384bbc30ad4f5c58aba8dea5ebc62e0372a,train,1
2022-06-13 09_37_57-Normal MRI brain _ Radiology Case _ Radiopaedia.org.jpg,_NORMAL T1,60224f70436b5ee2cda35ec099d49d757df2e7d15ae0e49df89dbbf8a0b6662b,train,1
2022-06-13 09_38_14-Normal MRI brain _ Radiology Case _ Radiopaedia.org.jpg,_NORMAL T1,659222266f7c260cf65f4487547d776025f65384c670daee740de174650863f2,train,1
459b412b555b49ef633988d6136440_big_gallery.jpeg,_NORMAL T1,948d2e7e2a5d1dc6aea2267b2ae64c579229d4fbeba40576b08ea55a66020d01,train,1
a5e1e3151740b2b584269b0f3cc852_big_gallery.jpeg,_NORMAL T1,227abc42b9dfd584552f166f2d475fe3debeff1f97b1de95157f72a87457d728,train,1
e96d71e8b4d9825c3d82fec0097cbf_big_gallery.jpeg,_NORMAL T1,00628ba40f466c50e379391d9583cba92768d8b6b23420c88b26d7f5f66cbd06,train,1
1a5541b8015fd46f1e71a4a6a14763_big_gallery.jpeg,_NORMAL T1,d3aae62abcaf064dc7dc04dc13941922c6a91df5a6c8e34da739682eb2c8daf3,train,1
243860f824c371a6a750e4797bdea0_big_gallery.jpeg,_NORMAL T1,c78c59a71718c5d90ddf4fcd7caf2f37b78f80e8ef134eb637e36bf0dd2af72e,train,1
350e667ebeb5f3a3fa5c018a291388_big_gallery.jpeg,_NORMAL T1,4b0230adeaf03bfe3d093a9b61032605a63d7131d9da3b6378c54fd804657361,train,1
04024298ac9373718c8a182dad6eb4_big_gallery.jpeg,_NORMAL T1,785e7786004f15867050a18f2cb95d0174c778710ed84097633797f5caff6dd9,train,1
4459d0a5dc5bd8e3a8f4e759628d21_big_gallery.jpeg,_NORMAL T1,47327bec2a99bb34f1a21b67d9ee8bfbd4e334eeb2eea9e8f38d1a5ff857d9cc,train,1
f08d1a43dbd6787e018fca4eaac463_big_gallery.jpeg,_NORMAL T1,422fb1090280fdbdf42ad8d855e7cb3bfbed301806a7ed8b63e3b7604f229351,train,1
0f43646be8dd8f9efff0daae7fed67_big_gallery.jpeg,_NORMAL T1,a2dc069ddf6becad9183c2835fcf423f5b9d46cc58d5b9110eec6f7ea0e06010,train,1
7bdbd3ede02124c4b267011d466101_big_gallery.jpeg,_NORMAL T1,4c63b023a417c2f16a0e1a6ec9f21da0b5ce2a4195becfc79851922423c4b8bd,train,1
2022-06-13 09_37_53-Normal MRI brain _ Radiology Case _ Radiopaedia.org.jpg,_NORMAL T1,b0aa03b3686dfd4560e62da790adca1ec162d559a1ed9ce3c8296d08d4501e85,train,1
385e75260a7f1c893ca133f598aeb8_big_gallery.jpeg,_NORMAL T1,92466a3d210abe216e1f7c1c66f6db749c9ca6aec2597c0a32004236ddc9c1f7,train,1
2022-06-13 09_37_51-Normal MRI brain _ Radiology Case _ Radiopaedia.org.jpg,_NORMAL T1,0d1834c377edb13e585133324d9c33e619c1f9121f74a7dd4d09f314d781f7f4,train,1
5e6657cafe4fa116ddf786301827d6_big_gallery.jpeg,_NORMAL T1,c049f0114cebe74d741494131b920a641dbe9a7b2bc1be81719a23f265f262d7,train,1
5a6250d78725c36ba2739eb7191e92_big_gallery.jpeg,_NORMAL T1,15e23821858447a6fa24a037fb7cb63c5350d33637797e606112bdb59e34f20a,train,1
3cf70ea945457ac42802ec7eb183f1_big_gallery.jpeg,_NORMAL T1,5881e480881eac34b5f882a92d281ea7a884570aab64a24f5ede3f340568fe8e,train,1
2022-06-13 09_38_15-Normal MRI brain _ Radiology Case _ Radiopaedia.org.jpg,_NORMAL T1,5087f8dddfb30f582f30d56addb78fec0d26fc908e18372fe04a559b20ebfdf9,train,1
a48f59841786939472d26653f532e4_big_gallery.jpeg,_NORMAL T1,46becc9cb8cad4d6d3020915fd3d50973f975efe1ffc50a615d7776fcf039e47,train,1
96cdeda9098ec2dbeae7bf01c69b42_big_gallery.jpeg,_NORMAL T1,529f1a4d2510562a4dd3cb441c01e5b0192ef112693b0a075c362c433bf4b6a0,train,1
4e5a34304966f0d97291ff3d45ee8d_big_gallery.jpeg,_NORMAL T1,0d76e0f20ecfa3b30ee642fdf1058d843310cb1150b8c8439eebb13cc6884f2d,train,1
31046643548e2b1e139879263c152a_big_gallery.jpeg,_NORMAL T1,f1485afd0e93c08a66ad5c6e27a736d2c4297b286070bcf5cc5ed2b710daaf1f,train,1
2022-06-10 17_14_29-Normal MRI head - 3-years-old _ Radiology Case _ Radiopaedia.org.jpg,_NORMAL T1,9bc693955af976da13f3bf15ba363e1d9bcddf9ed95c69591494f0ac104bb080,train,1
2022-06-13 09_38_16-Normal MRI brain _ Radiology Case _ Radiopaedia.org.jpg,_NORMAL T1,471be967d5d40425d87c2f5005321261ec306e11a838d385eec3aa03d2f6214d,train,1
2022-06-13 09_38_25-Normal MRI brain _ Radiology Case _ Radiopaedia.org.jpg,_NORMAL T1,e87bf65859b0a015366eda483114991218a2f615497946c143f70f560042c175,train,1
2022-06-13 09_38_02-Normal MRI brain _ Radiology Case _ Radiopaedia.org.jpg,_NORMAL T1,3427a5c71d157a61b0306ac9e127a93e5743239cd531519c34bf1b0998022139,train,1
50bf7b3ff360e8769a7ce041d70407_big_gallery.jpeg,_NORMAL T1,a7ea02d3de6f4d19a290f2790c8ecb678bad7b055f89d3f6bfa835edc108f5d1,train,1
2022-06-13 09_38_03-Normal MRI brain _ Radiology Case _ Radiopaedia.org.jpg,_NORMAL T1,ba1e94b52cdb5fe97f45a8b8497fc11a4a43573e4445bf788d3a67a9fbe6f0b7,train,1
fe4cca20cf7d0db5c1a578c2d566d3_big_gallery.jpeg,_NORMAL T1,3ec70d83f18c5249574eb70e7ff48f7fb371370b76d986ffcdb8bdee03854f1d,train,1
2022-06-13 09_37_59-Normal MRI brain _ Radiology Case _ Radiopaedia.org.jpg,_NORMAL T1,3c91caeaf163052cdb018a0a0fed7ef1f5fb88ddbfdd33f27fbe004671546d31,train,1
c428ef5933b54c94b2a52534ff5e34_big_gallery.jpeg,_NORMAL T1,46b553fd84f96fe1284d7ee84d848e0be59c68c1a669ea08117625c862d456d7,train,1
3aaed2112a5dd6fcd60503fc329c8c_big_gallery.jpeg,_NORMAL T1,95b3fbbcf218040bff20797d354daa4002fb889e73a6d66a9c3173b5a21edb1f,train,1
83a738369672849062bf21cc24436f_big_gallery.jpeg,_NORMAL T1,e91e79fedee578614003c09dd63ee36a34855f1ba88de5a9a9a62598ddc0fc3c,train,1
2022-06-13 09_37_42-Normal MRI brain _ Radiology Case _ Radiopaedia.org.jpg,_NORMAL T1,e6be0b37b8c0a65bee03221752023adebf7259c650f42db35a3b5234d6341322,train,1
e5504b7b1a383a42eaeb69c81fc711_big_gallery.jpeg,_NORMAL T1,9669ef7c06b8571ddce3b343d99cdfedbbea8f1a161b7534386e78eed5fe1ed0,train,1
0e66a91abb3c685eb0162351a22385_big_gallery.jpeg,_NORMAL T1,fb14e3e355be2efe97e47f0a37e89e54dedaab70ffbf83433b1b3df0f67d6412,train,1
2022-06-13 09_37_40-Normal MRI brain _ Radiology Case _ Radiopaedia.org.jpg,_NORMAL T1,1c514b077bd532e646dfbbc0ebd312556372712a43e66b8113c1d1ae5b8ae279,train,1
2022-06-10 17_14_37-Normal MRI head - 3-years-old _ Radiology Case _ Radiopaedia.org.jpg,_NORMAL T1,6b51c22745c96871344dbe69081b3df7dd156e118d45ef722890220c47fb32cb,train,1
69e42b195b1d799c8c8d34dc67bc32_big_gallery.jpeg,_NORMAL T1,13178b45c92a45a8fe8f19aa20a6e4a036e0aa6401db183c7357865b606737ab,train,1
03b8cddedf7fef67b544b2b2e546c9_big_gallery.jpeg,_NORMAL T1,8a0e6146ca4c431a636abfdfaa9c8d3b3ef8df14ef76565f46457f8398157cbb,train,1
2022-06-13 09_38_07-Normal MRI brain _ Radiology Case _ Radiopaedia.org.jpg,_NORMAL T1,2b3c803bfe1a8741e1d4d303fca5a02543f01165947d7c7522b571b483191358,train,1
afefc4e506f4c97f8c0f05292c8551_big_gallery.jpeg,_NORMAL T1,564bb2d1eecc1ebfde9f36e5ac14b556da86ec990ef980e428a1ff5458e59614,train,1
0f66b80311697aa7de23d3b52c736c_big_gallery.jpeg,_NORMAL T1,95bfc6ec1a16f0f62daf1fc5f1003bb87ad943a80ed3142916d411fbb70f7501,train,1
2022-06-13 09_38_44-Normal MRI brain _ Radiology Case _ Radiopaedia.org.jpg,_NORMAL T1,b0817a908854545e6fe936997f3b6ea732ceea44c952b3afe8fa2c5e88f4e45c,train,1
1de641005acfab5966872f77350957_big_gallery.jpeg,_NORMAL T1,489eec2757731426ac537d52f68e4bed5b5a59985dbfaf85a639baca376e0a7b,train,1
7f017603fe30a6bdbdd224d07a4bc5_big_gallery.jpeg,_NORMAL T1,cd11bd7cb0d1af0b2efcad6754e4075c2a78568325fa6953cbde40c6eae82815,train,1
f7ef829a540e787a101244493f24cc_big_gallery.jpeg,_NORMAL T1,943995a07ba455dadcc9e37a582a26f263f14d2018b89c4d4909803e98328528,train,1
2022-06-13 09_37_29-Normal MRI brain _ Radiology Case _ Radiopaedia.org.jpg,_NORMAL T1,85fedf8ec49292ab6ee9ef47ce3f822311476d306b1b06e91191e8ead817d8db,train,1
7cb88cce9ccde37d23fc76fc1719e2_big_gallery.jpeg,_NORMAL T1,69430c31d475fe5da1904bd0470f1c9190409d6cbc113dc91133f3cbbd24c4fb,train,1
2022-06-13 09_37_52-Normal MRI brain _ Radiology Case _ Radiopaedia.org.jpg,_NORMAL T1,de713ccbae3e7bceaa34b9fb4b2032f7d7df11a94ff095bcac2935d728aacfd4,train,1
cc46d9105ea64febe745856568a373_big_gallery.jpeg,_NORMAL T1,3f282a1cf3e0e453cc24f7b0e0150a05afadf6327cb8758ab93ab29f9d8cfde8,train,1
a784c477d4acbe416660f8a3fd4774_big_gallery.jpeg,_NORMAL T1,157cfa391617ce37aed0e57155286ac3ab01ef0d05aa841bf017be12a6320ae6,train,1
1221c482451d0d2cb37502459dda11_big_gallery.jpeg,_NORMAL T1,1f0fce393439d06e7715cfe3a4c5ae24473c27d9cd542d9833af457a5c324edf,train,1
9d3d1ff3d4d1fe6d9cdaa40629e8cb_big_gallery.jpeg,_NORMAL T1,d4fd6ba52da6bb1ca3fe12699a60bb95f6237bd53f9ce7177eacd0e2c2d2a221,train,1
c8afbeaa27dc8c4f9383e8078834ce_big_gallery.jpeg,_NORMAL T1,a89b19c464291f78e8e03514c17e9097648ba7276a425d5d8766b69f17365a06,train,1
3ed3bfb145f801d671a0ad1bada7e6_big_gallery.jpeg,_NORMAL T1,e5b55db10ebb2fd11fa0a604f5c6d676813b8f1435745039ed8f0b814b3a007e,train,1
bd85797453396a05de2059f6e44024_big_gallery.jpeg,_NORMAL T1,87459968af1bef9c97841cf3a1e369002b8566b81ced56a831ece50bf3d737d7,train,1
4dc9da2edc56dba812ad4e5e1d16f0_big_gallery.jpeg,_NORMAL T1,1a4633857947c7e6030bfbeec2565362b7a81271031b595033c8aa39fdae2f17,train,1
5d4c2d03fe21146d7712d21b43db9e_big_gallery.jpeg,_NORMAL T1,27c2143ab5a6796e8a43f028ba568277445b8ea4e33a91657a45d65c3d2e21f8,train,1
d882e9da1cc861253e2aec06dd4263_big_gallery.jpeg,_NORMAL T1,58864d338507b6f16dc89708cd6e83d47ffd6133fb5e0fc299e2339fd21cde37,train,1
d3c7d10813fa773cde35138a3af588_big_gallery.jpeg,_NORMAL T1,d4d98be2a775f7a50ba18f0fe3d9b230cb337c022ccda9e2a042fee07533de43,train,1
2022-06-13 09_38_23-Normal MRI brain _ Radiology Case _ Radiopaedia.org.jpg,_NORMAL T1,5b5f53b5942186714f478dddf5458eb01e7600308bcc80a1ac36c92b6343bf4d,train,1
ebc47203bd41a6b2d98130de5af10f_big_gallery.jpeg,_NORMAL T1,75f06274c79f84d33d1432c442330c090949ed1e947872df0ed6b18df5955294,train,1
2022-06-13 09_38_00-Normal MRI brain _ Radiology Case _ Radiopaedia.org.jpg,_NORMAL T1,7dd383d7ede7f95879c429963ad21d8d682b60468c16d39aba93d6f5df163a94,train,1
2022-06-13 09_38_24-Normal MRI brain _ Radiology Case _ Radiopaedia.org.jpg,_NORMAL T1,3072c48782a5179ea2e910c0953cd8d20e7a4b8c967aca1a1c812f081442630a,train,1
2022-06-13 09_38_41-Normal MRI brain _ Radiology Case _ Radiopaedia.org.jpg,_NORMAL T1,5b3476403ff83e9fa10bd9e7cf34bea0e43198e55e9621b40243c49c3ed99009,train,1
73c1e0f071cb1bff6b3cfd76c4ef53_big_gallery.jpeg,_NORMAL T1,8cbdd1979f555a4c4845603b845da26a841509170225799d6647477cfa6038f3,train,1
35b06a994ca05d4b9cb985c188c438_big_gallery.jpeg,_NORMAL T1,18af6a90c2d5db89af2e16571d3128254e6688b900633469601e8a26f74b8e24,train,1
ff2c9645267ce5673fd764fb1bc721_big_gallery.jpeg,_NORMAL T1,779874b833c0c48fdfe108d9ebb269988faaffeeee679d3866cae21ccff1c07f,train,1
14a0ed32727b847833b120ad84dc56_big_gallery.jpeg,_NORMAL T1,75dac856b2595ca4ac16faab1c55277f861d33b90af12558163086ac0c1908a3,train,1
8880896adeb99a4fd671bcc59f36e2_big_gallery.jpeg,_NORMAL T1,9de6ba5226b747cb68340d2c4e8be4ad5a1bf1fa48479db175b3f68659a6a500,train,1
7d12744c038ddcf4c6db7a2797f7a8_big_gallery.jpeg,_NORMAL T1,4558201f0928f9f116feb29d174c1a21ab8c8555f8318928759deed43826d5be,train,1
ed8f09146ec846263a89ef8aa70491_big_gallery.jpeg,_NORMAL T1,2acaba3170b6d67c76e0a940105710544a976ff7c5d2f697cc15e160f6fb3ca6,train,1
2022-06-13 09_37_49-Normal MRI brain _ Radiology Case _ Radiopaedia.org.jpg,_NORMAL T1,664ad3197151cbafe0b6605ed0374b4b806b716ca42789a9ebd29e3b4b1cf7a9,train,1
a64d5f5eec7daea40f735dbddd5b39_big_gallery.jpeg,_NORMAL T1,8f768c0a5e2171d562fee88b85590dbfe86582493438c9b9b7d4f343e35327e9,train,1
ec59a2af98a96b0491fa97812481a1_big_gallery.jpeg,_NORMAL T1,3d6a189788d6f02ea50abd0b585530313f059dfb3894d143665db42d888c9703,train,1
2fc3451d86e463df2f055dad8e0f9e_big_gallery.jpeg,_NORMAL T1,7ceab6ce4235445f26570ed28744c7247a389b12a51ba62f80cd65fa83917535,train,1
fbf1fc71d8d986af2239c4f7acd9d6_big_gallery.jpeg,_NORMAL T1,6d6b7a163b164968af2c4127b49763c351d70fe71296facef2797f76ec418af1,train,1
2022-06-13 09_38_37-Normal MRI brain _ Radiology Case _ Radiopaedia.org.jpg,_NORMAL T1,0fd6ca37d0e2f604ab95ec3a4818bd574321cabfbdd55e9aebb71f70aa324296,train,1
5e473c40246f56e2fabb61d624c60e_big_gallery.jpeg,_NORMAL T1,ae694a36558c26b3eda3aa25e13fdb78b81e22e4d551c009203c8a154cf2a5bf,train,1
66e78854f5530fac5c6d10b53f0051_big_gallery.jpeg,_NORMAL T1,a70d56e3ad1bd9b4ed225782ab84e77619f84c134de32a1f0453f9bad2e4947a,train,1
2c120e6193f58ba716819493181e0d_big_gallery.jpeg,_NORMAL T1,89aacc4d062bba7458a7b54d3f4c23330a7d86768dfb3870996a81b568239557,train,1
2022-06-13 09_38_29-Normal MRI brain _ Radiology Case _ Radiopaedia.org.jpg,_NORMAL T1,c92c849126b1d4b572f59e704d8b0669314e2baa1a5197ab4c1ea5d133a1cad4,train,1
43d072fe7ae1c89d0f26a7d7652a63_big_gallery.jpeg,_NORMAL T1,8fbfc70e9fe29e71766832c36684e54a438ec3a6d67f2ec52471a6d68ca81019,train,1
391ebd4b36f084b2c97d5a1721419b_big_gallery.jpeg,_NORMAL T1,e08ba7286877376fc21bc29993ae0f3349f91bba6c5ba954a34aad769af918f8,train,1
cb32bfab7daf889ae19d7318b3fe91_big_gallery.jpeg,_NORMAL T1,715bd10e4b2ab8e1f8ad3175c450fbfd812388711e625da4eda1ba253b98b129,train,1
bce1df936f7db53462baa7f387ba6d_big_gallery.jpeg,_NORMAL T1,87fd6b568ba2f57fa67d152fb6d8156dd1adf8e92c543b8f83ec4b3ce4e0cf24,train,1
46a3f5456688659821f4265cb24a43_big_gallery.jpeg,_NORMAL T1,3063e856dba2695693004b1f0410b4cd3f77007c1f8ad7bf279b0e407c62b7c0,train,1
8bd2d753fdcaa8c1d0ad112f771802_big_gallery.jpeg,_NORMAL T1,343a9f670339a5549ded02522ed2b465d021a06ebc66b81cdf9c7c2ac1bee292,train,1
e63bc5f355d7f34e7fad561d84622c_big_gallery.jpeg,_NORMAL T1,a807a08de6c015d21334effbdeb1d8c34ec14dea65189cc90378f0ec7ade63a0,train,1
94bb645ee282af5ed13ccddb90d545_big_gallery.jpeg,_NORMAL T1,06fec8cf1b157c33c382ee2cbfbdb79b497bcda3d481c79e90c19b79394a8df1,train,1
cb99476db16863bb936c31ce8c2819_big_gallery.jpeg,_NORMAL T1,be4e8ff5f41572b5fb15a48d453c9f9834afd437195d23ac5326d945ca4874bc,train,1
372b68c5fdc28bd33648d7e9d71538_big_gallery.jpeg,_NORMAL T1,663767f5b8213ec3863bfd4ab298dedd06d454addfa75c0cf72e808d6c0f686d,train,1
ac9c3d6b52c1d7d7354aae03bf6d4f_big_gallery.jpeg,_NORMAL T1,2e0077c769340633e9d48fa7eaeb1555bab463292935ede091fda902c83b8d7e,train,1
2022-06-13 09_37_44-Normal MRI brain _ Radiology Case _ Radiopaedia.org.jpg,_NORMAL T1,13c85cffe537046b5af54c2c703c7d96a2798fc9c30253265024138c0477028e,train,1
9e53678d6e840ecd6f448df7e6ee90_big_gallery.jpeg,_NORMAL T1,2c4518fa8584cfbeba6a9cba51aef9148103f61f117236feb2a81836ace94c68,train,1
2022-06-13 09_38_28-Normal MRI brain _ Radiology Case _ Radiopaedia.org.jpg,_NORMAL T1,56d2c4caad131be0ecb707a4d5f7ffd5ea990e7b5d59adc34baa5f8ebcdff80b,train,1
2022-06-13 09_38_38-Normal MRI brain _ Radiology Case _ Radiopaedia.org.jpg,_NORMAL T1,a05ac56e4df455f7053265a827aaa43726e8fbd9ff4e938f3d649d08319dc882,train,1
a8fc79b5405944b43b4a544605a3ab_big_gallery.jpeg,_NORMAL T1,f1b27338d42375eabda446a2b8e00fa05bac86b909fd85aba63c93faa307c5f3,train,1
2ca496cb0538ab0aaa686eba3bbaa8_big_gallery.jpeg,_NORMAL T1,688113d240987dce751740da8d520a064fbe9d77bd942cb6480e206c43cf27d3,train,1
23ecc94d2d41929a53ac54ffd4740c_big_gallery.jpeg,_NORMAL T1,44d1683eb5e6e02ec7b816c6f0dc48952113ecca9c720c9536fa1ac35a3bf9ed,train,1
1755eafa2e04341db5cd385c0a3732_big_gallery.jpeg,_NORMAL T1,f4413f2a9d52b2f14b7c0eac8fd6237064e8470e907f7a2285d665b7a12aef0d,train,1
2022-06-13 09_38_46-Normal MRI brain _ Radiology Case _ Radiopaedia.org.jpg,_NORMAL T1,e0075fc07f1c1de4930ac4c2f46b1bee6829e8161fc81cb83e5528a7333ad95c,train,1
775783fe9fef349380365fc013b3b2_big_gallery.jpeg,_NORMAL T1,c97ffdc63e4ab72c8b12cd1c244a39df635f7a0db92606e0c182eec3a522f599,train,1
2022-06-10 17_14_47-Normal MRI head - 3-years-old _ Radiology Case _ Radiopaedia.org.jpg,_NORMAL T1,8616276e80fd942558e143c9d7805bf5e040b877db0118ab1076fc7fdb5a3254,train,1
8ac166bedcde320753ef67ca20664c_big_gallery.jpeg,_NORMAL T1,4666453724016c64d77a2c22a487749f936c5ac5ed1e40b6a08c5bbaf4578389,train,1
2022-06-13 09_37_47-Normal MRI brain _ Radiology Case _ Radiopaedia.org.jpg,_NORMAL T1,7fd2c38ed74a9a8baa3583f0574509b3c68ad50a135f4b5be1fcc4dc9da7b1e2,train,1
794a31db6d677bb07e1c030d988308_big_gallery.jpeg,_NORMAL T1,800608097e4187b4fbd94e7c564fa199aae1189093884cdd1279db1f85e92bf5,train,1
ec8eab65e99baa2f3cd05e936b9b6d_big_gallery.jpeg,_NORMAL T1,716c2dbadedca2e18845074eb1286ea52778857f2b1b4c2990d1f0d598971f64,train,1
c802cb772192eddb0ff76b9ed2b5d0_big_gallery.jpeg,_NORMAL T1,d186248f02bf4f178f85b2f11b58b92e0e84fe71e0c2f5dbbc5866d2df9d02ce,train,1
98b3d19ca7c58e7bb2519af1b1b38f_big_gallery.jpeg,_NORMAL T1,78068512eb7720d54c9564c7b258706e8a87f606bd56ea562379a576e4dac0ac,train,1
2022-06-13 09_38_39-Normal MRI brain _ Radiology Case _ Radiopaedia.org.jpg,_NORMAL T1,46eefb8aaac4d9e5faea3a3085def953b134f6600b1201b80e92fda862964cf7,train,1
2022-06-13 09_37_43-Normal MRI brain _ Radiology Case _ Radiopaedia.org.jpg,_NORMAL T1,614e78e87c4603d1ce1d2d04d5d25f3bff1c966f9177862f57788514804ccff6,train,1
e69d0522b959db70d0e652b4904f16_big_gallery.jpeg,_NORMAL T1,a702b947599b3e8e08cd3d502dae86ad71722558a0b206c74a27ce1c7ce8baac,train,1
2022-06-13 09_38_36-Normal MRI brain _ Radiology Case _ Radiopaedia.org.jpg,_NORMAL T1,a3c2ea9a918f6d03fa903eab7d33686a534abd64b86c292fa32d0907bf686ce1,train,1
03a9560561f3e35f24f6ce62150e9e_big_gallery.jpeg,_NORMAL T1,02c57c5fa82885975c6417c3dd623ac60448d74d5886334a6dfa88818473b66c,train,1
cdc8af52851dc1796dd2e8f747b6b5_big_gallery.jpeg,_NORMAL T1,427d29ff452e39aa8ce74e976e898c5aac8aa6fa55f57c06c8e5119eca822d28,train,1
db7fe449b701f5529532930c47990b_big_gallery.jpeg,_NORMAL T1,2fefc2ba00d720352b5c1f6bee7b3ab38629f690cfe39feba503aefaf2bce0a8,train,1
09fcb8df3124075af036d5d3c7baf4_big_gallery.jpeg,_NORMAL T1,be3ce0c0bc52dd63276689c29a606b45a99d6490cd36e8ca4c65cd67960ae2a5,train,1
9f5804d2f56088029383620c817293_big_gallery.jpeg,_NORMAL T1,1caecd87846740474f80f6722cc6ad2026f44d2639d9f05302d5171b3b94c39c,train,1
74e30b56c2af03bf2d26c88aa97de2_big_gallery.jpeg,_NORMAL T1,2304eb7c3de3d9f41d02600f8efaaa20ebac93bfb5d955f4deffa592f6cc9972,train,1
aecb5bb0f844b2ff9520fa5483fe8e_big_gallery.jpeg,_NORMAL T1,23963b956cb4620035133c956bf416758db67c5557011a6066abf7cfe3944dca,train,1
a0346a75e0c60e7bd61a8772d93526_big_gallery.jpeg,_NORMAL T1,b5cfd92949745caf05c252aab2307e8086c55eb09f09fd12bdf5a4ce7cdeef98,train,1
2022-06-10 17_14_25-Normal MRI head - 3-years-old _ Radiology Case _ Radiopaedia.org.jpg,_NORMAL T1,185bf3fd3139db89057ed41f694628e05c23b74da642ac005362d3f6575e2d88,train,1
0f2da85a8272097226e7f352719028_big_gallery.jpeg,_NORMAL T1,02cae6793d617d146182cd05971abadfa998c5c127abb7d9254a3a3fd906c5e2,train,1
47b0cd34d521cd413b486df272cecf_big_gallery.jpeg,_NORMAL T1,cdfc3fe82c9e652972817f56542aa28c284acc655549bf5b207d649e0dbfc562,train,1
9a75eb0a958ba560651d8aef3e1871_big_gallery.jpeg,_NORMAL T1,938f6bcb994e4747fbf939d1c485507e1d162beacf6a7f6c06f0e7b9ccae0244,train,1
2022-06-13 09_38_30-Normal MRI brain _ Radiology Case _ Radiopaedia.org.jpg,_NORMAL T1,09789a0bdde967f55d222fdeff2c61839b99572ecc5f7f6dbcd6f8712bf42486,train,1
5b09d50deb88260614d314b5964b1c_big_gallery.jpeg,_NORMAL T1,76ec2745440502e7a1f21f7ea8d071bb7e3d8c6e3cbd0b495f061a9eaecc8b15,train,1
48b976d9fcb2ede3d754982aa01a6d_big_gallery.jpeg,_NORMAL T1,326aceec813aa4970ec412f2f592d6a15ed4edc6bbcb7de47a65cb6f08cf43c4,train,1
2022-06-13 09_37_58-Normal MRI brain _ Radiology Case _ Radiopaedia.org.jpg,_NORMAL T1,fd10941839d88b521327e8459e62c437c9a525470f66c9f5006b2600927276a0,train,1
8b7471b55c7bb898910e7bba1728a4_big_gallery.jpeg,_NORMAL T1,c751f4e0fc31701353f30ab62942c4ba92ca353b77911a551f2db1634a6979e4,train,1
2022-06-13 09_37_46-Normal MRI brain _ Radiology Case _ Radiopaedia.org.jpg,_NORMAL T1,057ca02877d44d69134ffc31325321a4fbcb9a06aaa6a0e9d6007b6177c43d41,train,1
c9160aa105050799328a0d28c6bccc_big_gallery.jpeg,_NORMAL T1,ed1ae1a6d09daae09e66b8e9b409a3cb2acd5f4dde5d1b0264cef10a231de86c,train,1
61307369a0df9541bd8b17a5f8a6e6_big_gallery.jpeg,_NORMAL T1,ed305de97426258c960fe63a30f603324883197a488f9fde2c00af1433c62561,train,1
ceeb67c5d898bad6791dd001614689_big_gallery.jpeg,_NORMAL T1,f7638b801eb297e10ea95ffee2d1d67497b25840bf1c70e3826ce5fb3985a6b6,train,1
d56d96524ab07020967ca6cfd0afdc_big_gallery.jpeg,_NORMAL T1,4eea4fd64e13c47a622f217a18168ac970cfc8031ffd7811035f3a4de10d9414,train,1
961dd24d2ff31a99803793f5185252_big_gallery.jpeg,_NORMAL T1,fe752e689bf4dd381ab19fefabe5d7ca8004a77de0d378eda280ab4210fa5069,val,1
b534840a5b29d055b0b33b35645681_big_gallery.jpeg,_NORMAL T1,35ac2836ff5c214d33b15ee3ae505b1cf300a55619cae565b0eab34aec8e8a25,val,1
c398aa60d4beb3de32f9c6a0e5e416_big_gallery.jpeg,_NORMAL T1,427f64519b5c57af19bf7d12bf645fed6ebf526c1eabda8f2e2d083110a380d4,val,1
6fce4321323991cbdd685fecd460c0_big_gallery.jpeg,_NORMAL T1,25bb4b3503b76c6a6dfa58aab92b02efa48c21db4718eb1e1a5853d6adb62c3d,val,1
2022-06-13 09_38_10-Normal MRI brain _ Radiology Case _ Radiopaedia.org.jpg,_NORMAL T1,d4742675059d5783df371ed10185c1e232e8ac2d22fe7fea68353970c044fc68,val,1
2022-06-13 09_37_55-Normal MRI brain _ Radiology Case _ Radiopaedia.org.jpg,_NORMAL T1,c0d19f00c497c14efacb77d782b801b6fe95ae0e6d59b1e7df465b66b3f0fa51,val,1
2022-06-13 09_37_54-Normal MRI brain _ Radiology Case _ Radiopaedia.org.jpg,_NORMAL T1,9de97aceacbcdfd17a5cdfcfc3e0d04d3250033c47fb3d161af99585f70e99f0,val,1
2022-06-13 09_38_42-Normal MRI brain _ Radiology Case _ Radiopaedia.org.jpg,_NORMAL T1,c89b4e5c7fddcc8f94ee52d94f4448739354969f6c3666d67b6ddd414b860762,val,1
c65cc275807ae96330e8b7329f937d_big_gallery.jpeg,_NORMAL T1,75a35a80f10ecc32244f7cf1dec24b8107e9b8a689b721ffc2de2151d010c559,val,1
64667ede8229dc935e2c5d43e2efd6_big_gallery.jpeg,_NORMAL T1,fd409dad11fe126d26769de04306ec922e53b4354d4fdb8a3c2f2c957ae6960f,val,1
e15c4b8ac6c52898016ee8c522a3fc_big_gallery.jpeg,_NORMAL T1,741431482ca6b5966150b651d08a4cc350e88c71edbe21d8e2c57fc315ba363d,val,1
cc071f455de21d1fc8572a9bcc7cff_big_gallery.jpeg,_NORMAL T1,f739c5bf26bdaa72c8342b916067e56d511d3b3c8313f71c39c9f4e441592123,val,1
57fd8f75186ec3b21369c7b50bbf41_big_gallery.jpeg,_NORMAL T1,264d657a8f6842bc7368efa6c45998241fa5d018c620e1c80cea527e6b5f0304,val,1
2022-06-13 09_38_18-Normal MRI brain _ Radiology Case _ Radiopaedia.org.jpg,_NORMAL T1,91f1224830b94e9a82d2813c4006ca3cb0aa21585ff7470a39add010b04893a5,val,1
2022-06-13 09_38_11-Normal MRI brain _ Radiology Case _ Radiopaedia.org.jpg,_NORMAL T1,69d8e616a2a387cf6e52b9bf15923edbde5c340f9264a5dd5e655446c41ed1f9,val,1
8568e22318aa23d73fdf5b9b786b41_big_gallery.jpeg,_NORMAL T1,72c84a87686f618643995afd3c99243d1d1136b514b5f38ad5cfe855b6b587b5,val,1
d9cb7e3cc2a80759ae075545695f0e_big_gallery.jpeg,_NORMAL T1,49fb5730bd3705e3ac89ddb1c4a54c9fc73ba292abc35b1e9484cedcaba1ec36,val,1
2022-06-10 17_14_33-Normal MRI head - 3-years-old _ Radiology Case _ Radiopaedia.org.jpg,_NORMAL T1,d2faa64ce260c2ad9210e6ca846a0a4d503b6a50f84f36ff40279a0a804da216,val,1
2022-06-13 09_37_50-Normal MRI brain _ Radiology Case _ Radiopaedia.org.jpg,_NORMAL T1,1e585ed0adad02a1ccfd1393aa59af9d11373e6032dc336b9f02576468e340dc,val,1
2022-06-13 09_38_09-Normal MRI brain _ Radiology Case _ Radiopaedia.org.jpg,_NORMAL T1,3417a18c5b63674cde4a564cd28697a95543a28af5d010cac9e9d064f234825f,val,1
68628551056270068a3050d5ef62f3_big_gallery.jpeg,_NORMAL T1,6d37561ce651bc38af1718fef6ca51fc6d1a7588188c5599709a6b743214585c,val,1
b12d990df65a025e9d6717c92fe6d9_big_gallery.jpeg,_NORMAL T1,c84de06ec77a344a403af413d8615e420782f9bc680b25b4dc3976aba825e0ac,val,1
cebaebad3eff5c44d228519c57548f_big_gallery.jpeg,_NORMAL T1,5af527191d20f54c08a6bfd032b7fa92e16141a76413aae18b870c66debf9ba2,val,1
569de86b9a5b7ec8ca34f54a68d35c_big_gallery.jpeg,_NORMAL T1,3f4881d75077295ebf4b996a9c35091ec4a087a8f505e65cc26a3be42677ef43,val,1
45291522c51ebfabca5224d12f0b09_big_gallery.jpeg,_NORMAL T1,91e2de153d72367e5a48c927b038849f4349df15cad05f1978836fe9865e14d2,val,1
1322c012995b26e8d57a021c0a6dbb_big_gallery.jpeg,_NORMAL T1,668806b5c5e2a00f099460a926317c2efb9e50f2ca6609b8f33f79332430a39e,val,1
ec10b044823438b68a49cd34453692_big_gallery.jpeg,_NORMAL T1,4cda2ffaeef236623fc2ea85303794d9326ac1d3e8716ea2fed2538e695b2ec6,val,1
bb1f82f330769a03c2bd0310e10397_big_gallery.jpeg,_NORMAL T1,77c2c02ef31c5cc3bc81309461590b879575a72a818141d007252fac2b993f99,val,1
0bc0d35606279e59aa78189e824da2_big_gallery.jpeg,_NORMAL T1,bfffa23b9a3e609f743eccf92015fc770b37ed47aed9c532f3562b9c3d00b5e2,val,1
2022-06-13 09_38_06-Normal MRI brain _ Radiology Case _ Radiopaedia.org.jpg,_NORMAL T1,9342356a900ede4c3d5a8c0b0db749624da1a151ed46b044fa3c525b14d0133b,val,1
722a58fbda7b0d9e91e2ae40fc176b_big_gallery.jpeg,_NORMAL T1,7cfd035411808da7748821c630ddb1b8d79d037d3d109350a99644260ebf269f,val,1
2022-06-13 09_38_32-Normal MRI brain _ Radiology Case _ Radiopaedia.org.jpg,_NORMAL T1,965ccb2a6e89dcef25462b06b27848c2f210d04114656925cafbcc2fc4081b92,val,1
0a0bc6879f5d5d14c4df229b64b801_big_gallery.jpeg,_NORMAL T1,07b848d01291ea2618671f7a00be45de8c63375df502b7c0db217915f8c0566e,val,1
2022-06-13 09_37_56-Normal MRI brain _ Radiology Case _ Radiopaedia.org.jpg,_NORMAL T1,1415d444be0ea43d78ff4d98a765e671bc0fa61f95e3746695a81318dcbd78f0,val,1
2022-06-13 09_38_19-Normal MRI brain _ Radiology Case _ Radiopaedia.org.jpg,_NORMAL T1,dadce7617974e8859fc63f93739bc263c000958944c432303ea7c5d175e50b20,val,1
289cb2221cd18d75d7a91c4cd556b8_big_gallery.jpeg,_NORMAL T1,a1b702fd264799b65281ed419a89039aa8acae3c8e824682603cdf50d40dbf5c,val,1
2022-06-13 09_38_33-Normal MRI brain _ Radiology Case _ Radiopaedia.org.jpg,_NORMAL T1,d2247723167ccb71c960137a37711fea1072f1d92e3c9a5a2c06c5aa6271cb96,val,1
493cbbe84f5ecf35cb76dd3b795930_big_gallery.jpeg,_NORMAL T1,4bdca2c67b34ff1e45b2014927e2e11bbb479cce5ed24bba6ec0b8e988f49908,test,1
5e9cd5dd601cdb23c833d497200c0c_big_gallery.jpeg,_NORMAL T1,4946537730c69ca79132fa42010c53306e834f5f198678a765fc3b9d309d3a25,test,1
2022-06-13 09_38_40-Normal MRI brain _ Radiology Case _ Radiopaedia.org.jpg,_NORMAL T1,cb7165b476f150ae448c067a439bb0b868e42e651e8d8a347124514fd404544d,test,1
46a4fe716797fec7a3a60f07e81bb7_big_gallery.jpeg,_NORMAL T1,4e0474e277d8117b7f5aec0707bd12c1ea93d7cf84c390e7097680fb8e73acbd,test,1
d21718836b7ae9025f3ef27e2452f5_big_gallery.jpeg,_NORMAL T1,6bd78d2f0fead32d283a83e5bf92072ed670a5ef830ce70bd6a8324308875d71,test,1
f072e73cd189d96968e5edb0d65b89_big_gallery.jpeg,_NORMAL T1,84fa853c883074676ba580526349e21d623b6e15bf375fdbfa09e7afcbe2af10,test,1
ec94148eda8e1556ae7d1c0558b01c_big_gallery.jpeg,_NORMAL T1,a41b24038929627020550ac9591fefea97dc8233952f90bbd7949830136b4505,test,1
2022-06-13 09_38_43-Normal MRI brain _ Radiology Case _ Radiopaedia.org.jpg,_NORMAL T1,983090139781809ac9245e530cb36b94c345146ce76428306c8401a1065d498f,test,1
9cee55caeca01e3e5d32a577f4451b_big_gallery.jpeg,_NORMAL T1,46a8ba2ab892395760dc743895aa5dea62fc1ca404148980430bdb790967e12d,test,1
bc171fefb29bb6edd90d439eeb374c_big_gallery.jpeg,_NORMAL T1,83feb1c039f4dd0946c75d9d8a2b75a4a824d7dc67c6653715a908eb87895a35,test,1
243c27e4df3b35705e79710532aa47_big_gallery.jpeg,_NORMAL T1,97900a7add1a4697250a4eb57afb9814afd8004685cc61283358ff794aa69659,test,1
06ef0176098202e137466b1c4c4dfa_big_gallery.jpeg,_NORMAL T1,ea3550a102886afd961a7201c6d56a7e5a8445c42e03884ad5e4868f1f66a486,test,1
be06499c617bcfafac25ff4290e9d1_big_gallery.jpeg,_NORMAL T1,4a593c48b62ee765d3a76140fe5a7b70562431694a0b7811a3acf484db6bc441,test,1
5b112f4fd9ab0666d7c6113062cffd_big_gallery.jpeg,_NORMAL T1,c92221e7995e57da6319949befec3dcf0551b5a06d7f2b5d7ac3392fea00e37e,test,1
c35ac51fad52eaebfbdb7458d98501_big_gallery.jpeg,_NORMAL T1,39befb1f25df2bc769b72de952c7407bf27bff42484a08229bb03a8d3b349f34,test,1
7c5f30a0ab66945c91349f055ac85c_big_gallery.jpeg,_NORMAL T1,29ab6ce248864049d1daf21326d2ff9a0b33dd0025086d6b578a866dba96c18e,test,1
2022-06-13 09_38_13-Normal MRI brain _ Radiology Case _ Radiopaedia.org.jpg,_NORMAL T1,7169aecc42e53c261ca9bac27b0c9c4436130198cd306aa04a5f6e7854e40322,test,1
50dd7abd799366c582f71f37dd0588_big_gallery.jpeg,_NORMAL T1,5b86f2cae85e04faecd526643c2999026e0edddcbfd649075d5afd9301d13a38,test,1
c274da22b3b6fd097caf87f96f88ef_big_gallery.jpeg,_NORMAL T1,5926a9023dab5443dad842e71c2235931053f557aa7ccfccfd52e8daf1102e31,test,1
d6ded63117f024b19a4260c7d670d8_big_gallery.jpeg,_NORMAL T1,d9ea507e3aa0c19a20b4f587391a44906283a022e73dc8cbb9fc7e0af58e1de8,test,1
7e304dd1df4f7806d6d33e033468bf_big_gallery.jpeg,_NORMAL T1,77ebbaaa12de70d400d044bdf9a092e75705dce2fc3b2d0dba4a955026a7708e,test,1
2022-06-13 09_38_01-Normal MRI brain _ Radiology Case _ Radiopaedia.org.jpg,_NORMAL T1,21018fba9738b7db4a9c19d1ab5678f3d2e714da5896e4c31bd3c9438b191109,test,1
32432c76dd77f99a3b18084b798085_big_gallery.jpeg,_NORMAL T1,58374340246cf80641f3be887c6bc0f8ab41525c19e63aac3f4fc4a94b3330db,test,1
2022-06-13 09_37_45-Normal MRI brain _ Radiology Case _ Radiopaedia.org.jpg,_NORMAL T1,0d3df09f823ea47b0e70a22e312e7184160a063a60419b9cd5bce596ac7ca090,test,1
269e3da1869a95439411d4f0ed3841_big_gallery.jpeg,_NORMAL T1,795a902fcd5d98569643ea44ed3faa0750b5397cbeb39266d22b126514bf6fab,test,1
2022-06-13 09_38_22-Normal MRI brain _ Radiology Case _ Radiopaedia.org.jpg,_NORMAL T1,68983d69660e417abc4abb96c88940dfdf949839cd284f8b01b7f0d008a04cb9,test,1
200ec201c92b8df7848e6d6c8b320f_big_gallery.jpeg,_NORMAL T1,0ada9588b09d936b1878a71050bcb8e237c783fb0388da91cdfadf6a71bf5b6d,test,1
1452291ab095e0525e8cbaf803190c_big_gallery.jpeg,_NORMAL T1,34acce9020fc76fd8487ec0005d07efe32f78a2a95fc081f445becd4c4faeded,test,1
45e2f9fb02bb502ef08e75cd578b36_big_gallery.jpeg,_NORMAL T1,cbf68236f140ef79c7b4c070787ce1f57de5ccfa83ed171f5f92473a06800291,test,1
5b517553a56210cd6791c95420bccb_big_gallery.jpeg,_NORMAL T1,4ef9a8ef7bee35ffce53e8fe2f1e903180fc99fdd77d53dbe3701fa04ac4a89b,test,1
d5efc0cb083ff0c2297d92471f9ec5_big_gallery.jpeg,_NORMAL T1,3735071f3a836277233f9405a057586208f4ce4506f5d59e72c72d762ebac595,test,1
2fd7c8e4fffb33a31b13858642d4e4_big_gallery.jpeg,_NORMAL T1,d04246fa45a7b1493f855e6c2e5af3d461e740feb8c3e57d0c0b6485591306ae,test,1
48df454fc4277961d5654f37b384ad_big_gallery.jpeg,_NORMAL T1,20d6d6fa81641f4efe46f8e59bbccb8f6b56aea3a0d9134c06b94dfd3d1303cc,test,1
2022-06-13 09_38_26-Normal MRI brain _ Radiology Case _ Radiopaedia.org.jpg,_NORMAL T1,2255d45b64613e42a43482f0ef31d2cfa12103ba02bac2f54394112418cdcab6,test,1
7ee57723544719d80ec991bc6516c1_big_gallery.jpeg,_NORMAL T1,6473316fdca9a0f3998bd25dbd4414e1ffe9769f95ae2f5a006b4e88f110bbcc,test,1
2022-06-13 09_38_12-Normal MRI brain _ Radiology Case _ Radiopaedia.org.jpg,_NORMAL T1,b79c0f72d2c96c55f3a86788b9cde07806d2f58929055a07bead477865b56280,test,1
fff611c9e99acfd57dfac7661c042b_big_gallery.jpeg,_NORMAL T1,5418aa02544227e9f50b8012b98268e90cca4acae569fe306f669b9121fb606c,test,1
7a9ab16bbaa0a43663aa64c5433ebd_big_gallery.jpeg,_NORMAL T1,a6cf94369d044229b3ff4e4daa66bb7ae6bac33bbb9d9ccbfa8d94166f358334,test,1
79ac12e10b3815dcd041c07b06e377_big_gallery.jpeg,_NORMAL T1,95cb53f1ca06f1c0acf99426c73c82619d3dfdc0f629a7c8224f3a86101c19bd,test,1
537948012ae2b1f1ff4ad4b0582642_big_gallery.jpeg,_NORMAL T2,afb3ed7b338f83d5fff94969341abdbf61c9f6447c55387583fc49531acdd314,train,1
431c7733ee1285a0de3bf98bc387f8_big_gallery.jpeg,_NORMAL T2,b6c4f14d8fd238487ff4c7e81f879dce4ac15d97b9613b3b48f0d91b90175678,train,1
863259b8bd4f3c5faf965be4f4d7ef_big_gallery.jpeg,_NORMAL T2,fba99a66e42b258f4b61cb8cc11711b787572c80cc8caa825c10e276ad393895,train,1
2022-06-10 17_13_48-Normal MRI head - 3-years-old _ Radiology Case _ Radiopaedia.org.jpg,_NORMAL T2,d541cbfac4c14ed7acdc51e65b6b20d3279537ee94db1e2ba3dd40fc7e7de201,train,1
4beb21f4f7463929ee5c11dcb27a46_big_gallery.jpeg,_NORMAL T2,5e26ef4461cf112aea783194afea791a92690b1a4847b0d5b7d845cd6a7a1c5f,train,1
d86784b0d1cecb87a74f7b52549d3b_big_gallery.jpeg,_NORMAL T2,b4fb2d06bd7e08948e9b756363b88cba8d8343a78e03ddbde0d7eb43373619bb,train,1
db3132a20857f681e8cd3aecedaee0_big_gallery.jpeg,_NORMAL T2,b0114ce5a4453197b1613c89a2816246952f26d09167014178c1dc7f1da73ba6,train,1
de0d04a27d346872d4523cfcff325a_big_gallery.jpeg,_NORMAL T2,5ab285bc3ca802890af230b41a4ab91e4d393db799e08a978ef89352c76f434e,train,1
101e0d1a071a034bc89a5e860ee1ad_big_gallery.jpeg,_NORMAL T2,db019e1ce6ba27375221764278678b3954c3176d33e30646debce6fd6afcb463,train,1
dbd2c7424630a8be40c63404d42c41_big_gallery.jpeg,_NORMAL T2,c636655488513fd32cdb137e28b2d243b6ec60c1feeae2b5c4285846b066aea9,train,1
de751b98390d095a558b76f67cf0c6_big_gallery.jpeg,_NORMAL T2,ba6ed3f70f541e8a73fd4323ca04add4111bfd80d0ba4b19b5c57f88af9b625a,train,1
2eb122e014f12ee778d7e113dfee04_big_gallery.jpeg,_NORMAL T2,0215e6626af93c48a7554434fbccaf31dfb6a75989047883c95e6195413fc687,train,1
2097062eda0167a6909a1d6426760c_big_gallery.jpeg,_NORMAL T2,54ee7f9c56899d1a8c7966519a0002d1cf8f172e148cf26f802d1b101dd163e5,train,1
2022-06-10 17_12_47-Normal MRI head - 3-years-old _ Radiology Case _ Radiopaedia.org.jpg,_NORMAL T2,f469a6baed6fe0b3975d895d0f95c91227ce3dafd40a8974eabcb2263990446e,train,1
22fffbabbb32fd068fdc001d8232e5_big_gallery.jpeg,_NORMAL T2,7692a910c2c82b7e19d62bc01331a98cdfcc89e91681e5e92b362d93981df45d,train,1
72faa57755055c3011a32448141322_big_gallery.jpeg,_NORMAL T2,53d2b66f6627091a4fe092c6c0da04d3e7f3087db2c4ff965d8504fb858fcb97,train,1
8c519b3dc386c4d06a18394154ba33_big_gallery.jpeg,_NORMAL T2,7f14c4d6ba785bf2a22ef9f0bbde42a0887461fe834f221cdb1493aef31e8a64,train,1
381027120a1202abc26fdc4a4c0a52_big_gallery.jpeg,_NORMAL T2,79388d1932610b14d1d773f6eb0d2f7061b4be1d4870a3e25d7f9e7fd122b63a,train,1
b13d58314989d1794b144f1bd3240d_big_gallery.jpeg,_NORMAL T2,22dd9d596b3fa8e7ffac21d9771d433efe962b5c4ea99f644897064ea529e1ac,train,1
a5ea947ccc6128c098eb81b7c01ba2_big_gallery.jpeg,_NORMAL T2,6dff79e013110988a5c23dc2144a8638244977bae4d9ca2f87fe223009659f79,train,1
a3bc5f5a9c53ebcaaee6ac456b2af4_big_gallery.jpeg,_NORMAL T2,93ec747c3ec1691af84acc4dee1fcd088a742c724f556c5cd9598694695fe873,train,1
76015abe5a13564be9eba6379e652e_big_gallery.jpeg,_NORMAL T2,1def5d3343606ae2feb51d488cbff97866d8218eb7b9058e4186874596c7db47,train,1
29a13fed7569cb549d1ec1fbd151a4_big_gallery.jpeg,_NORMAL T2,e06e11063e1c1423375a7cc1acec94d6e18c2ad55915bda4ef30b612583e804a,train,1
4c3ebfe39ef09540274c7c9ed51cd6_big_gallery.jpeg,_NORMAL T2,a507dab14aeb8c512b0db72e03d7178d1e0b26196cad52befa9eb45366f50405,train,1
fda92e9e884f718f8240320b184f74_big_gallery.jpeg,_NORMAL T2,7bcb673d639969ffcf21b1db02a9b7ac9c31bac3d512435e662abe4367d0dd8f,train,1
18b71fe99a6e2f44d5092860a60ee3_big_gallery.jpeg,_NORMAL T2,538840821005e9ca18a298875ff67ed39d9cf93954ab0e1891dae23d470056b0,train,1
89e9803aed004d70d747578f0cc743_big_gallery.jpeg,_NORMAL T2,ab9eeb16eed4da1049ae07c928f0c7088c242477c399306a94cfdbf24d926fca,train,1
02ac46b7eab4a327a468b0f26d17c9_big_gallery.jpeg,_NORMAL T2,706c8673c027e3b951891bc2c95450d0fb81506ab7144265d606a910585d5473,train,1
d931e22f0b338cf179fb3ae103bdae_big_gallery.jpeg,_NORMAL T2,c75895c75e79226bc8935868b8da5e1ac128d668c4b998b4347e85677f0a7564,train,1
5c7c63dd2294b80f104ca67025a57b_big_gallery.jpeg,_NORMAL T2,19b14c885cb250bb27018c2040dfa7f8c3a4b50d8817fa0eb5ff5134b266f0eb,train,1
c3284e477156516ca0589e2a3b4a42_big_gallery.jpeg,_NORMAL T2,0fc6203e8085a2e0a8424a8d7a69eb06a43ae98d7ec847ff136c8fb86fc6b724,train,1
42a521318772b24fdccb5cbe924a38_big_gallery.jpeg,_NORMAL T2,ecad25c70bbc34e6dceba6f4992a4bf5e7c3ddb5593fc55b5b689a814abf4021,train,1
e391f0af968c4e043f3d9e97efdceb_big_gallery.jpeg,_NORMAL T2,e5943281cc4a5d5adb4478640e5583efc71c2c66dbb5c426cd8c4403ab787e0c,train,1
624bff8e1ec7a4b564b89b71d3feaa_big_gallery.jpeg,_NORMAL T2,4fc5c155c26c61c4899ff5ca43bb95607317b2fddf83329e13f5d851ab7f702b,train,1
0c49e06c604a8d9d88ec4e24f70c75_big_gallery.jpeg,_NORMAL T2,69df6085d205d0a8ef080fec86cf08061c758af78b5c5d9e247f75e81e20218d,train,1
f650eb9a4d3bda83e8eacedc0d84ae_big_gallery.jpeg,_NORMAL T2,5ebc9397fd1d12cf771d7bb39170bb07c5cf6fee53f57ff4d438a98d9cf0f098,train,1
ad3926a8475736baa1a8051bbaac92_big_gallery.jpeg,_NORMAL T2,91c8c25bc4413b978de45a084816e8ae9a11571954eadc7039b386847e4f4a58,train,1
76da49ce19ad90eea28e0b834d2e1e_big_gallery.jpeg,_NORMAL T2,052804bfbc8daec94afe0d8991e81111f2143eafba535fef23445f6ecbcc2754,train,1
b577ff1b56235599620c928d397407_big_gallery.jpeg,_NORMAL T2,6146ec8321b623edd56ee72e1dad147eca400d22bc3b34cd59dc04fdbf4526e7,train,1
3ce3f66fb744a27d1aa165bc2306e6_big_gallery.jpeg,_NORMAL T2,118496de6b40192ca8cecbcaae7fb098e86f25ea0702827a025a43004d7ee8ba,train,1
4cb0276ecaa08453cf1b4059649ad0_big_gallery.jpeg,_NORMAL T2,f7f16d3b9e312bcda38e4dfe7bfc868bfb1be8295059fd66ebb9b5df7ee72afa,train,1
0d94b3ddc17a25bed1a500afea46a7_big_gallery.jpeg,_NORMAL T2,d2d73dcec534d37d93bc128be4512b23bfff67697a2a44771de9e0dba7f183ed,train,1
05ffbd0397153a73ccc0b8f028e78b_big_gallery.jpeg,_NORMAL T2,d6aa368c46ce90b7e469933142801404aa7ff05af7638940c689b4536734d7a5,train,1
0ccf3c967994229932b6894f010439_big_gallery.jpeg,_NORMAL T2,6010aab309ad32127bdcf8b4ef2e689286b97c55b3f3186dc97581a175f5feba,train,1
a0bb2f0d1342960ef57bfb16cd53f6_big_gallery.jpeg,_NORMAL T2,e919a9160770d147a6e0bc39d318119a7263fb8d41a1b1aef523206a0daafcb8,train,1
ed78eb933a3dc469aae9112cece66c_big_gallery.jpeg,_NORMAL T2,9da7b496daa956a4c3ff05796f0c323b890746f53360712a4aff1516eec11b17,train,1
3cfef1f912857fd2adb0498c2a784e_big_gallery.jpeg,_NORMAL T2,fd4c5ed166ca5090887c9c0afa6947d2623d2ff8348e7c82b386bfd7850da24a,train,1
462bf7ce2697597ba59928335c7e30_big_gallery.jpeg,_NORMAL T2,4cda66ed93b6bf37f4c9b883024bb9e1706788c78d5525ede82374eb05793041,train,1
85b1503c56b1cb7b1ef8f2f7ecf25b_big_gallery.jpeg,_NORMAL T2,f4b4a1e47d899654cf4b2b864f8d1aac7aeaf94f37b3c96ee42c25b0fca036c6,train,1
a88c52dd033a9aed9898bb3daee4d5_big_gallery.jpeg,_NORMAL T2,ee7585102bfbfa17834b52a787768e1acdacc6cece44a6e64939592476fa77e0,train,1
dd83137b946713ebf1119612db02ce_big_gallery.jpeg,_NORMAL T2,e60d97eb1b13aa86e0fb0bc9e514d9c624f8e1ec5bbed0cf12e652c2569bb713,train,1
88ca6f7f145b794330f75d06aadb56_big_gallery.jpeg,_NORMAL T2,416985c1df1caa482ec9af1353d487bd05b836364d400c1c783908c39fdeea63,train,1
6e50bdec5a119f23dd4b4754beb247_big_gallery.jpeg,_NORMAL T2,962ce2c37e47dc40f307f9c909ec588876c7f266b651af73297c9aec63bcbc8f,train,1
38a0c591c8dd17e1bf73e23c9f6221_big_gallery.jpeg,_NORMAL T2,521504ff07656049078c0440540eaba23bc2db5846f501f313b80371e6b60a55,train,1
e177805091698b5fa1638d1cbf3133_big_gallery.jpeg,_NORMAL T2,3583c7b9062464bf58bd3a8bee967e3609453c2f6aeca6c52562d399ebe21960,train,1
bff61e3892609379342d2fb81ec39e_big_gallery.jpeg,_NORMAL T2,fbec94d221043ab0afd51f5382fee8eae17e3a24ea3e626db618bcb212513c74,train,1
fdffa3aa06bcd0d7445d1da35a9ef7_big_gallery.jpeg,_NORMAL T2,2bd936be80b415bf6b75ad2f7e03709cab5047afe60c4812efb953c37cf7a494,train,1
645bc336660ae7f0f5736e846811cd_big_gallery.jpeg,_NORMAL T2,5a9ac6b3c9c66d0ad88bb990bfaf9a316ad192e635d6d2d06aa83cd5470a25fc,train,1
4e693250f255d937b30edf96e07c12_big_gallery.jpeg,_NORMAL T2,586f0b53ed11f0255a1bbcdcce522f00408025821be3946c76038c07089176ae,train,1
303afa9591eb4a737a6de15d6a13af_big_gallery.jpeg,_NORMAL T2,025157309ff84be538d8ed68177526fd48f7ea9d4c0a5366060202cf2f499f12,train,1
2022-06-10 17_13_21-Normal MRI head - 3-years-old _ Radiology Case _ Radiopaedia.org.jpg,_NORMAL T2,dd977b8bd3e32e19f3c100775ddc334b010bdd315f3fe2c3b8988b6d3b7e39d7,train,1
8dea160612f98fbc01bea3f1ee7860_big_gallery.jpeg,_NORMAL T2,f2b311a895bbdb315da27fd9782afe39697feee41700330c90b2a9347fa622a3,train,1
a206e5e04d418c9ba5ba08b726c62d_big_gallery.jpeg,_NORMAL T2,8f15e83b7492add010960f94740f66936f41fb40fb3254df9c2846642fb2ed8d,train,1
2cc8ddb8f9e6e34f6dd051e673a5df_big_gallery.jpeg,_NORMAL T2,0cb8ae714f3b15070077723bae1ad39f0eb7938726fa80f6cc34b54a1448f1bd,train,1
d069bdf7ee8304bd38aac25d086e91_big_gallery.jpeg,_NORMAL T2,c081193ac8c67c000a3a1a51ba0cc1f1b1c1cacc37ed4d4ca7d14f1e58afdf06,train,1
6140a2efce934adfccf7357810a27d_big_gallery.jpeg,_NORMAL T2,246e8a7af121f46801c9d9220d39f9d1c0675f9f58a77884a4d2094b116ff86c,train,1
aac8ff836100228ee4abca105d71b6_big_gallery.jpeg,_NORMAL T2,205679af7e35e9b1a49be13b3edac5556f9b39c455c043fd7cdf2ad0321f6b35,train,1
2022-06-10 17_13_51-Normal MRI head - 3-years-old _ Radiology Case _ Radiopaedia.org.jpg,_NORMAL T2,7e50171247d1deab8e0d411897181517ef275824b5a7d7a824ddd6b103efc488,train,1
6f63bec9d3b8ebb46401667f6136c8_big_gallery.jpeg,_NORMAL T2,05fb9a1c29e3d2f4ca7cc91d505a83467a2ab3fb0d7892e5fce7f25351619a40,train,1
c0d3515b055b6e4faab7d460d98ae0_big_gallery.jpeg,_NORMAL T2,3b255d9ab8409dee404ef29bd67a359fc2b463bf67b9b55d0de03155721cb1bc,train,1
053bb7a73d1b4d06adf2d9406fc476_big_gallery.jpeg,_NORMAL T2,4e2af3a2ab292ec9f6a2f0290e9149135fedf25588ef0f3e427976cc843e9aa0,train,1
2022-06-10 17_12_40-Normal MRI head - 3-years-old _ Radiology Case _ Radiopaedia.org.jpg,_NORMAL T2,fe29b78c56ba934ed6c5d743e8883ec2f8edb13e6a134ff48b27e670b4676fcc,train,1
4664725bda03a3da6aae0370ccca0c_big_gallery.jpeg,_NORMAL T2,6d945fa7e3914cf91f87d134c116f26ad87642b772d197e87fdb32f1f0f9927b,train,1
8a34eda68d51592f703a18d26d3b64_big_gallery.jpeg,_NORMAL T2,ec6e967c85193ebc4e6f6676af753b7e9077c4cdc12f2553adeff811447faefe,train,1
f06e11665c40074feff1b5d2f3dc9b_big_gallery.jpeg,_NORMAL T2,3260ae957e6a1b561a2252eb1d800c8a1cb8980107afb0ca265dc1b677e51a6d,train,1
8eea7f3f747a3d4111b9ece9fd622b_big_gallery.jpeg,_NORMAL T2,ed39c014b9e71ed253396154f19be4eebe09a2d750a04d6547eacfbc88d6700f,train,1
a9dc3542183ecca34c98220f3a7485_big_gallery.jpeg,_NORMAL T2,9b0e06f5101ed6cfb2bafd422df06f25fe6441458893aa0d164eae1450b9b089,train,1
39393a4882826a45e89f49da9c5a53_big_gallery.jpeg,_NORMAL T2,8771f2cc447326afb39e64c9b37c43d1c9ab82269ae901c3fcae3e936b148c77,train,1
7d9d71985b08be5417c785114848b0_big_gallery.jpeg,_NORMAL T2,b99e33bdb67773cafa2cf6713beb1194fe80f760e71b33b589d019d0d1d780dc,train,1
8cb2e1519b70724dc2356f8b6e1d69_big_gallery.jpeg,_NORMAL T2,5ac6926c10d443103f6dd48fc407799fa01b74853f09416aba88055983270d8a,train,1
996dfcd0e834ccf276aaf591069ea9_big_gallery.jpeg,_NORMAL T2,8f1d30eff6ee00d758599fea519bca4cc8a12cb3d43c184feeea504893c3bc58,train,1
3447b64d96ad7ff8da023ab363554d_big_gallery.jpeg,_NORMAL T2,0a860a529d62a904194c21ed0f8d0c16b8a34d3c998a29a8e0829ede75823786,train,1
7fab45149196f1905e926868ffa8ec_big_gallery.jpeg,_NORMAL T2,a9d0567d13b8ad3a930317b20295227de4ef71bcf02cd147ffac8642e982b629,train,1
af9344f506c32913e602c8f2388347_big_gallery.jpeg,_NORMAL T2,043fe1483bf4dca1ad47ea3d39924ff8a36aefe2943c6c4dc0b9b28c6a5f7786,train,1
9a8c04cde37dc1b3b3d9113dabf41f_big_gallery.jpeg,_NORMAL T2,ab16e16c4d660857135b896ed704fc8c08e1cb636a12bbf9b670a2c4591eb7b8,train,1
350fc6bb2f528ca7c62b2450be826e_big_gallery.jpeg,_NORMAL T2,32213770fae4940c3c3a6d20db2e8cdb800afad4ded0ab0dab1706e1736ce295,train,1
09197082676a6503455c78a5a6fb70_big_gallery.jpeg,_NORMAL T2,60dbce9d8be5c9debaba58ea82479408b28f38797d5804ff10072d5c8141f239,train,1
e9ce938c54c0a8cdf13c92a504fd83_big_gallery.jpeg,_NORMAL T2,d947cfafb3a016bd0f96894bd7d0af39453756463d31a9d142046b4c849f6efb,train,1
d022d1079185636184f1044834e3cb_big_gallery.jpeg,_NORMAL T2,5ab366df947150d9faa3394c70225af67cfcd972cd5074ba1b3920721aff727c,train,1
bba9b7406612034e841c42cf69cfaa_big_gallery.jpeg,_NORMAL T2,975361ab2b230735239954119dc7d3d9274a0d78412f0da5ae2af5854ee0ea22,train,1
26b48e851e2db0d7ade9a193949e19_big_gallery.jpeg,_NORMAL T2,f946e7a699547470ad5f4f34141ee3bb0c321c250b6053f20b600a7f0fa2e5a8,train,1
82b219872db2b50ff0b4d96d3a3300_big_gallery.jpeg,_NORMAL T2,4e3a94d7e70289d3ef531e5363d718dbe15f905fe57c6be523368eee7c4b73d5,train,1
750d0cdce00628efec3526ff1aba32_big_gallery.jpeg,_NORMAL T2,27aaa26512f22eee42918825e49475110debbab996d20eb42a49fe05844a6cf8,train,1
cc04adfa919ff5adafdca215acfee9_big_gallery.jpeg,_NORMAL T2,9996ad1c9ddc665d7d39b28723b62440301f2ccd5a86ac02720d62d4d2d55ddd,train,1
dc7717d8502771e82a88b117e90a41_big_gallery.jpeg,_NORMAL T2,0ced560ce10ad41870528b22c47138d216a0f06f6352e1c569f91bf56c4a2d9e,train,1
4365ad5cb1e353c6fc42120524ecd1_big_gallery.jpeg,_NORMAL T2,40a057591bca1776ad0fe82dacd33206c979cce3c9039fe528faebac58f1ea32,train,1
403d07bb7255a9e55e4ce5e24ab05b_big_gallery.jpeg,_NORMAL T2,6fcf5755dfa1e86fe629a1850d799a3ec76e603d58b51905bf78d224bd71e7a5,train,1
27dfa3bfbc7ca0eb7ba075e4ccc60f_big_gallery.jpeg,_NORMAL T2,dc642688d6109ef15d6d9ae964e7a8c87269ecd24876705585e1c47b575a2918,train,1
4d28e9ebf23d65b70d748c87238f39_big_gallery.jpeg,_NORMAL T2,57c0a16619d00f564f7b71874efc6bcd639d7f90fe2eb7802538910f3c4a4fc3,train,1
6c8490a0808ce5a4ef975357f3788f_big_gallery.jpeg,_NORMAL T2,7b2ecb6e69bda0a72af4abbc3ab07c749bf2165fc6d41b013d8c8475c589682b,train,1
f1eda9941bacc5ddf135c1886218c4_big_gallery.jpeg,_NORMAL T2,98f61b71d56bade2c12eeced9d09f99a032cddf5ade63971e4eb0a703f479d6b,train,1
8ed9fd5133d98cd0966acf0126fe07_big_gallery.jpeg,_NORMAL T2,afb63230878ea3e72e8bd6ac33057b199b0773fbe3603cdc039c9a97fe3c8698,train,1
2b2c20108104604fc52c19fbe99bb6_big_gallery.jpeg,_NORMAL T2,dd0ba4a2b94ac4ed75e8dcd0ffe80a2023ba3b94bd7387eb6b941901a42315ee,train,1
e8ec5075c324ac6ddea5165a3f8bd7_big_gallery.jpeg,_NORMAL T2,8eb720225d10477f893b76e3c9c1917e0a5e4c3d32e61fb4f4b50f64db6deadd,train,1
618411153b41755ecdc055c3802bfd_big_gallery.jpeg,_NORMAL T2,7b6509cc339d0010bc481e88987581fb50daf787c59b12a188e0c5446c9531fb,train,1
8f675df34c31a18a7db142fbdbc14e_big_gallery.jpeg,_NORMAL T2,305f87bce17c1861f2517eee1fd94e875b5c2367a633f7b4b588ef7f39d799c8,train,1
f0233be0f33ed379b4926c76caa090_big_gallery.jpeg,_NORMAL T2,39ac8c2aa2e7b6ba3f928a54c4dbce2b1bcbde83e9b9ea3dd89b1770de594dd5,train,1
0b1affd66c5d9b629636d9a194a51a_big_gallery.jpeg,_NORMAL T2,3152955b5a2472ea3928ae95674ec1f404ce22c16504eb50b614bc4e77db91a7,train,1
f46fa8effb34abb1a33a98929b03e9_big_gallery.jpeg,_NORMAL T2,3697cc2cf686d8d29deb3486913464792ea058d93c12adb55b97b4bc9fd27322,train,1
4af03a72f81929c881edeb2093efcf_big_gallery.jpeg,_NORMAL T2,ae565ff53b5394efb165fc5651fb533cc413a759f9331f01e003b8ffc343b07b,train,1
5ad1de1f6734d09400600ee2b86c3c_big_gallery.jpeg,_NORMAL T2,f584054f2734f710155338e41b82cda4d2eac1b59aea43075902bb916a3f0c4e,train,1
2fedf084f1b2e75d8aa8b6e5de55a2_big_gallery.jpeg,_NORMAL T2,10ae86fedef8339ac092ae912bced9e188e1be06f79b344be69dced16caed6ca,train,1
89d971105faac07256546c5f873df6_big_gallery.jpeg,_NORMAL T2,cb8f51c8776db3d5fff67a3f557c7d54536466dedac6b09e5fb04fc3a0775646,train,1
2022-06-10 17_12_57-Normal MRI head - 3-years-old _ Radiology Case _ Radiopaedia.org.jpg,_NORMAL T2,ed265c9484dcb1faf41229b8fb972bb9fd7c92a2271ccef7bb2d7d375a8437ab,train,1
2022-06-10 17_13_14-Normal MRI head - 3-years-old _ Radiology Case _ Radiopaedia.org.jpg,_NORMAL T2,d82f2deb4db89700c97cf86b8e981f8d5c7d955c04cefed908879db403e67706,train,1
cb9d68cad83e992ea1eeb22f202fe9_big_gallery.jpeg,_NORMAL T2,0e8a384ac7692539432c80c87762e7681f1d823bdf4b04e7b8304faaf5871a0c,train,1
71c4aa7970deca5d6957e1fa03400d_big_gallery.jpeg,_NORMAL T2,ecbc75c435495fefcac382b40f04729511c58d9e77bcca62c2517d0f9fe7c713,train,1
55a6be596e02617baa9601fa44c7b2_big_gallery.jpeg,_NORMAL T2,3e63574ab77aaa7e0a45a509ee0645aecdd69c2d7fac58ac14fa1da7f14ac461,train,1
2022-06-10 17_13_40-Normal MRI head - 3-years-old _ Radiology Case _ Radiopaedia.org.jpg,_NORMAL T2,4e2a5e56db5e86f1da4fc4baf0102471b47dc5e5409ca490457bb3176b361137,train,1
0507ee5d886665eaf9b59ab9b8bb78_big_gallery.jpeg,_NORMAL T2,d0c1f38730310d490ed346f61a8f8137faf56309975a307775594805d7b6d387,train,1
dd668a843fc2895e903d538bf908e4_big_gallery.jpeg,_NORMAL T2,da0b62f59ac27ffd9d5e18e38de90166b5c8fbe624cd92f97d86a3eef6ca3bf7,train,1
a7dcf9e97770eb67f1066dc147b902_big_gallery.jpeg,_NORMAL T2,6141e7b170269ea3a93cdcfab85010784bb42633eceeeaf34bc1d2764ecd4277,train,1
2022-06-10 17_12_51-Normal MRI head - 3-years-old _ Radiology Case _ Radiopaedia.org.jpg,_NORMAL T2,8359cc21e2bb751b871e7438035a1b41d276ffa22d06d342cb0e65f2d8404ab8,train,1
8abf4540607e91a8915b871ada5652_big_gallery.jpeg,_NORMAL T2,1dafb2f8e594462944b12ce66dbf0e7723945394600294468b226aa79162c45e,train,1
702e642cbb6dd5d45a146c917118a9_big_gallery.jpeg,_NORMAL T2,dd614c204b179484134d27b13156568cde957994da23de2ef89743cb8e75b318,train,1
4dfc2b0b80281fd38a33fede26e5a6_big_gallery.jpeg,_NORMAL T2,ea30485cfb534816265d4c98f9adc71790080dd3635fa9145ebac30fa67ffdb0,train,1
06a1f57d06f00851926e9d19c082b5_big_gallery.jpeg,_NORMAL T2,74c91c67e64e9cd713c8bd5c90f1fe1bdbf39cd02a6fb22692ba1ed360484bc7,train,1
eb87cbbc2a630b7078acb2f1bbecfa_big_gallery.jpeg,_NORMAL T2,486fb78744d125a500f6087fbfcd5f771b040488cbf8d5859eedb72e4b3f8855,train,1
45d46b4122d18e043baeff01ea0c43_big_gallery.jpeg,_NORMAL T2,c90d75b6d6c09f9d0e55743cd4481b7377502436f7149c8ed41466c37d0f4729,train,1
e0a1f0990acc1cdffd4f6cd89f292b_big_gallery.jpeg,_NORMAL T2,315606abccb2394652950bdc8c1425896897a2aea6d44d2910b7175e9d35f51e,train,1
772a70936b0530e500d20ab0a2e4b2_big_gallery.jpeg,_NORMAL T2,1789eaf34f423da0d47c77d5763134e375968a53b2d25808863bbe813311f5ac,train,1
f69ed03bb10130126d46c06356ff4a_big_gallery.jpeg,_NORMAL T2,5e0f5b23f09466175c6f6e5fe4aa79ed030a77f26209bec13966203fdf73aaa4,train,1
2022-06-10 17_13_01-Normal MRI head - 3-years-old _ Radiology Case _ Radiopaedia.org.jpg,_NORMAL T2,1b0d849b61cefd3d2112f83bfb17fee93c6add1657f061b0b5594ae405558873,train,1
554b332cb75e3feffa29a2697da324_big_gallery.jpeg,_NORMAL T2,3034d485dfdf27fbec93decc53b22cc95dfc413ae59426675d986ae60b6843e4,train,1
8b8bb21922f81d964d555ac066a878_big_gallery.jpeg,_NORMAL T2,260fe7240a76f6262d66ed911e8bc4be13d3fb098b649a363775e71c9fae4688,train,1
fe9adef1dd65812a09089bc6470995_big_gallery.jpeg,_NORMAL T2,249ff99c9f53be89ec35cac736f7fcbef534d00bd947a7476e3877b49e504f8f,train,1
0a0fd7951c96f8e4680e455f1a70f8_big_gallery.jpeg,_NORMAL T2,7e1b52968f43db3944402623577c18fc4bed90ed11ebdfdaf26fd2c669815d83,train,1
b8c73556e7fa939dddb55e535af190_big_gallery.jpeg,_NORMAL T2,c7216c0d36a6e3059a575a25a2511d5357c8a7bb5f410aabdbbd98b8d7e7f1d1,train,1
6f18681e6bd596aca981a3347e9738_big_gallery.jpeg,_NORMAL T2,b1956b60b96e69cc63ed9ec5316dd5fe4362edf742163b6466e40dce68b0b89a,train,1
5129dda1a7ee3fd97ca4c5d64e75e8_big_gallery.jpeg,_NORMAL T2,ac21770b58857981727ccb364a11f0a2001dc3bd0830482b5d2b4797f33a7b2e,train,1
e4c4a2e144c7c00335d23443e992da_big_gallery.jpeg,_NORMAL T2,c06e87bd44cdd26c31f43a6297adaf4a0d63db7c6f3cc487ed4981eb3d052716,train,1
c5bfed48f429224881e63daf5f1e26_big_gallery.jpeg,_NORMAL T2,8ad2dc33617346dcff0d9bfa05533699d4f9583132128c22b0b08e72dfa69e96,train,1
f04b0d23b7c4fb03b3e7d09c641b7c_big_gallery.jpeg,_NORMAL T2,e797f0a50b93186ea3b9c933ecf8a5c38e67905e59b3f4c274a6e64ebe7c8d4f,train,1
bc6983f6fb79f9f00c63859ab56f31_big_gallery.jpeg,_NORMAL T2,3a719e37d2f6f82dca956207c88e969c92be6a83e29386f6c3d3cc4d13655ea2,train,1
39918895cb4e8adb76404cb6a8c31a_big_gallery.jpeg,_NORMAL T2,2467effc8fc05da01dce5588ba4f13cffcbc290fd26eac29e2b3cfc9eb0ef31d,train,1
83013fc327babc852e0f2d0f31fad1_big_gallery.jpeg,_NORMAL T2,61ce5b4a5922d26ca70802f6143b76b19ca74f9d5d2cdea45f14f4239ce2cb0d,train,1
d64b31591ff451b4371076e00fac37_big_gallery.jpeg,_NORMAL T2,743ae6623878e8b0041a35a5f70139e9fa0a10a25c20d6bf7ed19912e1757c2c,train,1
ff.jpg,_NORMAL T2,bb35008b2f4016e559e1194fa0c2eb7e075f3ab39a45a4afbbb8b2074c8b927f,train,1
1890baa82a0a0e30647d04e5e2e1ff_big_gallery.jpeg,_NORMAL T2,279b5f2fbf06403c7501134afb738f9e89cfa2bedb850fe30a6f87fb5df7ca7e,train,1
f20c1f64a8884000cf2fc30187e6c7_big_gallery.jpeg,_NORMAL T2,0321df00eac415c4beeebc53f99587a5d361f067c8a6ae71a63e9318ecf02089,train,1
8110b0578bb7daba76edcac86d7d47_big_gallery.jpeg,_NORMAL T2,30c39228501761c3a4a4da87c9cb524f418e6c9ac54a45dd8420a0e0bd365fa1,train,1
92ec9e3ff44e877fdb6858779e9049_big_gallery.jpeg,_NORMAL T2,127766f8badbd7b7b2ec02f4baa3210a24f3b268873640f5cdcdccd992443790,train,1
d59dbef5a66e706dfdbcce4bf699c0_big_gallery.jpeg,_NORMAL T2,d4ac22b75313fde88b609a5f5efe0d471534558cadcbf219a7d4ac4bb198efeb,train,1
575df1090955e0161f9a97ee6129f5_big_gallery.jpeg,_NORMAL T2,dac102903c066a50eef29bc7987a96d4ad0e62533bd923a5defefc34642a97fe,train,1
1a9c1efffae5c637a610600f90d5ad_big_gallery.jpeg,_NORMAL T2,58eb0f6a9775cddfedf43d302dd9c23e3bd8dd379476ffe2e1b2ac79219caae8,train,1
bd937738ad6223a03f8aedcf4920a7_big_gallery.jpeg,_NORMAL T2,524f1426f51533b308f6be871aa3d9c9ea671b3ecddd26336290ee8e46a64a20,train,1
aa5a7efab6a4d745a915bbaf4a61ab_big_gallery.jpeg,_NORMAL T2,41b7ce1e68f66843921f157b9462de271ac27d2791229410f83f9629caa62a9c,train,1
c0f3220b355811d7d2338e1054c250_big_gallery.jpeg,_NORMAL T2,d1525ed9eaf6fd17ac34b1678d07af44af50e35689d9629cc6a5a5e54c701be3,train,1
0536a45418dc43878f361085b40fc6_big_gallery.jpeg,_NORMAL T2,65740ce2d42f7f8f65efdbeec52f3079eba8049b67be7c08318475b2f08cb7f8,train,1
63f62b65e722e65b1dffa4b0e8db52_big_gallery.jpeg,_NORMAL T2,ecfc42f9da3e772e810ceb16e11ef0733544aded32c9ed6ee42b8f00fdbaa5db,train,1
c9e3a56f3f17730216baa89ebc2999_big_gallery.jpeg,_NORMAL T2,2434b0541b757d09bded01f6076d91d32adefa938d90c076d98ca5201fec4cb4,train,1
3832acedd1376884366babf3bc050b_big_gallery.jpeg,_NORMAL T2,f9ab7258dc999c5cae1b874fb9087e9fcb9d8723aa09ad1f0f9ae13f998f586b,train,1
43924c4bc142364948a7d8796c122f_big_gallery.jpeg,_NORMAL T2,228dc52dd5555a44fd2b1d0ea482a17057e13ad14df5e178b08ac9e36d36b37e,train,1
c006b6426b89e15188efe9c614e7e8_big_gallery.jpeg,_NORMAL T2,fe81d44f094b4066be2d64d748fcdb4ed5a1e55570861427121a2fe6bd80aae6,train,1
b40212fe713b6abe6d63ddda4b1130_big_gallery.jpeg,_NORMAL T2,9505957fc26a036eb7813e6db5c39a4cb044c26f43baadd45f237e13c713fd95,train,1
7e33aad757b87e007fffef304da26a_big_gallery.jpeg,_NORMAL T2,44d943b4b4a5304aa6a958969cbcb605828063b674a57facedfbb50b8240e737,train,1
bf99be2ef30dd44c723ebdec293dfe_big_gallery.jpeg,_NORMAL T2,3c34ba31bdc35eecf227df746b8eab70f5be4bb1c5f505d27fbb91532d456f84,train,1
12e4e07ebc568b911ed1ef35fc396e_big_gallery.jpeg,_NORMAL T2,ae60811d965331f4748165dcd42aeda7a79aba8cda361acd0361d8b1ba59e9ea,train,1
0d541e2ee69ec265d163b70cc15f59_big_gallery.jpeg,_NORMAL T2,a5381a985bd42b2ae84a2f49dd638e2c178abba4eee0f905f57e3250dd18ca02,train,1
4357c5aee56daa3808122bf7647559_big_gallery.jpeg,_NORMAL T2,d65eaa82445491082a8317b9758a162ed5b01834fd10947b825d5f9c7ba896ba,train,1
3514395dabe753723be4e3d6c17ecc_big_gallery.jpeg,_NORMAL T2,ff7d937dcf535d0ed28b576ef5dfe3e2be4224a37484acc049483ca49c0668f7,train,1
85cd46fcac1a53c2e9d2eab5959898_big_gallery.jpeg,_NORMAL T2,904d3f00db3819182c7e2b470e56f6b6619b93dc0fbe5fd71b2c64e9acc33ab7,train,1
a972e2bc4192c46e88f7ab8fd73edb_big_gallery.jpeg,_NORMAL T2,8a226ed365944dad8eddbe8ec85180c13f057ced031b6b1369d1136ec50cd460,train,1
8af74da86d98df6d59b8dd08308273_big_gallery.jpeg,_NORMAL T2,b457519f4819e060cddb0ac70776c7baf80038474a320e81c022955726a69c54,train,1
23c8918cecaaa069eb7323e9fe38b9_big_gallery.jpeg,_NORMAL T2,8e0a311ea1a78473a6fe1c4cdbe879eb7f932dbe807178c8412968e7df313db0,train,1
5ee7e6c6be82ca0dbe218248c9a121_big_gallery.jpeg,_NORMAL T2,d90cfa1ebb00d76a710da4a16af4a26a553a42b391b6f8d2ab2e37336c1273f4,train,1
9781f44de7f61ebf366ede787b5a3b_big_gallery.jpeg,_NORMAL T2,458fb58f7c3c06390c672eb8ec0807ef62f5496418ac6d8e6a9cf68a355f8276,train,1
b45e6353b754b2e53a7260ac73cdff_big_gallery.jpeg,_NORMAL T2,19bdac655d9c472533139a1e9b834d9e20499e3159177eb31a24dc2a8148e4ca,train,1
59642fc8162289ea807173ab835913_big_gallery.jpeg,_NORMAL T2,3fd05b084c782fd1ad0b4496f508de7e27e3903900502d6f7784aed572cd2958,train,1
0a39df42d8330b144ca6ef21fe7a19_big_gallery.jpeg,_NORMAL T2,25272392a832dceb0d0578ca1dbc48bfc70aa431d4b8e4d27cb830dbd3bd7b8f,train,1
2022-06-10 17_12_44-Normal MRI head - 3-years-old _ Radiology Case _ Radiopaedia.org.jpg,_NORMAL T2,5b034d7031ac40212a461fcb5feaa6f60d72b2284f2ce4508a357757598c8aaf,train,1
f6802f609fd580fd7a3dfce9650e72_big_gallery.jpeg,_NORMAL T2,1255d1b00326f732e7aac3847f68955989f78ef6dabd13aaf25154c7defd5df3,train,1
28536853371debcc47f80acbcde995_big_gallery.jpeg,_NORMAL T2,77b9973cf9b6518998932c440658679b0eb22d33d92d9d30327a911ed1616d9d,train,1
2022-06-10 17_13_33-Normal MRI head - 3-years-old _ Radiology Case _ Radiopaedia.org.jpg,_NORMAL T2,7a18f9b23db31f3bb029770762e46a0133bb26bc891e30adc69188250a893014,train,1
fc1004df6b597215b7bbb8e62abed7_big_gallery.jpeg,_NORMAL T2,8c8061fb2e55bcd0cfc3d1ac0d5026398d246b9d9d581b19178b46418477452c,train,1
dd3c02de4885fa70c86332ee57569e_big_gallery.jpeg,_NORMAL T2,009818aae3a5ddd2e5ee19ac8547fbc5fc5e9cf596e8d9b9ba920e16e93d19f6,train,1
2022-06-10 17_12_33-Normal MRI head - 3-years-old _ Radiology Case _ Radiopaedia.org.jpg,_NORMAL T2,99b749fdc29e42673609611abce80dc931bd6c92d1bcf29cdcedbe212fd032d9,train,1
2022-06-10 17_13_05-Normal MRI head - 3-years-old _ Radiology Case _ Radiopaedia.org.jpg,_NORMAL T2,f0ea7c8d40b82eac5af82e79955c0da49cab01fdfe99918e2558ac16fdc4189d,train,1
8a8810bcaa92190db6fe9d66bb98c9_big_gallery.jpeg,_NORMAL T2,d9952a19d0c1d34d752957cc8d74338baa8f085a80bbdb96c8281c5f872ffcc2,train,1
94f4d6ed41a9098a23de134b178e9e_big_gallery.jpeg,_NORMAL T2,ca3661979b666c21b0f550b495bf1814fb19b7006aa22872c0b4001c53d8ab18,val,1
d5462ac5fe2272485867473468c9ff_big_gallery.jpeg,_NORMAL T2,5f74d281eeb8ed29a058cd727d600af2f6368c0d93517f407c4424e984966891,val,1
75c7c5e098de58c3dd0d64d5380050_big_gallery.jpeg,_NORMAL T2,148d8355d2ec3d7f791e167ad1df0b9a6ecaeb09e85efceec9885d5428f92d64,val,1
ba29d24104918a30130f4003faac71_big_gallery.jpeg,_NORMAL T2,f7dd5f1f22455e2d0eb2869f84d19579aa55d8b6a06fe8cbe51a1c6dd1e7e1b1,val,1
704fc73dbc2472405a02a4c35477cf_big_gallery.jpeg,_NORMAL T2,71665fd81917e5f4cb5dfab754c9244685ebe70a816125c3d9d57d1ffa8c85d5,val,1
0a05d0995ae0dc73fd2086e7be9d99_big_gallery.jpeg,_NORMAL T2,04d4abdb64f9c4e4d92baef6adcb831297ee622c5f2f8f90d100456442fd1f3e,val,1
a5a4f7886328b10f18617ed1f20788_big_gallery.jpeg,_NORMAL T2,8a342a56aeba4664a3363ae0f09a4254d6d4f028ee9d3ca1f4a880a2cc644dac,val,1
ea782e1e91160ed77c78385f17550e_big_gallery.jpeg,_NORMAL T2,7ccd86427db57f8fb84cd37d86520c74b15b5f305dc15f29ad5f320677b79da3,val,1
102fc2900bac68fe61e7f446e636ea_big_gallery.jpeg,_NORMAL T2,fece07711eb6c4681627a7d890647a2df503e7c4fb9eb3be075aebf3debf30a0,val,1
3e7ea84b812afc105281443156629b_big_gallery.jpeg,_NORMAL T2,e17d4fcb6bc75a28a18cd3532636b58cb5cabc25cb790a30f9cc6c24f8310f15,val,1
badd72c26b3ea50cf34a4035ccd660_big_gallery.jpeg,_NORMAL T2,0962470c76cd02332a7a64ca15ede4d6274e0f7c92cc002c48d4d939de60606b,val,1
2d6f3fb828f832146423d07bef06c0_big_gallery.jpeg,_NORMAL T2,5ff4e57d35d5e80ca0a746b75dd3a6501bb50ce33472d2177101aea52a655fe8,val,1
81cafa4e71be888439ad7561af15ba_big_gallery.jpeg,_NORMAL T2,eca986d521d12dc16adca3bdf3ff598c45694e3ff6d7589cc9e8cdd9ae86d1d1,val,1
6a57070fa56e94cdc9fa513e0321f4_big_gallery.jpeg,_NORMAL T2,36d95515bfcde823801b8f093f8a617f44129c8f9195ef7686bc7636967f62e4,val,1
990c67b8980eb199c823108a17af3b_big_gallery.jpeg,_NORMAL T2,b3c1b95af9f28fb1a4ba26f15eb7e75b2e2cfcddc5e8021d7b03362c8b7df6de,val,1
77ccb368aa0520dd5d68caf9b4c740_big_gallery.jpeg,_NORMAL T2,c58ae891e3f5603813243029898f10c5cb0f3b0c5194ad22eeb2183ef5ccd731,val,1
58a2fd81a484de172a4a6bf0e7fc9e_big_gallery.jpeg,_NORMAL T2,7f96843e0650b607056d3ec149b27091692268b6416837501a327990c04b4d23,val,1
75f53306dd1c0b3b73b28c2bb531a0_big_gallery.jpeg,_NORMAL T2,44f196fcdad9d1e4c3e04100b94f699c063cd176eeabb1f5527045e1154e01f7,val,1
df9c05ff19e7dedf2af31796666fdd_big_gallery.jpeg,_NORMAL T2,95a924130ed69102572f1bd7c13e38a034262cfcaa987651fce3830345bb7dde,val,1
d5cf13e08f6d425f4a0c292c5a7d66_big_gallery.jpeg,_NORMAL T2,e958e31c7e1ef3d319ab774cb162e54f9e4046f977d50a77d330a3b5e51a2997,val,1
7de711cb04513c3dcedcc4fcf75b55_big_gallery.jpeg,_NORMAL T2,9d4cd91f4b8322ba2ccef45235ed87118fe4bdd0ae5a577c5cd80b492745edbc,val,1
2c71240008ac94c0f47288007e647e_big_gallery.jpeg,_NORMAL T2,f1c9424cb9426de5f3c3298e29c0a0747ade9a668cbc7ee8c476da2bd021df36,val,1
fb7e846f8daa79eb0befd17c8ddd36_big_gallery.jpeg,_NORMAL T2,f722a50fcae570a68db1af8a967b51959654f2069ab3bbc713cc135fb0db3382,val,1
ae9611be6bd3eb7cd5b83a7774eb38_big_gallery.jpeg,_NORMAL T2,dc242195ead00c7178718b8a637de74924abc9ba1275bbf5338c0aa5a8659818,val,1
f63db7e2a644c6d658698abba092b7_big_gallery.jpeg,_NORMAL T2,c5ee4af044960d1c817d9c44dc0d1d193a8c13c0ab6ccb0e437937c27c181a1f,val,1
79a1ce3974d3f08edd468b78524811_big_gallery.jpeg,_NORMAL T2,a588ee5eb5e8b564f9f7e42b1986e19583fd8c081778869534c0d47c1bb8f373,val,1
beecf0ef37a69dda10fc53ac9e04da_big_gallery.jpeg,_NORMAL T2,e61fe1fa8a73018786ed47e8941e32cdf8a09989fac7ea63f825dbe5ead7a855,val,1
4a00b3311bb014944bde02f18b51f9_big_gallery.jpeg,_NORMAL T2,fd091a01eb6947879ec2653b9b58f67a7d5953599d6861bf1dd4b12bffbfa7f5,val,1
920be8b0da561e245f108c5d026bb8_big_gallery.jpeg,_NORMAL T2,7ad5199fc501015fadfab4e479fd49eea5463863ff0119c2e96fcf0f892aa69e,val,1
1159c5b207e2dd288f8c5abaf31267_big_gallery.jpeg,_NORMAL T2,adabb0eee2b6ac5d3a95a22e2d789cf22f5f8d51056f7d5ad6871ef2aa786611,val,1
15da6a6d5bad5b468bad1bf5693dbe_big_gallery.jpeg,_NORMAL T2,8285c0389433e738b484a44528a18524254d03900b32a3fee10141e81c18d3f9,val,1
90ca102c87be4f399f8266ce6d96d6_big_gallery.jpeg,_NORMAL T2,99bd0a0df79899e9ae24f74c9daa42556f501516bf6d43c793aec8b53b56d76c,val,1
9d4065388c9b37afe532e00c684f3b_big_gallery.jpeg,_NORMAL T2,3a8aafe10113bdf54b890a7af305df91f5e360a95225acbb9284753006c66dc9,val,1
adbca6b685454a02cb77cd98108729_big_gallery.jpeg,_NORMAL T2,c2381eb4fd86a1fec6053bb22bf9e1a76d9a764f2a6659bee118670ad1fbd9b2,val,1
2022-06-10 17_13_09-Normal MRI head - 3-years-old _ Radiology Case _ Radiopaedia.org.jpg,_NORMAL T2,5dee7a34144e9514bb86d1da6f59454997c980df847b823a2b4897113642f6da,val,1
0c8c2658ce6f072ec207823e75f7c7_big_gallery.jpeg,_NORMAL T2,c0ce1cbec115695ee574205f335cfb1d8e906f8d917a8bae281dbab32953bc33,val,1
80c046eb16d720b0c51c6bbc0969ee_big_gallery.jpeg,_NORMAL T2,a915222058b4af124e23dbb2f1206741c43ddb46baf4acf136b57bb43f55340d,val,1
372807f1fe3194c819f0df6deff3ff_big_gallery.jpeg,_NORMAL T2,923c4698be65fb6158727fccdcceff4bf173a13c94f07ffce2674e4f66909a93,val,1
c978ef31d96441f7f3cf88eb3fa32c_big_gallery.jpeg,_NORMAL T2,476395e5b80e56c611cd461030c09b2f814a939ce66ac6e0e04eff054982810c,val,1
2c0b0071b721194f819e32624a9c97_big_gallery.jpeg,_NORMAL T2,2aba80c6a8197a4dd2bedd77d188d3a5396896ed32e38e2a7716cf59b8b56d4c,val,1
dc2d77f74d06be6883ee7feb199c6a_big_gallery.jpeg,_NORMAL T2,06a00f00f9ee82ea48ac010f63cf3e98f9c85dd4d2621f71455099c9a22e063b,test,1
64ee4762dc0d2e0ca0333f466f69a5_big_gallery.jpeg,_NORMAL T2,236d8cb58289820d50d3e88191fe351a6504e2100e2c52af59d365e72564d176,test,1
5fdaf5ee194e97df8f938149000c11_big_gallery.jpeg,_NORMAL T2,9661bd892e34cc5af7923ea0d83491a15f0d09d7cd5268da6e6b5ecf85eec01c,test,1
f7719d22da122b98bfbda305940ed2_big_gallery.jpeg,_NORMAL T2,885177fed72fe3ba31ca399964755b58bc048b4e87bf46fdebb0fe7d07b22f01,test,1
0a7d683c5c79a4e89628b92e990cbe_big_gallery.jpeg,_NORMAL T2,be40ef105fea844af5501c33847a2e8e9ef6da9a40e591ff591fa019293adb56,test,1
615a26e1441ebfb9b81636d10ae4ec_big_gallery.jpeg,_NORMAL T2,a376c3ef2a4805426561410b0d79d6930944d77c32fde1eadabf935986adaa0a,test,1
df5c8130644c88d5001d3bd0f96bd1_big_gallery.jpeg,_NORMAL T2,a28d3c880cc365595f30b3a51b95be4cb95f8a868928700ba774c474b43dcb07,test,1
de952fae9dcff7eb07abb6d803b515_big_gallery.jpeg,_NORMAL T2,57399e70f08b7da208708ab9c708707536fc70f6f2dcdfe718243f0c0194902f,test,1
4f850e11cb15d06b5ae61a19432203_big_gallery.jpeg,_NORMAL T2,b8c4416b184ec00c35100c83eeca6dbb233629ec9e2d0b4e226dfa09c6ff0d00,test,1
d6a53beaaebd37b38510ea2869f845_big_gallery.jpeg,_NORMAL T2,23ddd375610db725893cb12580723dcde4a9156ddf47ccd34a8622d7de35c08d,test,1
4d2cab2574ff9c02462d33c7d63762_big_gallery.jpeg,_NORMAL T2,2bd421b20bcd5ff355ac65ad157b5b7bbbb507d87989a07a7573c77a7c6e85a7,test,1
20517579760f422101266f0a37d72e_big_gallery.jpeg,_NORMAL T2,536b6d77b01c78bc4a629a13c0bd9de173cb24b90cffb61c5542c6d59b845974,test,1
5374e71b3696a3a6ff991cba2a9095_big_gallery.jpeg,_NORMAL T2,820502bb9951e822c43906db1f2ff357f3dcf4b0b65703754d80cf964c0da249,test,1
7c74473b50d5e9a4ff9fbc496e3e13_big_gallery.jpeg,_NORMAL T2,8dc4e27257fea4de12444635e2ca285b2fd808affd452e00740277c12e1f3f3e,test,1
8d68cf6be3d8f1eefdd1e96afa7a7b_big_gallery.jpeg,_NORMAL T2,6bb4636700283f3d2232bc3b3f9a13e8b7f3153b5b52ca9a7fa3fcb75fab818d,test,1
155c84730b33917d3fd382426cd2c6_big_gallery.jpeg,_NORMAL T2,0c2dfb35cee2db309d7a8325b1960b7aae1fb551d8df44eacaed4eb880953241,test,1
363024ecd89251ccc221453d05450a_big_gallery.jpeg,_NORMAL T2,c50796d885493972bc4f0f8f69840497ceba0eab86da763dd3e8318ed884a07d,test,1
9094621933149f198515d43ef1b886_big_gallery.jpeg,_NORMAL T2,d152e7cf87abb787926cdc1d53f16262e9ca0de8f9c9a170af9d522f2c71966f,test,1
d97e9f303622b63d0b6c72ceb0f468_big_gallery.jpeg,_NORMAL T2,a7ac7be1f032382598d81df82d5876f6d2e6c73743e4d6cf3aa475a7fb1aa56f,test,1
6f4f7d363f0e241d0d84ac86f8efe8_big_gallery.jpeg,_NORMAL T2,d17d80e773c8400fff9c26622e3d2daaaf0352dbde8a2009f12a3b95f0c4a2ac,test,1
6739b8f05c75b4cdd8b3a28a2cfe9f_big_gallery.jpeg,_NORMAL T2,88b499cc678ed71700166000ad92ff690ce8b5fa54350000cbac574570d6fa4d,test,1
5412314a71ece537518e8596d45508_big_gallery.jpeg,_NORMAL T2,0d7ddcdb291b353ca4a96f966032e9714411927911229b8d72b43504a34d3339,test,1
b91a86c716a72300ac2df2fe4b5de2_big_gallery.jpeg,_NORMAL T2,2e41fc25f9a4dc454c88f16cb9ef1d8de5b83b7f0ce7b6f915192ee38cc035e9,test,1
ff246a27340a9879e5a8fa4726e205_big_gallery.jpeg,_NORMAL T2,12e450eac9f5979bd6141e31689670dd9e288e400e9ea6f3f4af2531adb9f7f1,test,1
1e89969219f97453582ca5e3822efb_big_gallery.jpeg,_NORMAL T2,08a2ab2a4f10d1d9edab986c642e9655966653e13837c27eeab8f3eb00dafb6e,test,1
caaadda178bc3b7af62c7a34a13d11_big_gallery.jpeg,_NORMAL T2,3ad3c10ab347653ed0902a3357716bacc775d40cdb16c33ba661021c1fdae990,test,1
e040f962beacc89d2d39b121850b72_big_gallery.jpeg,_NORMAL T2,481d0cd1560a742398e9caad3e716b34f49e748f48e3912c74a3b35773fcd092,test,1
2022-06-10 17_13_28-Normal MRI head - 3-years-old _ Radiology Case _ Radiopaedia.org.jpg,_NORMAL T2,79613251cbfdf1903ecef07b5bbe3553fe2682901935d6fbfba455dce4fd6332,test,1
841129745aa400a33990b515a1275e_big_gallery.jpeg,_NORMAL T2,ddcb982128eccac38ff277fb39f7072e44fea12901e027d45c7be00f7d4aa3c2,test,1
46e176a22414929b51487f074cd111_big_gallery.jpeg,_NORMAL T2,b1a4ccba96338663efb598abc1037ef08d59fc56fa4dc5070bb88f1fabba322d,test,1
567e0e73837fec72a432f314124c88_big_gallery.jpeg,_NORMAL T2,94147d89280c62950bb84004f6b7e2cb495858b6b214ae0598ab33152e5c4cec,test,1
0c04a1f73fa4666cfeb3c0f4ef272f_big_gallery.jpeg,_NORMAL T2,a88e1f6df21f1cb46c4241cb3b877147c83f8dc07dedc2a0de0fbeb02780b980,test,1
2188a396cc6ca588e6e462c519df73_big_gallery.jpeg,_NORMAL T2,f6fd12fe7526998656a57f0c8e46109f30faef9dbb2db40ac67fbc433120c982,test,1
55162aa2984b981cfd08e432b0531e_big_gallery.jpeg,_NORMAL T2,822cef7c6741ab2115380571c2616fe7a54c316101d070d05abd9e37d0855b48,test,1
e2c977db444a894dfeac574f34ee15_big_gallery.jpeg,_NORMAL T2,0701998a2ae53ad561bd90efe856366f03d37ee00f3d55c524d1251508e39c42,test,1
853621bec2f97e42a46017f6508d90_big_gallery.jpeg,_NORMAL T2,d50c5de85b3341e32b102a33342ff9085e81cf58fb6833b2d04e6828f92aff54,test,1
2022-06-10 17_13_44-Normal MRI head - 3-years-old _ Radiology Case _ Radiopaedia.org.jpg,_NORMAL T2,56d7ca803ac7c71f366a4d6b6bc4483ccda6b3105d8d127cc44c5de4b959cdc8,test,1
cbba53364a43e7e63914ad0269cae4_big_gallery.jpeg,_NORMAL T2,f92eca2e15e9333f42dd54b339e4cbf257643b221fb360c796f825159ae296d4,test,1
02e7d2ead4cde2cb075b86925f2813_big_gallery.jpeg,_NORMAL T2,caea98531e0e088900fffb17d2e2331a5ec7dbeaab17c08c3bc3f0fa358da2da,test,1
a615a6198c0f3c7eaaaf866c148e0d_big_gallery.jpeg,_NORMAL T2,93e7e36261d3b44d9120dd6a05b6d004dc398261ce0d166945bbd0da6678d4ed,test,1
198e0068e17899062e38319096a615_big_gallery.jpeg,_NORMAL T2,245e1fe6e15eb497bea3ce75a6d75f0775a9fc22b628a70a9c1bc7227014f860,test,1
4291d1bc3448e6902b5b593193f0d9_big_gallery.jpeg,_NORMAL T2,8fede56d11f314a1aabd62a4877dfd49c16afe7d59c3295ada4861418668ba9d,test,1
